s2_ordinal	s2_mask	post_core_mask	F	proved_mask	complete	wall_ms	cpu_ms	cells	outside_cells	disk_tests	center_membership_tests	node_tests	corner_tests	corner_evals	lb_tests	credited_nodes	credited_sites	excluded_nodes	leaf_ambiguous	splits	frontier_copies	point_tests	fixed_centers	fixed_refutations	gate_nodes	gate_sites	exclude_gate_nodes	exclude_gate_sites	gate_ms
173	2	2	9	0	1	0.194	0.194	20	9	20	18	181	181	5792	174	7	9	56	44	74	66	9087	8	0	7	9	0	0	0.003
196	6	0	15	6	1	0.381	0.381	25	12	50	31	457	457	14624	441	16	22	126	85	230	212	14886	15	0	16	22	3	4	0.006
236	2	0	49	2	1	2.097	0.298	29	14	29	20	680	680	21760	664	16	43	220	70	374	304	952	10	0	16	43	4	22	0.014
472	6	6	17	6	1	0.825	0.826	53	14	102	97	1930	1930	61760	1881	49	87	574	468	839	1976	10753	60	0	49	87	17	62	0.031
521	2	0	41	2	1	0.297	0.297	29	14	29	18	691	691	22112	672	19	40	197	94	381	420	2311	10	0	19	40	2	2	0.009
558	4	4	41	0	1	0.128	0.129	27	12	27	42	313	313	10016	305	8	8	125	104	76	299	996	13	0	8	8	4	4	0.003
577	2	0	47	2	1	0.267	0.268	25	13	25	17	522	522	16704	508	14	19	124	63	321	212	5483	7	0	14	19	3	13	0.007
672	2	2	46	2	1	1.198	0.720	41	18	41	39	1373	1373	43936	1339	34	72	445	204	690	1020	15694	18	0	34	72	9	28	0.022
676	6	6	45	4	1	1.074	1.075	53	14	63	77	1672	1672	53504	1627	45	103	580	283	764	1044	33958	38	0	45	103	26	128	0.046
689	6	0	51	6	1	0.610	0.610	37	14	66	58	860	860	27520	828	32	44	263	98	467	1048	20969	28	0	32	44	9	65	0.021
927	4	4	53	0	1	0.218	0.218	21	8	21	25	383	383	12256	376	7	14	104	115	157	160	5558	9	0	7	14	3	4	0.004
932	4	4	34	4	1	0.454	0.455	41	16	41	48	721	721	23072	687	34	50	172	275	240	668	12083	20	0	34	50	4	17	0.015
963	6	0	8	6	1	0.388	0.388	37	14	66	52	445	445	14240	416	29	33	117	130	169	360	17011	28	0	29	33	3	9	0.009
992	6	6	9	0	1	0.597	0.597	49	8	64	69	600	600	19200	557	43	43	170	270	117	609	26863	43	0	43	43	5	5	0.012
1035	6	6	13	0	1	0.193	0.193	25	14	33	38	230	230	7360	225	5	5	80	85	60	247	8229	11	2	5	5	4	4	0.002
1048	6	6	24	0	1	0.804	0.805	53	12	90	85	855	855	27360	809	46	67	241	274	294	521	34873	54	0	46	67	7	52	0.024
1144	6	6	2	0	1	0.038	0.037	6	3	12	8	0	0	0	0	0	0	0	0	0	5	2576	2	2	0	0	0	0	0.000
1191	2	2	8	0	1	0.124	0.124	24	13	24	34	120	120	3840	115	5	5	36	38	41	96	5668	9	0	5	5	0	0	0.001
1223	6	6	4	0	1	0.036	0.036	6	3	12	8	0	0	0	0	0	0	0	0	0	5	2576	2	2	0	0	0	0	0.000
1486	6	6	6	0	1	0.333	0.334	28	7	51	45	186	186	5952	159	27	27	42	64	53	105	20042	31	0	27	27	1	8	0.008
1764	4	0	8	4	1	0.258	0.258	29	12	29	22	520	520	16640	504	16	18	176	92	236	204	2833	12	0	16	18	4	50	0.013
1962	6	6	19	0	1	0.625	0.625	58	16	79	76	1350	1350	43200	1305	45	55	467	354	484	1098	10456	46	0	45	55	9	42	0.020
2317	6	6	2	0	1	0.037	0.037	6	3	12	8	0	0	0	0	0	0	0	0	0	5	2576	2	2	0	0	0	0	0.000
2477	6	2	7	6	1	0.636	0.637	57	14	86	106	1020	1020	32640	966	54	55	341	185	440	420	17768	45	0	54	55	9	60	0.042
2480	6	6	13	0	1	0.140	0.141	25	15	36	40	162	162	5184	159	3	3	60	47	52	133	6162	11	2	3	3	4	9	0.002
2674	2	2	72	2	1	0.847	0.847	65	29	65	47	2013	2013	64416	1970	43	60	408	1054	508	3012	9978	31	0	43	60	12	12	0.017
2679	2	2	11	0	1	0.419	0.420	33	13	33	43	995	995	31840	972	23	29	265	327	380	971	5695	16	0	23	29	3	3	0.008
2706	6	6	44	0	1	0.369	0.369	28	9	49	60	709	709	22688	695	14	20	205	249	241	633	7925	22	0	14	20	4	5	0.006
2733	2	2	9	2	1	0.446	0.446	37	15	37	29	1053	1053	33696	1036	17	32	219	299	518	1124	5967	17	0	17	32	4	6	0.009
2832	4	0	94	4	1	0.448	0.449	37	13	37	47	1019	1019	32608	986	33	56	239	195	552	888	4329	16	0	33	56	4	11	0.015
2871	4	0	47	4	1	0.118	0.118	21	12	21	10	272	272	8704	268	4	14	74	8	186	20	1268	4	0	4	14	1	5	0.004
2909	4	0	131	4	1	0.186	0.186	25	12	25	18	414	414	13248	406	8	17	96	34	276	260	2524	8	0	8	17	3	13	0.006
2923	6	0	59	6	1	0.473	0.474	33	13	62	56	874	874	27968	852	22	61	264	112	476	628	10614	25	0	22	61	8	71	0.025
2994	4	4	7	4	1	0.260	0.260	45	18	45	36	570	570	18240	539	31	34	174	130	235	420	1302	22	0	31	34	9	52	0.017
3038	6	0	13	6	1	0.146	0.146	21	12	42	20	340	340	10880	330	10	20	82	26	222	20	708	8	0	10	20	3	34	0.010
3092	2	0	13	2	1	0.358	0.358	33	16	33	20	498	498	15936	481	17	23	133	87	261	468	12893	12	0	17	23	3	26	0.010
3235	6	6	6	4	1	1.061	1.061	80	17	100	96	981	981	31392	912	69	70	340	290	282	808	51310	66	0	69	70	10	12	0.019
3607	2	0	31	2	1	0.162	0.162	21	12	21	10	284	284	9088	276	8	28	58	8	210	20	3020	4	0	8	28	3	20	0.009
3625	6	0	20	6	1	0.440	0.440	29	14	54	35	568	568	18176	554	14	34	136	119	299	480	16309	17	0	14	34	2	15	0.028
3761	4	0	6	4	1	0.537	0.509	37	12	37	38	793	793	25376	763	30	33	305	128	330	676	15980	20	0	30	33	10	23	0.012
4303	6	6	10	6	1	1.117	1.117	57	18	98	92	1080	1080	34560	1027	53	66	365	283	379	1200	52704	54	0	53	66	8	22	0.020
4337	4	0	31	4	1	0.441	0.440	37	13	37	39	844	844	27008	814	30	34	300	107	407	688	10391	18	0	30	34	8	13	0.011
4342	2	0	42	2	1	0.285	0.285	29	14	29	18	568	568	18176	546	22	29	173	27	346	408	5714	10	0	22	29	2	2	0.007
4377	6	0	33	6	1	0.235	0.235	21	12	42	20	251	251	8032	244	7	25	48	14	182	20	9144	8	0	7	25	1	3	0.006
4403	6	6	4	0	1	0.036	0.036	6	3	12	8	0	0	0	0	0	0	0	0	0	5	2576	2	2	0	0	0	0	0.000
4410	4	0	9	4	1	0.424	0.423	29	12	29	26	640	640	20480	614	26	30	219	133	262	404	14040	12	0	26	30	6	26	0.012
4440	6	6	19	6	1	0.615	0.616	45	19	74	48	609	609	19488	578	31	36	146	215	217	692	28017	30	0	31	36	4	9	0.010
4468	4	0	7	4	1	0.122	0.122	21	12	21	10	168	168	5376	160	8	12	59	10	91	20	3836	4	0	8	12	2	32	0.008
4522	6	6	6	0	1	0.474	0.474	20	3	40	49	296	296	9472	272	24	24	62	153	57	379	27925	29	0	24	24	0	0	0.006
4547	2	2	15	2	1	0.339	0.339	33	16	33	26	771	771	24672	753	18	24	221	92	440	636	2498	12	0	18	24	5	49	0.014
4639	4	4	32	4	1	0.550	0.549	57	20	57	61	1045	1045	33440	1006	39	58	337	307	362	852	12814	32	0	39	58	14	46	0.021
4915	4	4	17	4	1	0.343	0.344	53	25	53	33	685	685	21920	661	24	30	221	210	230	552	6892	23	0	24	30	3	3	0.008
5110	6	6	2	0	1	0.052	0.053	6	3	12	8	0	0	0	0	0	0	0	0	0	5	2576	2	2	0	0	0	0	0.000
5335	2	0	8	2	1	0.159	0.159	29	14	29	27	301	301	9632	284	17	20	71	71	142	148	2957	10	0	17	20	2	30	0.010
5498	2	0	7	2	1	0.437	0.437	49	24	49	29	605	605	19360	570	35	39	164	202	204	456	16152	20	0	35	39	5	41	0.016
5532	6	6	5	0	1	0.226	0.226	20	3	26	28	130	130	4160	118	12	12	39	48	31	107	13467	16	1	12	12	1	1	0.003
5599	6	6	10	0	1	0.341	0.341	24	9	42	49	404	404	12928	392	12	16	118	109	165	149	13902	17	0	12	16	1	5	0.005
5603	6	6	5	0	1	0.073	0.073	7	3	13	12	79	79	2528	79	0	0	26	14	39	19	3394	3	2	0	0	0	0	0.000
5644	2	0	22	2	1	0.147	0.147	21	12	21	10	274	274	8768	266	8	16	78	16	172	20	3564	4	0	8	16	2	13	0.006
5660	6	6	2	0	1	0.034	0.034	6	3	12	8	0	0	0	0	0	0	0	0	0	5	2576	2	2	0	0	0	0	0.000
5687	4	4	22	4	1	0.453	0.454	45	17	45	39	532	532	17024	508	24	30	144	172	192	676	19389	23	0	24	30	3	47	0.015
5737	2	2	10	2	1	0.533	0.533	41	14	41	38	762	762	24384	731	31	31	183	303	245	740	19452	22	0	31	31	8	36	0.014
5743	2	2	9	2	1	0.697	0.674	49	15	49	45	868	868	27776	830	38	39	215	371	244	904	26035	29	0	38	39	7	20	0.013
5765	2	2	9	0	1	0.066	0.065	11	6	11	12	55	55	1760	52	3	3	16	13	23	36	3103	3	1	3	3	1	1	0.001
6000	6	6	3	0	1	0.034	0.034	6	3	12	8	0	0	0	0	0	0	0	0	0	5	2576	2	2	0	0	0	0	0.000
6004	6	6	4	0	1	0.073	0.073	14	9	20	18	100	100	3200	98	2	4	36	13	49	57	2576	2	2	2	4	1	12	0.003
6196	2	2	16	0	1	0.309	0.309	25	7	25	22	357	357	11424	340	17	19	85	122	133	215	12987	14	0	17	19	4	28	0.009
6236	6	6	4	0	1	0.035	0.035	6	3	12	8	0	0	0	0	0	0	0	0	0	5	2576	2	2	0	0	0	0	0.000
6384	6	6	3	0	1	0.035	0.035	6	3	12	8	0	0	0	0	0	0	0	0	0	5	2576	2	2	0	0	0	0	0.000
6404	4	4	10	4	1	0.265	0.266	29	12	29	28	466	466	14912	450	16	22	141	54	255	280	5516	12	0	16	22	3	14	0.008
6426	6	6	16	4	1	4.256	1.253	65	19	76	96	1984	1984	63488	1939	45	72	712	395	832	2140	41969	45	1	45	72	27	39	0.025
6433	4	0	33	4	1	0.767	0.767	37	12	37	38	1469	1469	47008	1433	36	92	516	189	728	784	17685	20	0	36	92	11	52	0.029
6523	6	0	35	6	1	0.481	0.481	33	12	66	62	934	934	29888	913	21	74	316	82	515	760	11124	29	0	21	74	9	29	0.021
6526	6	0	67	6	1	0.282	0.282	25	12	50	35	536	536	17152	527	9	41	163	30	334	280	5859	15	0	9	41	7	65	0.020
6669	4	0	35	4	1	0.411	0.412	33	12	33	32	805	805	25760	779	26	54	230	112	437	648	7162	16	0	26	54	12	61	0.022
6673	4	4	49	4	1	0.457	0.457	37	12	37	32	908	908	29056	883	25	75	256	142	485	968	9480	20	0	25	75	7	26	0.021
6843	6	0	34	6	1	0.500	0.501	33	12	66	68	788	788	25216	762	26	39	237	127	398	612	14584	28	0	26	39	5	37	0.015
6871	2	0	21	2	1	0.377	0.378	37	19	37	36	660	660	21120	638	22	34	206	141	291	492	8899	13	0	22	34	14	98	0.024
6918	6	6	10	0	1	0.121	0.120	18	10	25	28	124	124	3968	123	1	2	42	35	46	90	5686	7	1	1	2	2	2	0.001
7165	2	0	7	2	1	0.439	0.440	37	15	37	38	514	514	16448	487	27	28	163	117	207	204	16919	17	0	27	28	7	16	0.010
7286	4	0	8	4	1	0.364	0.365	29	12	29	26	561	561	17952	543	18	18	170	92	281	312	12458	12	0	18	18	4	13	0.007
7326	6	6	7	4	1	0.938	0.939	66	16	72	77	840	840	26880	785	55	56	254	268	263	589	47037	45	0	55	56	8	20	0.017
7552	6	2	10	4	1	0.793	0.793	46	13	73	55	634	634	20288	601	33	37	185	213	203	398	41363	41	0	33	37	8	35	0.015
7590	4	0	8	4	1	0.314	0.314	25	10	25	28	548	548	17536	532	16	22	188	60	284	56	8216	8	0	16	22	4	12	0.007
7801	2	2	6	0	1	0.060	0.061	8	4	8	8	73	73	2336	71	2	2	26	9	36	23	2315	2	1	2	2	0	0	0.000
7949	2	2	8	0	1	0.111	0.111	11	6	11	12	177	177	5664	176	1	2	67	31	78	132	3554	3	1	1	2	1	1	0.001
7986	2	0	19	2	1	0.295	0.295	29	15	29	19	412	412	13184	399	13	25	90	91	218	464	9098	9	0	13	25	1	3	0.006
8300	6	6	42	4	1	0.654	0.654	53	14	85	77	1005	1005	32160	962	43	48	300	317	345	1108	21830	52	0	43	48	7	33	0.017
8342	6	6	10	4	1	0.713	0.713	52	12	80	82	1255	1255	40160	1210	45	49	425	299	486	1255	18883	52	0	45	49	15	49	0.037
8357	2	0	55	2	1	0.253	0.253	25	13	25	15	562	562	17984	549	13	38	166	43	340	272	3139	7	0	13	38	3	4	0.009
8485	4	0	36	4	1	0.349	0.349	29	12	29	26	456	456	14592	438	18	18	106	57	275	568	13400	12	0	18	18	5	34	0.010
8513	2	0	28	2	1	0.405	0.405	29	14	29	25	621	621	19872	599	22	27	181	93	325	572	11992	10	0	22	27	7	16	0.010
8569	6	0	28	6	1	0.629	0.629	29	12	58	51	786	786	25152	763	23	34	260	147	356	552	26796	22	0	23	34	6	43	0.015
8664	4	4	34	4	1	0.581	0.581	33	12	33	36	855	855	27360	831	24	42	237	222	372	776	19548	16	0	24	42	8	47	0.018
8680	4	4	20	4	1	0.444	0.443	29	12	29	26	716	716	22912	696	20	29	216	151	329	432	15020	12	0	20	29	7	25	0.011
8715	2	0	28	2	1	0.828	0.484	33	15	33	25	940	940	30080	919	21	41	323	133	463	720	9234	13	0	21	41	15	49	0.386
8851	6	2	7	6	1	0.591	0.591	49	14	82	117	1318	1318	42176	1260	58	62	515	178	567	700	6799	34	0	58	62	8	23	0.019
8994	6	6	12	0	1	0.554	0.555	43	7	68	84	1225	1225	39200	1172	53	71	393	336	443	1136	9527	46	0	53	71	11	25	0.021
9047	2	0	13	2	1	0.620	0.621	57	23	57	61	1001	1001	32032	956	45	49	352	242	362	828	18942	29	0	45	49	14	50	0.020
9342	6	6	5	0	1	0.299	0.299	35	13	41	47	269	269	8608	249	20	20	84	79	86	163	15492	20	1	20	20	2	11	0.007
10270	6	6	5	0	1	0.245	0.246	28	8	34	28	326	326	10432	309	17	17	109	91	109	197	9704	18	1	17	17	3	14	0.006
10458	6	6	17	6	1	0.403	0.403	33	14	66	39	598	598	19136	573	25	33	187	157	229	436	13634	27	0	25	33	4	4	0.008
10485	6	6	21	6	1	0.564	0.563	45	16	78	54	909	909	29088	870	39	43	282	276	312	788	19056	38	0	39	43	10	10	0.012
10494	6	0	19	6	1	0.291	0.291	25	12	50	27	499	499	15968	478	21	29	161	87	230	192	7640	15	0	21	29	4	4	0.008
10580	6	6	7	0	1	0.190	0.191	18	7	27	41	246	246	7872	237	9	9	67	94	76	287	7978	12	2	9	9	2	7	0.003
10758	4	0	7	4	1	0.284	0.284	45	22	45	27	279	279	8928	263	16	20	91	58	114	140	14134	18	0	16	20	1	5	0.006
10883	4	0	40	4	1	0.169	0.169	25	12	25	14	388	388	12416	376	12	15	95	35	246	256	1534	8	0	12	15	4	48	0.012
11086	2	2	96	2	1	0.365	0.365	33	16	33	20	850	850	27200	828	22	43	172	254	402	896	3283	12	0	22	43	3	3	0.010
11088	2	2	96	0	1	0.391	0.391	32	11	32	24	938	938	30016	918	20	29	230	292	396	788	4554	16	0	20	29	5	5	0.008
11095	2	2	46	2	1	0.630	0.613	49	22	49	34	1439	1439	46048	1404	35	45	223	610	571	2688	6790	22	0	35	45	3	7	0.012
11113	4	0	90	4	1	0.320	0.320	29	12	29	20	792	792	25344	774	18	30	167	177	430	480	3019	12	0	18	30	3	3	0.007
11135	6	6	45	4	1	0.908	0.909	56	14	75	58	2116	2116	67712	2075	41	52	504	971	600	2875	12939	41	0	41	52	11	12	0.015
11143	6	6	55	0	1	0.655	0.654	39	9	68	55	1398	1398	44736	1371	27	40	405	551	415	1656	11631	39	0	27	40	11	11	0.012
11150	2	2	66	2	1	0.610	0.610	49	19	49	39	1503	1503	48096	1468	35	53	296	615	557	2420	7984	24	0	35	53	6	8	0.014
11201	2	0	87	2	1	0.119	0.118	21	12	21	10	296	296	9472	286	10	20	73	13	200	20	420	4	0	10	20	2	19	0.008
11436	6	6	6	0	1	0.385	0.363	35	15	43	59	282	282	9024	273	9	10	88	122	63	300	19218	18	0	9	10	6	8	0.004
11501	6	2	7	6	1	0.183	0.183	57	20	90	64	335	335	10720	297	38	41	99	83	115	224	3467	45	0	38	41	3	8	0.011
11701	4	4	42	4	1	0.287	0.189	25	12	25	14	335	335	10720	324	11	25	82	62	180	196	4714	8	0	11	25	2	28	0.010
11709	2	2	51	2	1	0.267	0.267	29	13	29	25	480	480	15360	461	19	34	124	129	208	396	5910	10	0	19	34	2	8	0.009
11714	2	2	50	2	1	0.399	0.400	41	18	41	28	757	757	24224	732	25	39	181	286	265	932	10666	18	0	25	39	3	7	0.010
11873	6	0	44	6	1	0.467	0.467	33	12	66	58	715	715	22880	677	38	47	186	177	314	548	16639	29	0	38	47	2	2	0.011
12050	4	0	19	4	1	0.409	0.360	29	12	29	28	648	648	20736	629	19	24	191	61	377	576	8822	12	0	19	24	4	4	0.006
12069	6	0	29	6	1	0.658	0.657	37	14	66	63	961	961	30752	928	33	35	283	128	517	812	24825	28	0	33	35	10	35	0.015
12181	2	0	43	2	1	0.296	0.296	25	13	25	15	470	470	15040	449	21	22	97	35	317	380	7911	7	0	21	22	1	6	0.006
12193	2	0	37	2	1	0.269	0.269	25	13	25	15	471	471	15072	450	21	29	100	36	314	380	7965	7	0	21	29	1	6	0.008
12198	2	0	51	2	1	0.254	0.255	25	13	25	15	439	439	14048	419	20	29	90	33	296	388	7976	7	0	20	29	1	6	0.008
12261	6	6	6	0	1	0.346	0.345	18	5	26	30	536	536	17152	525	11	12	223	132	170	415	10783	13	1	11	12	10	11	0.005
12294	4	4	45	0	1	0.292	0.292	36	18	36	52	381	381	12192	368	13	13	142	116	110	384	12322	16	0	13	13	4	18	0.006
12300	4	4	42	4	1	2.055	0.496	37	14	37	40	905	905	28960	876	29	46	308	162	406	660	12713	18	0	29	46	8	33	0.017
12445	4	0	12	4	1	0.122	0.123	21	12	21	10	299	299	9568	292	7	12	86	12	194	20	424	4	0	7	12	5	14	0.005
12458	2	2	7	0	1	0.258	0.259	32	10	32	27	635	635	20320	614	21	24	202	159	253	308	1723	17	0	21	24	8	18	0.009
12519	6	2	9	6	1	0.274	0.274	33	12	62	42	584	584	18688	550	34	35	184	135	231	312	2327	26	0	34	35	2	30	0.013
12633	4	4	19	0	1	0.420	0.421	35	11	35	52	836	836	26752	809	27	35	292	161	356	611	8911	19	0	27	35	6	35	0.014
12837	6	6	4	0	1	0.036	0.036	6	3	12	8	0	0	0	0	0	0	0	0	0	5	2576	2	2	0	0	0	0	0.000
13054	4	0	38	4	1	0.294	0.295	25	12	25	18	751	751	24032	735	16	23	161	223	351	352	2132	8	0	16	23	3	3	0.006
13112	4	4	6	0	1	0.182	0.182	35	10	35	35	236	236	7552	209	27	32	58	82	69	140	6699	21	0	27	32	0	0	0.007
13113	4	4	7	0	1	0.142	0.142	32	13	32	29	206	206	6592	188	18	23	54	62	72	124	4500	15	0	18	23	0	0	0.005
13264	4	4	7	0	1	0.151	0.150	27	7	27	28	211	211	6752	197	14	17	67	35	95	92	5368	16	0	14	17	0	0	0.004
13348	6	6	6	0	1	0.099	0.099	21	12	28	32	119	119	3808	117	2	2	41	36	40	98	3826	8	1	2	2	1	2	0.001
13405	6	0	14	6	1	0.278	0.278	33	13	54	45	510	510	16320	489	21	25	140	138	211	344	4795	17	0	21	25	3	3	0.006
13417	6	6	7	0	1	0.139	0.139	19	5	28	45	180	180	5760	170	10	10	53	64	53	165	5545	15	1	10	10	0	0	0.002
13535	4	0	7	4	1	0.158	0.158	25	12	25	14	348	348	11136	333	15	15	113	41	179	80	2168	8	0	15	15	0	0	0.004
13688	2	0	7	2	1	0.199	0.198	29	13	29	21	354	354	11328	336	18	22	117	49	170	108	5111	11	0	18	22	3	9	0.007
14023	4	0	38	4	1	0.246	0.246	29	14	29	20	434	434	13888	414	20	25	117	89	208	320	6490	10	0	20	25	4	11	0.008
14028	2	2	44	0	1	0.367	0.367	33	12	33	29	584	584	18688	556	28	31	154	214	188	567	11170	17	0	28	31	2	2	0.008
14438	6	2	6	4	1	3.259	0.780	58	14	75	73	693	693	22176	643	50	50	243	158	242	432	37420	46	0	50	50	6	9	0.014
14553	6	2	12	6	1	0.806	0.806	41	12	78	78	981	981	31392	940	41	46	337	201	402	780	32564	40	0	41	46	13	55	0.021
14830	6	6	2	0	1	0.035	0.035	6	3	12	8	0	0	0	0	0	0	0	0	0	5	2576	2	2	0	0	0	0	0.000
14881	2	2	6	0	1	0.178	0.178	20	8	20	32	177	177	5664	165	12	12	63	42	60	123	8506	10	0	12	12	0	0	0.003
14884	4	0	8	4	1	0.400	0.400	41	18	41	34	574	574	18368	549	25	27	214	104	231	228	13277	16	0	25	27	4	10	0.008
15038	4	4	18	0	1	0.115	0.115	26	13	26	38	269	269	8608	263	6	6	108	81	74	243	1429	11	0	6	6	1	1	0.002
15096	4	0	17	4	1	0.222	0.221	29	12	29	26	551	551	17632	532	19	21	138	77	317	364	1514	12	0	19	21	7	8	0.007
15412	6	6	3	0	1	0.035	0.035	6	3	12	8	0	0	0	0	0	0	0	0	0	5	2576	2	2	0	0	0	0	0.000
15450	6	6	10	0	1	0.594	0.594	30	5	46	75	383	383	12256	359	24	24	118	174	67	384	33651	29	0	24	24	2	2	0.006
15607	4	4	13	4	1	0.357	0.357	41	14	41	50	672	672	21504	642	30	34	215	164	263	352	8709	22	0	30	34	3	3	0.009
15868	2	2	17	0	1	0.623	0.624	45	11	45	41	900	900	28800	872	28	43	294	202	376	879	21925	29	0	28	43	15	22	0.014
15916	4	4	7	0	1	0.359	0.358	37	13	37	36	456	456	14592	439	17	18	154	99	186	182	14820	20	0	17	18	9	11	0.007
15926	6	2	13	6	1	0.904	0.891	45	12	86	83	1209	1209	38688	1160	49	59	417	254	489	1064	34563	46	0	49	59	11	39	0.021
16297	6	2	7	4	1	0.636	0.636	49	16	56	82	675	675	21600	643	32	37	163	187	293	436	29461	24	1	32	37	5	22	0.013
16326	2	2	6	0	1	0.137	0.136	18	11	18	20	90	90	2880	89	1	3	28	30	31	76	6175	5	0	1	3	0	0	0.001
16551	4	0	17	4	1	0.409	0.410	33	12	33	32	632	632	20224	613	19	22	201	100	312	540	13598	16	0	19	22	5	10	0.007
16589	2	2	7	2	1	0.503	0.504	37	15	37	34	808	808	25856	776	32	38	306	150	320	556	14578	17	0	32	38	11	18	0.012
16672	6	6	4	0	1	0.036	0.036	6	3	12	8	0	0	0	0	0	0	0	0	0	5	2576	2	2	0	0	0	0	0.000
16698	6	6	5	0	1	0.195	0.196	18	5	24	28	136	136	4352	128	8	8	40	46	42	88	10885	12	1	8	8	0	0	0.002
17012	6	6	8	0	1	0.440	0.440	33	5	41	47	281	281	8992	263	18	19	89	109	65	270	25506	28	1	18	19	3	3	0.005
17121	6	6	5	0	1	0.158	0.157	21	12	27	28	70	70	2240	65	5	5	17	30	18	90	9724	8	2	5	5	1	1	0.001
17273	6	0	28	6	1	0.392	0.392	25	12	50	27	471	471	15072	456	15	22	83	71	302	316	16565	15	0	15	22	0	0	0.005
17481	6	6	62	6	1	0.975	0.975	53	15	102	105	2307	2307	73824	2232	75	169	795	508	929	1944	10009	63	0	75	169	25	90	0.053
17489	6	6	52	6	1	1.496	1.488	93	27	150	164	3599	3599	115168	3496	103	192	1154	994	1348	4224	15411	91	0	103	192	34	108	0.062
17495	4	4	59	0	1	0.115	0.114	19	12	19	20	277	277	8864	276	1	1	102	65	109	253	1095	5	0	1	1	4	20	0.004
17533	4	4	46	4	1	0.677	0.677	53	13	53	63	1385	1385	44320	1350	35	81	458	275	617	1592	11689	35	0	35	81	17	96	0.034
17679	4	4	8	0	1	0.111	0.112	19	12	19	20	223	223	7136	221	2	2	74	68	79	222	2249	5	0	2	2	1	1	0.001
17845	6	6	5	0	1	0.085	0.085	11	3	17	24	88	88	2816	82	6	6	26	28	28	42	3632	7	2	6	6	0	0	0.002
17979	4	0	26	4	1	0.317	0.318	29	12	29	22	699	699	22368	676	23	35	151	172	353	540	3539	12	0	23	35	2	6	0.009
18001	6	6	8	0	1	1.092	1.093	75	10	116	121	2041	2041	65312	1968	73	88	656	727	585	2771	27732	85	0	73	88	20	23	0.025
18038	2	0	60	2	1	0.277	0.277	29	14	29	18	680	680	21760	663	17	28	142	141	380	484	2564	10	0	17	28	3	8	0.008
18056	6	6	43	4	1	0.640	0.640	53	16	66	49	1440	1440	46080	1404	36	42	413	502	489	2088	9926	36	0	36	42	13	22	0.014
18295	6	6	3	0	1	0.035	0.035	6	3	12	8	0	0	0	0	0	0	0	0	0	5	2576	2	2	0	0	0	0	0.000
18779	6	6	4	0	1	0.035	0.035	6	3	12	8	0	0	0	0	0	0	0	0	0	5	2576	2	2	0	0	0	0	0.000
18823	2	0	8	2	1	0.105	0.105	41	21	41	24	227	227	7264	211	16	24	79	39	93	112	837	15	0	16	24	2	6	0.007
18940	6	2	8	4	1	0.193	0.193	39	20	45	58	453	453	14496	435	18	20	145	85	205	199	1702	11	0	18	20	4	5	0.006
18944	6	6	2	0	1	0.035	0.035	6	3	12	8	0	0	0	0	0	0	0	0	0	5	2576	2	2	0	0	0	0	0.000
19207	6	6	19	6	1	0.556	0.557	45	16	78	90	835	835	26720	789	46	53	232	226	331	816	17477	37	0	46	53	2	14	0.015
19267	6	6	4	0	1	0.035	0.036	6	3	12	8	0	0	0	0	0	0	0	0	0	5	2576	2	2	0	0	0	0	0.000
19435	6	6	5	0	1	0.096	0.096	17	10	23	24	112	112	3584	110	2	2	38	30	42	64	4114	6	1	2	2	0	0	0.000
19533	6	6	6	0	1	0.767	0.767	71	13	81	92	901	901	28832	847	54	55	311	227	309	853	32500	57	0	54	55	9	23	0.018
19688	2	2	7	0	1	0.075	0.075	8	4	8	8	128	128	4096	127	1	2	36	3	88	109	1972	2	1	1	2	1	1	0.001
20031	6	0	18	6	1	0.522	0.522	41	13	78	63	866	866	27712	826	40	41	320	155	351	668	15971	39	0	40	41	8	49	0.018
20234	6	2	38	6	1	0.505	0.506	37	12	66	46	1114	1114	35648	1080	34	41	261	335	484	1032	7658	30	0	34	41	6	16	0.013
20428	2	2	33	0	1	0.290	0.290	27	9	27	19	509	509	16288	495	14	21	119	123	253	298	8265	13	0	14	21	3	9	0.007
20534	6	0	12	6	1	0.343	0.343	37	14	70	63	754	754	24128	720	34	38	264	144	312	560	5024	33	0	34	38	8	36	0.015
20546	6	6	5	0	1	0.077	0.077	13	6	19	20	90	90	2880	87	3	3	33	19	35	42	3220	6	2	3	3	1	1	0.001
20549	6	6	6	0	1	0.066	0.065	8	3	15	16	75	75	2400	73	2	2	27	9	37	23	2878	4	2	2	2	1	1	0.001
20567	6	6	7	0	1	0.232	0.232	42	7	56	56	381	381	12192	351	30	31	99	163	89	317	5426	37	0	30	31	1	1	0.007
20574	6	2	7	6	1	0.204	0.204	33	15	54	35	438	438	14016	418	20	22	167	41	210	124	2846	17	0	20	22	7	20	0.009
20757	6	2	7	4	1	0.355	0.355	46	18	60	79	808	808	25856	775	33	35	302	181	292	418	4402	29	0	33	35	10	36	0.015
21043	6	6	3	0	1	0.035	0.035	6	3	12	8	0	0	0	0	0	0	0	0	0	5	2576	2	2	0	0	0	0	0.000
21131	6	6	6	4	1	0.718	0.719	54	16	60	63	528	528	16896	490	38	39	137	203	150	412	40228	32	0	38	39	2	2	0.010
21236	2	0	8	2	1	0.348	0.348	33	12	33	25	210	210	6720	190	20	25	57	52	81	92	20338	16	0	20	25	4	58	0.015
21338	4	4	8	4	1	0.235	0.235	33	15	33	30	341	341	10912	327	14	18	113	47	167	140	7322	13	0	14	18	0	0	0.004
21430	4	0	39	4	1	0.112	0.112	21	12	21	10	224	224	7168	220	4	28	65	4	151	20	2608	4	0	4	28	0	0	0.006
21436	6	0	49	6	1	0.281	0.281	25	12	50	27	428	428	13696	412	16	36	110	59	243	196	9496	15	0	16	36	1	1	0.008
21652	4	4	8	0	1	0.222	0.222	32	17	32	42	129	129	4128	123	6	6	33	61	29	161	12844	13	0	6	6	2	28	0.006
21679	6	6	8	0	1	0.628	0.628	43	11	66	57	413	413	13216	386	27	34	110	155	121	235	35256	35	0	27	34	4	10	0.010
21694	6	6	2	0	1	0.035	0.036	6	3	12	8	0	0	0	0	0	0	0	0	0	5	2576	2	2	0	0	0	0	0.000
22004	6	6	3	0	1	0.035	0.036	6	3	12	8	0	0	0	0	0	0	0	0	0	5	2576	2	2	0	0	0	0	0.000
22261	2	0	14	2	1	0.171	0.171	21	12	21	10	412	412	13184	400	12	16	111	43	246	20	1516	4	0	12	16	2	7	0.005
22334	4	4	10	0	1	0.225	0.225	26	13	26	38	145	145	4640	138	7	7	35	65	38	160	12914	11	0	7	7	2	2	0.002
22353	6	0	10	6	1	0.417	0.418	33	15	54	42	394	394	12608	374	20	23	99	119	156	188	19833	17	0	20	23	4	4	0.006
22367	4	0	24	4	1	0.519	0.520	49	22	49	54	514	514	16448	486	28	36	120	207	159	452	25600	22	0	28	36	2	7	0.010
22384	4	0	8	4	1	0.306	0.306	25	10	25	26	457	457	14624	436	21	22	132	80	224	104	9292	8	0	21	22	1	1	0.005
22764	6	0	40	6	1	0.115	0.116	21	12	42	20	285	285	9120	272	13	36	60	10	202	20	108	8	0	13	36	2	8	0.009
22917	6	6	5	0	1	0.140	0.140	38	9	44	53	290	290	9280	269	21	21	70	128	71	293	1852	27	1	21	21	0	0	0.005
22924	6	0	11	6	1	0.146	0.146	37	16	62	47	347	347	11104	323	24	26	80	110	133	288	483	23	0	24	26	2	25	0.010
22989	6	6	2	0	1	0.036	0.036	6	3	12	8	0	0	0	0	0	0	0	0	0	5	2576	2	2	0	0	0	0	0.000
23026	6	2	6	4	1	0.172	0.172	38	15	44	36	317	317	10144	292	25	27	89	87	116	181	3424	19	1	25	27	4	27	0.011
23079	6	6	4	0	1	0.036	0.035	6	3	12	8	0	0	0	0	0	0	0	0	0	5	2576	2	2	0	0	0	0	0.000
23103	6	6	7	6	1	0.384	0.384	97	30	134	145	523	523	16736	454	69	73	134	192	128	648	11719	76	0	69	73	4	20	0.020
23199	6	6	6	0	1	0.088	0.088	8	3	15	16	69	69	2208	68	1	1	23	11	34	27	4803	4	2	1	1	1	2	0.001
23390	4	4	8	4	1	0.273	0.273	29	14	29	20	359	359	11488	341	18	19	95	97	149	168	10887	10	0	18	19	3	5	0.006
23412	6	6	3	0	1	0.036	0.035	6	3	12	8	0	0	0	0	0	0	0	0	0	5	2576	2	2	0	0	0	0	0.000
23542	6	6	2	0	1	0.035	0.035	6	3	12	8	0	0	0	0	0	0	0	0	0	5	2576	2	2	0	0	0	0	0.000
23580	4	0	145	4	1	0.144	0.144	21	12	21	10	292	292	9344	286	6	130	73	9	204	20	916	4	0	6	130	0	0	0.026
23581	4	0	140	4	1	0.153	0.154	21	12	21	10	289	289	9248	284	5	93	75	15	194	20	960	4	0	5	93	0	0	0.019
23582	4	0	141	4	1	0.135	0.135	21	12	21	10	297	297	9504	292	5	93	78	15	199	20	908	4	0	5	93	0	0	0.019
23583	6	0	133	6	1	0.168	0.168	21	12	42	20	349	349	11168	345	4	83	105	27	213	20	2064	8	0	4	83	1	5	0.018
23589	4	4	18	4	1	0.295	0.295	29	12	29	26	694	694	22208	674	20	38	172	211	291	560	3752	12	0	20	38	2	5	0.009
23617	2	2	7	0	1	0.100	0.100	31	19	31	38	96	96	3072	90	6	6	26	38	26	115	4620	10	0	6	6	0	0	0.001
23826	2	0	8	2	1	0.155	0.155	21	12	21	10	358	358	11456	344	14	16	98	53	193	20	1624	4	0	14	16	3	9	0.005
24002	6	6	4	0	1	0.051	0.051	6	3	12	8	0	0	0	0	0	0	0	0	0	5	2576	2	2	0	0	0	0	0.000
24390	2	2	5	0	1	0.019	0.019	6	3	6	4	0	0	0	0	0	0	0	0	0	5	1288	1	1	0	0	0	0	0.000
24436	2	0	7	2	1	0.149	0.148	33	17	33	23	226	226	7232	216	10	20	82	32	102	88	4684	11	0	10	20	1	3	0.005
24504	4	4	8	0	1	0.100	0.100	25	15	25	28	111	111	3552	108	3	3	29	49	30	149	4382	8	1	3	3	1	1	0.001
24557	6	6	3	0	1	0.036	0.036	6	3	12	8	0	0	0	0	0	0	0	0	0	5	2576	2	2	0	0	0	0	0.000
24601	6	6	4	0	1	0.035	0.035	6	3	12	8	0	0	0	0	0	0	0	0	0	5	2576	2	2	0	0	0	0	0.000
24635	6	6	3	0	1	0.035	0.036	6	3	12	8	0	0	0	0	0	0	0	0	0	5	2576	2	2	0	0	0	0	0.000
24728	6	6	3	0	1	0.035	0.035	6	3	12	8	0	0	0	0	0	0	0	0	0	5	2576	2	2	0	0	0	0	0.000
24778	6	6	3	0	1	0.035	0.035	6	3	12	8	0	0	0	0	0	0	0	0	0	5	2576	2	2	0	0	0	0	0.000
24913	6	6	13	0	1	0.108	0.108	8	3	15	16	117	117	3744	115	2	2	25	32	58	69	5001	4	2	2	2	0	0	0.000
24971	6	6	5	0	1	0.388	0.389	27	6	33	48	163	163	5216	150	13	13	46	70	34	175	24405	20	1	13	13	0	0	0.003
25515	2	0	8	2	1	0.262	0.262	29	14	29	18	556	556	17792	538	18	44	146	60	332	436	4150	10	0	18	44	2	2	0.010
25548	6	6	5	0	1	0.060	0.060	7	3	13	12	45	45	1440	44	1	1	17	5	22	10	3255	3	2	1	1	0	0	0.000
25669	2	0	7	2	1	0.106	0.106	29	14	29	16	234	234	7488	219	15	20	76	40	103	80	670	10	0	15	20	1	25	0.009
25851	6	6	78	0	1	0.173	0.173	17	9	24	28	395	395	12640	393	2	2	102	175	116	609	2902	7	1	2	2	1	1	0.001
25868	6	6	101	0	1	0.139	0.098	8	3	15	16	128	128	4096	127	1	1	20	22	85	135	3095	4	2	1	1	0	0	0.000
25941	6	6	2	0	1	0.035	0.034	6	3	12	8	0	0	0	0	0	0	0	0	0	5	2576	2	2	0	0	0	0	0.000
26034	6	6	2	0	1	0.035	0.035	6	3	12	8	0	0	0	0	0	0	0	0	0	5	2576	2	2	0	0	0	0	0.000
26044	2	2	11	2	1	0.709	0.709	45	16	45	43	1277	1277	40864	1241	36	46	477	236	528	1120	18303	24	0	36	46	17	33	0.017
26296	4	0	7	4	1	0.165	0.165	29	15	29	15	210	210	6720	199	11	15	79	19	101	68	6291	9	0	11	15	1	27	0.008
26372	4	0	11	4	1	0.169	0.170	21	12	21	10	368	368	11776	360	8	14	104	30	226	20	2752	4	0	8	14	1	5	0.004
26531	6	6	4	0	1	0.035	0.035	6	3	12	8	0	0	0	0	0	0	0	0	0	5	2576	2	2	0	0	0	0	0.000
26679	2	0	21	2	1	0.386	0.385	33	15	33	25	673	673	21536	648	25	34	178	98	372	632	10838	13	0	25	34	5	15	0.011
26839	6	6	4	0	1	0.036	0.035	6	3	12	8	0	0	0	0	0	0	0	0	0	5	2576	2	2	0	0	0	0	0.000
26965	6	6	2	0	1	0.035	0.035	6	3	12	8	0	0	0	0	0	0	0	0	0	5	2576	2	2	0	0	0	0	0.000
27004	4	0	30	4	1	0.498	0.498	37	14	37	40	900	900	28800	876	24	31	316	147	413	684	11978	18	0	24	31	12	40	0.014
27041	6	6	8	0	1	0.266	0.266	40	5	46	60	470	470	15040	443	27	28	116	223	104	442	7253	31	0	27	28	1	1	0.007
