s2_ordinal	s2_mask	post_core_mask	F	proved_mask	complete	wall_ms	cpu_ms	cells	outside_cells	node_tests	corner_tests	corner_evals	lb_tests	credited_nodes	credited_sites	excluded_nodes	leaf_ambiguous	splits	frontier_copies	point_tests	fixed_centers	fixed_refutations	gate_nodes	gate_sites	exclude_gate_nodes	exclude_gate_sites	gate_ms
558	6	0	49	6	1	1.206	1.205	57	16	2311	2311	73952	2228	83	155	719	440	1069	2464	26739	64	0	83	155	21	82	0.050
669	2	0	21	2	1	0.305	0.306	33	15	709	709	22688	672	37	67	235	112	325	460	2486	13	0	37	67	7	13	0.017
992	4	0	18	4	1	0.300	0.300	33	12	667	667	21344	629	38	53	209	98	322	448	3448	16	0	38	53	7	40	0.019
1048	6	6	14	0	1	0.338	0.339	37	7	649	649	20768	596	53	57	219	201	176	555	7223	36	0	53	57	6	6	0.014
1144	6	6	14	0	1	0.676	0.433	54	19	721	721	23072	661	60	64	227	254	180	661	9305	41	0	60	64	10	39	0.021
1223	4	0	41	4	1	0.447	0.448	41	18	1056	1056	33792	994	62	90	330	202	462	696	3734	18	0	62	90	12	42	0.028
1285	2	0	30	2	1	0.157	0.157	21	12	298	298	9536	287	11	41	55	23	209	20	324	4	0	11	41	4	23	0.013
1486	4	0	63	4	1	0.332	0.332	29	12	787	787	25184	741	46	73	190	193	358	504	2480	12	0	46	73	4	8	0.018
1797	4	4	16	4	1	0.619	0.619	37	14	950	950	30400	897	53	67	285	161	451	908	18498	18	0	53	67	11	90	0.031
2480	4	4	35	0	1	0.542	0.542	38	11	749	749	23968	704	45	64	167	276	261	713	20885	22	0	45	64	1	1	0.014
3038	6	6	36	6	1	0.525	0.525	29	12	657	657	21024	624	33	62	182	89	353	452	21166	22	0	33	62	2	7	0.016
3235	6	6	6	0	1	0.035	0.035	6	3	0	0	0	0	0	0	0	0	0	5	2576	2	2	0	0	0	0	0.000
3625	6	6	11	0	1	0.121	0.122	18	5	214	214	6848	194	20	20	61	68	65	143	2559	13	1	20	20	4	5	0.006
4019	2	0	20	2	1	0.467	0.387	33	13	860	860	27520	800	60	82	236	207	357	644	2009	15	0	60	82	9	18	0.047
4303	6	6	14	0	1	0.117	0.118	18	8	207	207	6624	197	10	10	67	56	74	189	2539	9	1	10	10	3	18	0.006
4403	6	6	6	0	1	0.036	0.036	6	3	0	0	0	0	0	0	0	0	0	5	2576	2	2	0	0	0	0	0.000
4440	6	2	15	4	1	0.468	0.468	59	13	957	957	30624	876	81	86	293	289	294	874	6472	51	0	81	86	10	25	0.024
4522	6	0	25	6	1	0.269	0.269	29	12	748	748	23936	695	53	65	217	181	297	436	2197	22	0	53	65	6	17	0.017
5273	2	2	34	2	1	0.543	0.543	57	26	1088	1088	34816	1041	47	93	358	223	460	1168	10749	26	0	47	93	15	52	0.030
5408	2	0	54	2	1	0.200	0.200	21	12	375	375	12000	360	15	39	103	22	235	20	2292	4	0	15	39	1	5	0.010
5532	6	0	17	6	1	0.511	0.511	37	13	682	682	21824	646	36	54	194	132	320	716	19928	32	0	36	54	7	22	0.016
5603	2	0	33	2	1	0.223	0.222	25	13	433	433	13856	419	14	40	117	42	260	204	4687	7	0	14	40	1	5	0.010
5644	6	6	10	0	1	0.310	0.310	28	3	238	238	7616	221	17	22	89	64	68	188	17268	24	1	17	22	1	1	0.005
5660	6	6	13	0	1	0.316	0.316	28	12	458	458	14656	438	20	36	128	108	202	199	10958	18	0	20	36	8	26	0.013
5900	4	4	26	4	1	0.748	0.748	53	20	1146	1146	36672	1073	73	103	413	233	427	840	23085	28	0	73	103	14	33	0.030
6004	6	6	4	0	1	0.037	0.037	6	3	0	0	0	0	0	0	0	0	0	5	2576	2	2	0	0	0	0	0.000
6384	6	6	6	0	1	0.143	0.143	22	15	301	301	9632	296	5	7	119	28	149	253	2576	2	2	5	7	2	14	0.004
6426	6	0	23	6	1	0.751	0.752	49	22	846	846	27072	778	68	80	262	193	323	664	31963	37	0	68	80	11	23	0.023
7326	6	6	28	6	1	6.777	0.770	65	24	1172	1172	37504	1081	91	112	338	386	357	1204	27098	54	0	91	112	7	8	0.028
7986	6	6	9	0	1	0.034	0.034	6	3	0	0	0	0	0	0	0	0	0	5	2576	2	2	0	0	0	0	0.000
8342	6	6	2	0	1	0.034	0.034	6	3	0	0	0	0	0	0	0	0	0	5	2576	2	2	0	0	0	0	0.000
8485	6	6	20	0	1	0.991	0.992	57	12	585	585	18720	526	59	69	138	224	164	463	58138	52	0	59	69	4	33	0.022
8569	6	6	13	6	1	1.315	1.315	73	20	711	711	22752	636	75	87	170	303	163	780	80292	72	0	75	87	6	7	0.022
8715	6	6	17	6	1	7.958	0.956	49	17	792	792	25344	731	61	70	225	263	243	752	50283	44	0	61	70	9	10	7.047
8994	4	0	37	4	1	0.172	0.171	21	12	302	302	9664	286	16	35	61	40	185	20	4456	4	0	16	35	1	2	0.008
9342	6	6	4	0	1	0.034	0.034	6	3	0	0	0	0	0	0	0	0	0	5	2576	2	2	0	0	0	0	0.000
10154	2	2	14	0	1	0.489	0.490	30	11	694	694	22208	660	34	56	264	115	281	385	15564	15	0	34	56	8	17	0.016
10458	6	6	16	6	1	3.195	0.902	49	14	1258	1258	40256	1170	88	98	463	283	424	1012	26622	46	0	88	98	16	86	0.039
10485	2	0	21	2	1	1.443	0.439	37	16	726	726	23232	674	52	68	249	86	339	676	9193	16	0	52	68	4	8	0.285
10494	6	0	38	6	1	2.490	0.731	37	12	1021	1021	32672	946	75	93	342	144	460	800	20828	36	0	75	93	7	13	0.024
12193	6	6	7	0	1	0.035	0.035	6	3	0	0	0	0	0	0	0	0	0	5	2576	2	2	0	0	0	0	0.000
12261	6	6	18	6	1	3.041	0.930	45	13	1052	1052	33664	995	57	74	274	357	364	1008	39165	44	0	57	74	6	32	0.023
12445	6	6	19	0	1	0.676	0.676	38	10	1049	1049	33568	979	70	82	206	465	308	967	23287	34	0	70	82	7	7	0.021
12458	4	0	30	4	1	0.175	0.176	25	12	421	421	13472	408	13	35	117	60	231	164	5620	8	0	13	35	1	1	0.007
12519	6	6	11	4	1	0.383	0.384	45	17	280	280	8960	251	29	47	85	51	115	164	22186	28	1	29	47	4	22	0.013
12523	2	2	11	0	1	0.061	0.061	11	6	66	66	2112	60	6	8	20	11	29	31	2886	3	1	6	8	0	0	0.002
13054	6	6	6	0	1	0.405	0.055	6	3	0	0	0	0	0	0	0	0	0	5	2576	2	2	0	0	0	0	0.000
13348	4	0	22	4	1	1.139	0.385	41	19	682	682	21824	631	51	59	176	211	244	400	4913	17	0	51	59	7	14	0.547
14023	6	6	6	0	1	0.288	0.042	6	3	0	0	0	0	0	0	0	0	0	5	2576	2	2	0	0	0	0	0.000
14372	4	4	16	0	1	1.932	0.584	36	11	511	511	16352	468	43	53	126	178	164	343	25040	20	0	43	53	3	24	0.278
14553	6	6	3	0	1	0.034	0.034	6	3	0	0	0	0	0	0	0	0	0	5	2576	2	2	0	0	0	0	0.000
14830	6	6	32	0	1	2.022	0.636	36	13	694	694	22208	652	42	64	195	203	254	557	24919	23	0	42	64	5	60	0.026
15096	6	6	43	0	1	0.369	0.120	19	11	277	277	8864	273	4	4	78	102	93	372	2084	7	1	4	4	4	4	0.002
15116	4	4	26	0	1	0.110	0.110	18	7	348	348	11136	332	16	17	102	130	100	336	1317	9	0	16	17	3	3	0.004
15412	6	0	37	6	1	0.515	0.516	45	16	1386	1386	44352	1335	51	81	442	210	683	1432	4781	34	0	51	81	14	58	0.026
15926	6	6	12	0	1	0.637	0.637	50	9	724	724	23168	662	62	70	168	326	168	587	29578	47	0	62	70	4	31	0.021
16047	4	4	28	0	1	0.278	0.278	35	17	412	412	13184	383	29	29	118	202	63	508	10130	16	0	29	29	4	4	0.008
16326	6	6	6	0	1	0.035	0.035	6	3	0	0	0	0	0	0	0	0	0	5	2576	2	2	0	0	0	0	0.000
16551	6	2	16	6	1	0.404	0.405	45	21	436	436	13952	394	42	56	121	107	166	224	18408	29	0	42	56	2	29	0.018
16672	6	6	6	0	1	0.036	0.036	6	3	0	0	0	0	0	0	0	0	0	5	2576	2	2	0	0	0	0	0.000
16895	4	4	20	0	1	0.452	0.452	49	15	524	524	16768	472	52	60	144	130	198	364	18667	29	0	52	60	4	14	0.016
17012	6	6	39	0	1	0.130	0.130	11	5	187	187	5984	185	2	3	52	53	80	156	4439	5	2	2	3	0	0	0.001
17845	6	6	3	0	1	0.032	0.032	6	3	0	0	0	0	0	0	0	0	0	5	2576	2	2	0	0	0	0	0.000
17979	6	6	3	0	1	0.035	0.036	6	3	0	0	0	0	0	0	0	0	0	5	2576	2	2	0	0	0	0	0.000
18295	2	0	16	2	1	0.366	0.366	37	16	732	732	23424	684	48	57	200	188	296	600	5839	16	0	48	57	9	60	0.024
18680	2	0	36	2	1	0.470	0.470	41	16	978	978	31296	934	44	74	204	260	470	1364	6441	20	0	44	74	1	4	0.018
18779	6	6	15	0	1	0.609	0.610	40	12	1338	1338	42816	1288	50	68	342	522	424	1419	10344	29	0	50	68	11	17	0.019
18944	4	0	40	4	1	0.392	0.391	33	12	862	862	27584	820	42	92	203	200	417	736	5058	16	0	42	92	7	9	0.022
19207	6	6	48	6	1	1.169	1.077	69	23	2305	2305	73760	2195	110	145	387	1014	794	4348	22219	69	0	110	145	21	37	0.040
19267	6	0	98	6	1	0.579	0.579	41	14	1212	1212	38784	1141	71	108	263	319	559	1276	11070	40	0	71	108	8	15	0.027
19423	4	4	31	4	1	0.360	0.360	29	12	939	939	30048	895	44	68	256	158	481	548	4398	12	0	44	68	6	13	0.018
19435	4	4	37	4	1	0.416	0.416	33	14	997	997	31904	953	44	80	256	178	519	888	5018	14	0	44	80	8	31	0.023
19533	6	6	38	6	1	0.650	0.649	45	15	1367	1367	43744	1298	69	107	333	349	616	1852	13586	40	0	69	107	7	13	0.027
19609	4	0	131	4	1	0.485	0.485	41	13	1005	1005	32160	941	64	114	261	196	484	1316	7232	23	0	64	114	11	39	0.032
19688	6	6	13	0	1	0.169	0.170	19	5	329	329	10528	308	21	22	92	139	77	275	3121	18	0	21	22	4	19	0.009
20514	4	4	48	4	1	0.422	0.423	37	13	1031	1031	32992	981	50	68	332	170	479	1004	2571	19	0	50	68	17	68	0.028
20541	4	4	50	4	1	0.541	0.541	61	29	1290	1290	41280	1217	73	94	416	270	531	1184	5205	27	0	73	94	15	32	0.027
20549	6	6	12	0	1	0.121	0.120	10	4	136	136	4352	131	5	5	46	27	58	59	4960	5	2	5	5	1	1	0.002
20567	6	6	6	0	1	0.035	0.035	6	3	0	0	0	0	0	0	0	0	0	5	2576	2	2	0	0	0	0	0.000
21043	4	0	18	4	1	0.481	0.482	37	12	792	792	25344	743	49	62	261	149	333	540	15623	20	0	49	62	9	35	0.022
21620	2	0	41	2	1	0.400	0.401	33	16	779	779	24928	746	33	60	193	162	391	816	8691	12	0	33	60	4	9	0.016
21694	6	0	27	6	1	0.925	0.925	41	14	1349	1349	43168	1296	53	85	394	343	559	1424	33166	36	0	53	85	18	99	0.036
23079	6	6	13	0	1	0.414	0.414	21	5	561	561	17952	529	32	37	180	165	184	470	16534	17	1	32	37	7	9	0.011
23103	6	0	23	6	1	4.526	0.912	37	12	1194	1194	38208	1118	76	141	380	211	527	700	34267	36	0	76	141	12	59	0.063
23199	4	0	37	4	1	0.162	0.162	21	12	261	261	8352	249	12	35	48	16	185	20	4592	4	0	12	35	0	0	0.008
23617	6	2	15	6	1	1.932	0.775	53	16	1851	1851	59232	1782	69	88	720	361	701	1352	6669	48	0	69	88	25	86	0.038
24390	6	0	17	6	1	1.174	0.392	45	19	528	528	16896	474	54	61	137	160	177	336	11059	33	0	54	61	3	3	0.015
24728	6	0	20	6	1	0.715	0.379	65	32	456	456	14592	418	38	52	110	141	167	336	12733	38	0	38	52	1	1	0.012
24913	6	6	3	0	1	0.035	0.034	6	3	0	0	0	0	0	0	0	0	0	5	2576	2	2	0	0	0	0	0.000
25548	6	0	67	6	1	0.484	0.484	33	13	951	951	30432	924	27	98	313	91	520	800	10006	25	0	27	98	10	32	0.027
26034	6	0	24	6	1	0.739	0.739	37	12	1266	1266	40512	1199	67	108	405	217	577	1048	20289	36	0	67	108	14	63	0.035
26148	4	4	37	4	1	0.530	0.530	37	17	1100	1100	35200	1049	51	71	367	220	462	716	9435	15	0	51	71	19	91	0.032
26372	6	6	7	0	1	0.034	0.034	6	3	0	0	0	0	0	0	0	0	0	5	2576	2	2	0	0	0	0	0.000
26531	6	6	3	0	1	0.035	0.035	6	3	0	0	0	0	0	0	0	0	0	5	2576	2	2	0	0	0	0	0.000
26590	4	4	17	4	1	0.487	0.487	33	12	684	684	21888	648	36	56	201	196	251	428	16368	16	0	36	56	6	13	0.015
27176	6	6	2	0	1	0.035	0.035	6	3	0	0	0	0	0	0	0	0	0	5	2576	2	2	0	0	0	0	0.000
27679	4	0	32	4	1	0.562	0.563	37	13	898	898	28736	837	61	74	195	316	326	820	19376	19	0	61	74	8	14	0.019
27974	6	6	21	0	1	0.767	0.767	33	8	865	865	27680	832	33	64	284	226	322	745	34470	33	0	33	64	6	30	0.019
28108	6	6	5	0	1	0.036	0.036	6	3	0	0	0	0	0	0	0	0	0	5	2576	2	2	0	0	0	0	0.000
28206	2	0	36	2	1	0.193	0.194	21	12	362	362	11584	347	15	37	72	41	234	20	4056	4	0	15	37	4	68	0.019
28864	2	2	15	0	1	4.374	0.245	31	13	313	313	10016	294	19	27	91	86	117	239	10975	15	0	19	27	2	2	0.007
28866	4	4	25	4	1	0.305	0.304	29	12	546	546	17472	518	28	54	154	100	264	308	7208	12	0	28	54	4	20	0.015
29013	6	6	6	0	1	0.034	0.035	6	3	0	0	0	0	0	0	0	0	0	5	2576	2	2	0	0	0	0	0.000
29173	4	0	162	4	1	0.345	0.345	29	12	693	693	22176	664	29	125	222	47	395	588	6489	12	0	29	125	3	10	0.027
29178	6	0	132	6	1	0.509	0.510	29	12	878	878	28096	837	41	117	286	77	474	604	12948	22	0	41	117	9	36	0.031
29182	6	0	164	6	1	0.568	0.568	33	12	925	925	29600	877	48	175	291	65	521	876	16154	29	0	48	175	6	11	0.039
29210	6	0	134	6	1	0.486	0.487	29	12	718	718	22976	686	32	226	202	57	427	540	13303	22	0	32	226	6	32	0.051
29215	6	0	153	6	1	0.375	0.375	25	12	689	689	22048	658	31	108	185	56	417	292	9215	15	0	31	108	6	18	0.025
29223	4	0	146	4	1	0.483	0.459	33	12	777	777	24864	738	39	189	229	46	463	880	9992	16	0	39	189	7	46	0.074
29224	6	0	148	6	1	0.970	0.630	33	12	857	857	27424	813	44	195	264	50	499	888	18323	29	0	44	195	10	77	0.054
29226	4	0	145	4	1	0.519	0.519	33	12	1020	1020	32640	968	52	239	390	58	520	908	9770	16	0	52	239	9	50	0.056
29227	4	4	114	4	1	0.902	0.903	49	12	1612	1612	51584	1540	72	230	587	229	724	1772	22376	32	0	72	230	18	114	0.067
29604	2	0	43	2	1	7.768	0.772	41	16	1158	1158	37056	1084	74	91	373	272	439	1264	24017	20	0	74	91	14	52	0.031
29691	6	0	39	6	1	0.913	0.913	37	14	1046	1046	33472	977	69	89	325	247	405	1052	38611	32	0	69	89	12	51	0.029
30016	2	2	12	0	1	0.445	0.445	30	12	598	598	19136	574	24	39	162	169	243	552	17983	14	0	24	39	6	18	0.012
30372	2	0	15	2	1	0.494	0.495	37	16	924	924	29568	872	52	109	345	160	367	432	9217	13	0	52	109	12	27	0.029
30641	6	6	3	0	1	0.034	0.034	6	3	0	0	0	0	0	0	0	0	0	5	2576	2	2	0	0	0	0	0.000
30724	6	6	4	0	1	0.037	0.037	6	3	0	0	0	0	0	0	0	0	0	5	2576	2	2	0	0	0	0	0.000
30846	6	6	10	0	1	0.163	0.163	17	9	221	221	7072	215	6	12	88	45	82	157	6208	7	2	6	12	5	14	0.005
30962	6	6	16	0	1	4.573	0.698	44	8	632	632	20224	575	57	63	183	246	146	576	32801	46	0	57	63	3	3	0.016
31086	2	0	24	2	1	0.713	0.583	37	16	1102	1102	35264	1041	61	113	415	150	476	700	11111	16	0	61	113	16	29	0.030
31330	4	0	22	4	1	3.289	0.294	25	12	491	491	15712	471	20	37	149	62	260	116	5720	8	0	20	37	4	5	0.009
32129	6	6	49	0	1	0.590	0.445	25	5	801	801	25632	760	41	48	224	285	251	1039	10672	32	0	41	48	4	4	0.041
32675	4	0	103	4	1	0.405	0.346	29	12	751	751	24032	723	28	58	186	71	466	568	1780	12	0	28	58	6	45	0.061
32746	4	0	84	4	1	1.242	0.470	33	15	1109	1109	35488	1066	43	61	338	160	568	728	1579	13	0	43	61	10	50	0.023
32748	2	2	45	2	1	2.765	0.679	45	19	1458	1458	46656	1418	40	61	526	261	631	1760	4582	21	0	40	61	19	42	0.023
32751	2	2	44	0	1	1.797	0.545	40	13	1114	1114	35648	1070	44	69	342	187	541	1109	6107	22	0	44	69	10	59	0.026
32753	2	2	42	0	1	0.854	0.448	40	13	1146	1146	36672	1102	44	60	348	193	561	1092	5598	22	0	44	60	12	61	0.024
32802	4	0	150	4	1	0.183	0.183	25	12	433	433	13856	411	22	107	81	25	305	288	1851	8	0	22	107	3	25	0.025
32830	6	0	149	6	1	3.427	0.520	41	16	1110	1110	35520	1076	34	97	321	136	619	1348	5995	27	0	34	97	10	55	0.030
33213	6	4	30	6	1	0.723	0.723	41	18	696	696	22272	648	48	67	197	178	273	556	33729	32	0	48	67	6	35	0.021
33531	6	6	12	0	1	0.173	0.173	26	9	367	367	11744	346	21	23	92	139	115	282	2327	18	0	21	23	2	2	0.006
33798	2	0	24	2	1	0.359	0.360	29	14	715	715	22880	677	38	56	232	64	381	456	7548	10	0	38	56	8	29	0.018
33875	6	6	19	0	1	1.343	1.343	70	15	2291	2291	73312	2211	80	121	848	466	897	3409	40538	61	0	80	121	25	50	0.037
33976	4	0	138	4	1	0.456	0.456	37	15	878	878	28096	845	33	83	269	105	471	928	10787	17	0	33	83	5	11	0.020
34095	4	0	131	4	1	0.222	0.222	21	10	515	515	16480	493	22	88	122	15	356	20	340	4	0	22	88	6	41	0.025
34842	2	2	14	0	1	0.189	0.189	17	9	351	351	11232	345	6	9	106	128	111	424	3919	6	0	6	9	4	4	0.003
35123	2	0	142	2	1	0.559	0.559	37	16	983	983	31456	938	45	177	346	78	514	1108	11266	16	0	45	177	13	62	0.048
35128	2	0	147	2	1	0.878	0.567	37	16	979	979	31328	933	46	197	338	79	516	1100	11273	16	0	46	197	11	40	0.048
35130	6	0	146	6	1	1.538	0.734	33	12	999	999	31968	957	42	244	331	103	523	808	20575	29	0	42	244	12	41	0.312
35132	6	6	141	6	1	6.037	1.113	49	16	1244	1244	39808	1185	59	356	426	167	592	1892	38704	53	0	59	356	12	51	0.082
35135	6	6	138	6	1	2.066	1.064	49	16	1350	1350	43200	1290	60	362	433	245	612	1896	39266	53	0	60	362	15	67	0.085
35690	2	2	12	0	1	0.083	0.083	11	6	86	86	2752	80	6	8	30	11	39	31	3692	3	1	6	8	0	0	0.002
35887	6	6	9	0	1	0.035	0.035	6	3	0	0	0	0	0	0	0	0	0	5	2576	2	2	0	0	0	0	0.000
36001	6	6	33	0	1	0.168	0.168	14	7	355	355	11360	354	1	4	124	91	139	451	3494	6	2	1	4	2	3	0.002
36004	4	0	35	4	1	0.471	0.471	41	17	1122	1122	35904	1068	54	81	294	296	478	1412	4249	19	0	54	81	7	28	0.023
36006	6	4	22	6	1	0.867	0.868	73	31	1947	1947	62304	1869	78	108	538	620	711	3232	11985	53	0	78	108	16	32	0.031
36245	2	2	29	0	1	0.402	0.402	26	7	1015	1015	32480	998	17	28	272	402	324	1123	3670	16	0	17	28	6	6	0.008
36249	2	2	34	2	1	6.577	0.547	37	14	1316	1316	42112	1286	30	59	345	465	476	1304	4231	18	0	30	59	11	33	0.019
36304	2	2	43	2	1	0.472	0.471	37	14	1188	1188	38016	1159	29	55	299	413	447	1308	4207	18	0	29	55	9	34	0.019
36312	2	2	37	2	1	0.567	0.567	45	17	1414	1414	45248	1381	33	52	356	476	549	1844	5482	23	0	33	52	10	16	0.015
36453	6	2	15	6	1	0.417	0.417	49	16	946	946	30272	863	83	91	297	241	325	892	4923	44	0	83	91	4	4	0.021
36676	6	0	22	6	1	2.088	0.290	29	12	648	648	20736	588	60	77	154	153	281	452	1424	22	0	60	77	2	2	1.842
36869	6	6	28	0	1	0.276	0.277	30	16	496	496	15872	478	18	18	179	157	142	538	7229	13	1	18	18	3	4	0.005
36886	2	0	143	2	1	0.292	0.293	33	15	648	648	20736	624	24	79	140	58	426	788	3891	13	0	24	79	3	6	0.018
36889	2	0	148	2	1	0.289	0.289	33	15	640	640	20480	612	28	83	138	52	422	788	3921	13	0	28	83	3	6	0.018
36890	2	0	147	2	1	0.758	0.320	33	15	646	646	20672	618	28	87	138	54	426	812	3899	13	0	28	87	3	6	0.020
36924	6	6	8	0	1	0.040	0.039	6	3	0	0	0	0	0	0	0	0	0	5	2576	2	2	0	0	0	0	0.000
37245	2	0	17	2	1	0.186	0.186	25	12	390	390	12480	366	24	41	107	58	201	120	2386	7	0	24	41	1	2	0.010
37302	6	6	7	0	1	0.036	0.036	6	3	0	0	0	0	0	0	0	0	0	5	2576	2	2	0	0	0	0	0.000
37907	6	6	11	0	1	0.116	0.116	15	6	123	123	3936	118	5	10	42	30	46	60	4365	8	1	5	10	2	7	0.004
38124	6	0	22	6	1	0.276	0.277	25	13	434	434	13888	417	17	39	128	47	242	160	5789	11	0	17	39	4	25	0.013
38407	4	0	16	4	1	0.383	0.383	29	12	704	704	22528	670	34	55	219	106	345	496	8018	12	0	34	55	5	9	0.014
38436	6	6	9	0	1	0.036	0.036	6	3	0	0	0	0	0	0	0	0	0	5	2576	2	2	0	0	0	0	0.000
38510	6	6	10	0	1	1.431	1.431	93	14	1003	1003	32096	898	105	113	282	386	230	1011	73860	76	1	105	113	9	15	0.029
38521	6	2	14	6	1	0.851	0.851	53	17	861	861	27552	810	51	61	320	188	302	800	41937	44	0	51	61	12	31	0.020
38712	6	6	20	0	1	0.712	0.712	42	16	567	567	18144	526	41	43	167	217	142	511	32486	30	0	41	43	3	6	0.012
39006	4	4	40	4	1	0.544	0.543	53	25	878	878	28096	821	57	84	215	337	269	916	12816	20	0	57	84	5	6	0.020
39038	4	4	41	4	1	0.758	0.758	81	38	1222	1222	39104	1139	83	111	359	517	263	1564	22490	35	0	83	111	10	12	0.027
39118	6	6	40	0	1	0.824	0.824	51	11	1059	1059	33888	971	88	105	280	409	282	1078	34219	52	0	88	105	9	13	0.027
39125	4	4	49	4	1	0.362	0.362	37	17	587	587	18784	554	33	51	173	157	224	596	9814	15	0	33	51	4	8	0.033
39144	6	6	52	0	1	0.826	0.826	53	11	1084	1084	34688	1005	79	98	291	414	300	1155	31948	50	0	79	98	15	26	0.027
39147	4	4	52	0	1	0.228	0.228	28	16	387	387	12384	371	16	16	110	161	100	465	6170	10	0	16	16	4	5	0.005
39308	6	0	37	6	1	6.744	0.744	37	12	1072	1072	34304	1012	60	106	280	342	390	840	22554	36	0	60	106	9	17	0.027
39758	6	6	7	0	1	0.034	0.035	6	3	0	0	0	0	0	0	0	0	0	5	2576	2	2	0	0	0	0	0.000
40106	6	6	21	0	1	0.668	0.668	38	10	924	924	29568	860	64	73	292	244	324	680	25504	31	0	64	73	8	14	0.020
40126	6	6	7	0	1	0.034	0.034	6	3	0	0	0	0	0	0	0	0	0	5	2576	2	2	0	0	0	0	0.000
40228	6	6	12	0	1	0.483	0.380	30	10	351	351	11232	329	22	23	108	133	88	378	17365	20	1	22	23	3	5	0.007
40380	6	6	2	0	1	0.031	0.032	6	3	0	0	0	0	0	0	0	0	0	5	2576	2	2	0	0	0	0	0.000
40405	2	0	17	2	1	1.173	0.479	33	15	790	790	25280	755	35	76	288	124	343	460	10924	13	0	35	76	5	5	0.018
40621	6	6	23	6	1	4.794	0.839	49	12	1854	1854	59328	1727	127	166	539	511	677	1604	11854	60	0	127	166	22	83	0.052
40983	6	6	17	0	1	0.180	0.180	30	19	364	364	11648	353	11	12	131	112	110	447	4937	10	1	11	12	5	5	0.004
40985	6	6	16	4	1	12.097	0.914	82	23	1526	1526	48832	1410	116	130	520	487	403	1382	25684	63	0	116	130	17	32	0.037
41033	2	2	15	2	1	3.167	0.544	61	21	815	815	26080	748	67	83	264	195	289	600	14237	35	0	67	83	7	19	0.023
41512	4	0	32	4	1	0.512	0.512	37	12	796	796	25472	749	47	84	204	101	444	904	14539	20	0	47	84	11	46	0.027
41607	6	0	28	6	1	0.810	0.810	45	15	1126	1126	36032	1055	71	117	367	195	493	1072	29331	41	0	71	117	12	45	0.034
41649	6	6	6	0	1	0.036	0.036	6	3	0	0	0	0	0	0	0	0	0	5	2576	2	2	0	0	0	0	0.000
41830	6	0	22	6	1	11.728	1.008	49	14	1283	1283	41056	1204	79	132	410	326	468	948	39755	46	0	79	132	5	43	0.037
41857	6	6	5	0	1	0.034	0.034	6	3	0	0	0	0	0	0	0	0	0	5	2576	2	2	0	0	0	0	0.000
43097	4	4	18	4	1	1.591	0.767	45	19	1105	1105	35360	1068	37	56	320	309	439	1964	24636	21	0	37	56	5	10	0.029
43438	6	6	2	0	1	0.032	0.032	6	3	0	0	0	0	0	0	0	0	0	5	2576	2	2	0	0	0	0	0.000
44634	4	0	95	4	1	0.229	0.229	25	12	521	521	16672	493	28	47	129	98	266	244	2012	8	0	28	47	1	2	0.011
45011	6	0	27	6	1	0.401	0.401	41	14	881	881	28192	814	67	81	157	304	353	1112	3345	39	0	67	81	6	20	0.022
45315	6	6	2	0	1	0.033	0.033	6	3	0	0	0	0	0	0	0	0	0	5	2576	2	2	0	0	0	0	0.000
45491	6	6	3	0	1	0.038	0.038	6	3	0	0	0	0	0	0	0	0	0	5	2576	2	2	0	0	0	0	0.000
45513	6	6	7	0	1	0.039	0.038	6	3	0	0	0	0	0	0	0	0	0	5	2576	2	2	0	0	0	0	0.000
46267	6	6	9	0	1	0.035	0.035	6	3	0	0	0	0	0	0	0	0	0	5	2576	2	2	0	0	0	0	0.000
47349	6	6	15	0	1	0.590	0.590	28	5	794	794	25408	744	50	76	284	179	281	483	24052	35	0	50	76	6	9	0.019
47365	6	6	25	6	1	0.972	0.972	61	23	1387	1387	44384	1296	91	154	485	296	515	1556	34953	53	0	91	154	14	44	0.042
47456	2	2	42	0	1	0.103	0.103	11	6	192	192	6144	189	3	8	67	34	88	170	2099	3	1	3	8	1	3	0.003
47464	2	2	44	0	1	0.099	0.099	11	6	197	197	6304	194	3	8	63	39	92	196	2098	3	1	3	8	1	4	0.003
47465	2	2	43	0	1	0.142	0.142	18	9	261	261	8352	256	5	10	95	69	92	289	3688	7	0	5	10	2	5	0.003
47602	6	0	67	6	1	0.280	0.280	25	12	580	580	18560	566	14	60	122	80	364	308	4586	15	0	14	60	0	0	0.012
47639	4	0	23	4	1	0.429	0.429	29	12	613	613	19616	593	20	53	191	85	317	612	13080	12	0	20	53	10	85	0.026
47741	6	6	28	4	1	2.773	1.445	69	16	2278	2278	72896	2146	132	181	774	619	753	2180	48108	71	0	132	181	21	42	0.050
48242	2	0	69	2	1	0.426	0.426	33	16	861	861	27552	819	42	77	222	146	451	816	4674	12	0	42	77	7	39	0.024
48280	2	0	84	2	1	0.701	0.354	29	14	779	779	24928	744	35	76	194	115	435	584	3264	10	0	35	76	7	39	0.024
48612	6	2	57	6	1	0.584	0.585	37	13	1238	1238	39616	1182	56	84	212	421	549	1280	9007	34	0	56	84	8	24	0.024
48821	6	2	20	6	1	0.615	0.615	37	13	834	834	26688	786	48	68	258	199	329	520	21764	35	0	48	68	7	19	0.019
48987	6	6	26	6	1	1.327	1.328	81	35	1331	1331	42592	1223	108	141	428	326	469	1476	61105	69	0	108	141	8	11	0.034
49126	2	0	157	2	1	0.168	0.168	21	12	400	400	12800	390	10	51	86	23	281	20	1112	4	0	10	51	0	0	0.011
49129	2	0	171	2	1	0.161	0.162	21	12	400	400	12800	390	10	51	85	23	282	20	1084	4	0	10	51	0	0	0.011
49130	2	0	167	2	1	0.162	0.161	21	12	400	400	12800	390	10	51	85	23	282	20	1084	4	0	10	51	0	0	0.010
49156	2	0	130	2	1	0.217	0.217	25	13	489	489	15648	475	14	60	112	53	310	316	2101	7	0	14	60	2	28	0.017
49157	6	0	133	6	1	0.288	0.289	29	13	538	538	17216	521	17	75	135	69	317	572	5179	18	0	17	75	1	1	0.016
49166	2	0	165	2	1	0.180	0.181	25	13	376	376	12032	364	12	69	87	28	249	272	1962	7	0	12	69	0	0	0.014
49181	6	0	131	6	1	0.214	0.215	25	13	421	421	13472	409	12	44	93	31	285	272	3368	11	0	12	44	1	1	0.009
49208	6	0	131	6	1	0.211	0.210	25	13	416	416	13312	404	12	52	91	31	282	272	3258	11	0	12	52	1	1	0.011
49239	4	0	142	4	1	0.200	0.200	25	12	415	415	13280	402	13	44	88	35	279	268	2308	8	0	13	44	2	28	0.014
49530	4	0	97	4	1	0.275	0.275	25	12	319	319	10208	301	18	57	42	8	251	344	8446	8	0	18	57	0	0	0.012
49719	6	6	5	0	1	0.036	0.036	6	3	0	0	0	0	0	0	0	0	0	5	2576	2	2	0	0	0	0	0.000
49918	6	6	5	0	1	0.036	0.036	6	3	0	0	0	0	0	0	0	0	0	5	2576	2	2	0	0	0	0	0.000
50504	6	6	24	0	1	7.367	1.366	63	15	1278	1278	40896	1193	85	99	300	544	349	1349	63957	55	0	85	99	5	6	0.025
50539	6	6	9	0	1	0.034	0.034	6	3	0	0	0	0	0	0	0	0	0	5	2576	2	2	0	0	0	0	0.000
50549	6	6	11	0	1	1.150	1.150	40	5	1151	1151	36832	1052	99	101	266	595	191	1255	52085	46	0	99	101	5	8	0.025
50732	6	6	18	6	1	0.518	0.518	41	13	849	849	27168	803	46	68	258	260	285	684	12123	43	0	46	68	7	30	0.021
50758	6	6	10	0	1	0.144	0.144	18	8	192	192	6144	185	7	10	52	73	60	211	4735	9	2	7	10	2	7	0.004
50808	4	0	20	4	1	0.144	0.144	21	12	310	310	9920	298	12	34	90	15	193	20	1544	4	0	12	34	1	5	0.008
51254	2	0	36	2	1	0.261	0.261	29	14	621	621	19872	582	39	52	102	136	344	444	1092	10	0	39	52	2	3	0.012
51258	2	0	41	2	1	0.303	0.303	37	16	692	692	22144	648	44	64	134	134	380	1012	2011	16	0	44	64	4	16	0.018
51263	6	0	29	6	1	0.414	0.414	37	12	762	762	24384	704	58	71	151	191	362	980	7846	36	0	58	71	5	24	0.020
51553	6	6	12	4	1	0.353	0.353	78	14	694	694	22208	612	82	92	134	337	141	673	3166	77	0	82	92	6	11	0.023
51574	6	6	3	0	1	0.037	0.036	6	3	0	0	0	0	0	0	0	0	0	5	2576	2	2	0	0	0	0	0.000
51658	6	6	4	0	1	0.036	0.036	6	3	0	0	0	0	0	0	0	0	0	5	2576	2	2	0	0	0	0	0.000
51974	4	0	145	4	1	0.155	0.156	21	12	302	302	9664	297	5	129	75	10	212	20	960	4	0	5	129	0	0	0.026
51977	4	0	146	4	1	0.155	0.154	21	12	294	294	9408	288	6	130	73	9	206	20	1004	4	0	6	130	0	0	0.026
52062	6	6	10	0	1	0.066	0.066	7	3	53	53	1696	52	1	1	17	9	26	14	3040	3	2	1	1	0	0	0.000
52689	6	6	2	0	1	0.039	0.039	6	3	0	0	0	0	0	0	0	0	0	5	2576	2	2	0	0	0	0	0.000
52882	6	6	13	6	1	0.738	0.739	73	22	701	701	22432	607	94	105	148	304	155	708	30963	72	0	94	105	3	3	0.024
52936	6	6	7	0	1	0.040	0.040	6	3	0	0	0	0	0	0	0	0	0	5	2576	2	2	0	0	0	0	0.000
53310	6	0	68	6	1	3.692	0.668	41	12	1173	1173	37536	1118	55	130	313	250	555	1500	13155	44	0	55	130	11	57	0.038
53594	6	6	11	0	1	0.343	0.343	18	5	354	354	11328	329	25	25	94	141	94	264	16419	14	1	25	25	4	8	0.008
53663	6	6	6	0	1	0.034	0.034	6	3	0	0	0	0	0	0	0	0	0	5	2576	2	2	0	0	0	0	0.000
53759	6	6	2	0	1	0.036	0.036	6	3	0	0	0	0	0	0	0	0	0	5	2576	2	2	0	0	0	0	0.000
53838	6	6	3	0	1	0.035	0.035	6	3	0	0	0	0	0	0	0	0	0	5	2576	2	2	0	0	0	0	0.000
53883	6	6	6	0	1	0.034	0.034	6	3	0	0	0	0	0	0	0	0	0	5	2576	2	2	0	0	0	0	0.000
53991	6	6	5	0	1	0.034	0.034	6	3	0	0	0	0	0	0	0	0	0	5	2576	2	2	0	0	0	0	0.000
54277	6	6	89	0	1	0.233	0.233	19	9	491	491	15712	474	17	17	95	244	135	938	4436	9	2	17	17	3	3	0.005
54358	6	6	27	0	1	0.432	0.432	28	11	1064	1064	34048	1034	30	34	332	544	158	1525	4348	16	0	30	34	6	6	0.009
54644	6	6	5	0	1	0.035	0.035	6	3	0	0	0	0	0	0	0	0	0	5	2576	2	2	0	0	0	0	0.000
54650	6	6	6	0	1	0.036	0.036	6	3	0	0	0	0	0	0	0	0	0	5	2576	2	2	0	0	0	0	0.000
54827	2	2	12	0	1	0.110	0.110	19	10	81	81	2592	74	7	10	25	18	31	56	5722	7	1	7	10	1	8	0.004
55182	6	6	8	0	1	0.200	0.200	42	30	415	415	13280	405	10	13	163	88	154	469	2576	2	2	10	13	7	31	0.009
55331	6	6	3	0	1	0.035	0.035	6	3	0	0	0	0	0	0	0	0	0	5	2576	2	2	0	0	0	0	0.000
55384	2	2	13	0	1	0.390	0.389	30	12	540	540	17280	517	23	33	158	147	212	421	13279	13	0	23	33	2	2	0.008
55648	6	6	4	0	1	0.035	0.036	6	3	0	0	0	0	0	0	0	0	0	5	2576	2	2	0	0	0	0	0.000
