case,seed,replicate,n,k,exp_z,cofaces,facets,incidences,source_nodes,virtual_nodes,point_internal_nodes,point_output_nodes,full_geometry_nodes,native_command_wall_ms,native_chain_wall_ms,native_chain_reported_ms,native_tower_ms,native_read_and_validate_ms,first_coverage_ms,measure_and_naive_graph_ms,full_facet_tree_ms,routing_ms,point_tree_and_validate_ms,unit_elapsed_ms,hdbscan_fit_m20_ms,hgp_exclusive_point_routing_m20_selection_ms,hgp_weighted_full_vote_m20_selection_ms,hgp_first_coverage_m20_selection_ms,hdbscan_common_m20_selection_ms,hdbscan_standard_m20_selection_ms,hdbscan_fit_m50_ms,hgp_exclusive_point_routing_m50_selection_ms,hgp_weighted_full_vote_m50_selection_ms,hgp_first_coverage_m50_selection_ms,hdbscan_common_m50_selection_ms,hdbscan_standard_m50_selection_ms,previous_n,cofaces_ratio_to_previous_n,facets_ratio_to_previous_n,incidences_ratio_to_previous_n,source_nodes_ratio_to_previous_n,virtual_nodes_ratio_to_previous_n,point_internal_nodes_ratio_to_previous_n,point_output_nodes_ratio_to_previous_n,full_geometry_nodes_ratio_to_previous_n,native_command_wall_ms_ratio_to_previous_n,native_chain_wall_ms_ratio_to_previous_n,native_chain_reported_ms_ratio_to_previous_n,native_tower_ms_ratio_to_previous_n,native_read_and_validate_ms_ratio_to_previous_n,first_coverage_ms_ratio_to_previous_n,measure_and_naive_graph_ms_ratio_to_previous_n,full_facet_tree_ms_ratio_to_previous_n,routing_ms_ratio_to_previous_n,point_tree_and_validate_ms_ratio_to_previous_n,unit_elapsed_ms_ratio_to_previous_n,hdbscan_fit_m20_ms_ratio_to_previous_n,hgp_exclusive_point_routing_m20_selection_ms_ratio_to_previous_n,hgp_weighted_full_vote_m20_selection_ms_ratio_to_previous_n,hgp_first_coverage_m20_selection_ms_ratio_to_previous_n,hdbscan_common_m20_selection_ms_ratio_to_previous_n,hdbscan_standard_m20_selection_ms_ratio_to_previous_n,hdbscan_fit_m50_ms_ratio_to_previous_n,hgp_exclusive_point_routing_m50_selection_ms_ratio_to_previous_n,hgp_weighted_full_vote_m50_selection_ms_ratio_to_previous_n,hgp_first_coverage_m50_selection_ms_ratio_to_previous_n,hdbscan_common_m50_selection_ms_ratio_to_previous_n,hdbscan_standard_m50_selection_ms_ratio_to_previous_n
quality_spherical_n400_g8_d4_noise0_s1,2026092801,1,400,5,1,6344,24920,124600,32872,171027,343,743,8085,824.099021996517,574.219849,564.2337,55.970708,970.1952909999818,35.496885000611655,452.71561299887253,711.4249499973084,2334.0973220001615,212.06239299863228,14618.316331001552,32.98640400316799,20.573520003381418,500.83003300096607,12.899702000140678,16.66252699942561,0.0,20.92484399690875,12.798842999472981,307.33303599845385,9.317292002378963,7.95666500198422,0.0,,,,,,,,,,,,,,,,,,,,,,,,,,,,,,,,
quality_spherical_n800_g8_d4_noise0_s1,2026092801,1,800,5,1,15166,58789,293945,77643,404213,696,1496,18927,2044.31809700327,1427.319574,1403.184855,139.233412,2317.5556260030135,88.99122499860823,1090.7417349990283,1958.7274810000963,5819.385783997859,879.8999040009221,36634.02919899818,50.94810299851815,29.80915900116088,752.5650259995018,18.281325999851106,18.627130997629138,0.0,41.4578089985298,22.078195001085987,754.8950310010696,18.269574000441935,16.433380002126796,0.0,400,2.390605296343001,2.3591091492776886,2.3591091492776886,2.3619798004380628,2.3634455378390546,2.0291545189504374,2.0134589502018843,2.3410018552875695,2.4806704563858957,2.485667425961794,2.486885939283669,2.4876121274006393,2.388751674535861,2.507015052083438,2.4093309434895605,2.753245414020842,2.4932061440398914,4.149250093610879,2.5060361514620646,1.544518250416903,1.4489090343442208,1.5026355777630656,1.4171897924193704,1.1179055252706418,,1.9812720708768203,1.72501490970669,2.4562768807088715,1.960824453690751,2.065360298319543,
quality_spherical_n1600_g8_d4_noise0_s1,2026092801,1,1600,5,1,35594,136422,682110,180379,939341,1410,3010,44100,5054.950057001406,3466.319964,3411.927908,343.117718,5779.974094999488,200.0169540006027,2583.748036999168,4785.442484000669,15283.028647001629,1413.0487050024385,90210.82170899899,80.18691899997066,54.69841100057238,2546.4229960016382,35.23990499888896,33.50956999929622,0.0,66.75047700264258,44.116705998021644,1990.8484699990368,27.63745099946391,32.480199999554316,0.0,800,2.346960305947514,2.3205361547228223,2.3205361547228223,2.323184317968136,2.323876273153016,2.0258620689655173,2.0120320855614975,2.3300047551117453,2.472682731915042,2.4285521106431625,2.431559816115604,2.464334623933514,2.4939958420622492,2.2476031092248796,2.3687990970671624,2.4431384817030772,2.626227099263102,1.6059198308549396,2.4624870286303633,1.5738941055823596,1.8349531765871765,3.383658432199484,1.9276449093012167,1.7989657131611583,,1.6100821199935995,1.9982025702668005,2.637252052591953,1.512758370764166,1.9764771456237702,
quality_spherical_n400_g8_d4_noise0_s1,2026092801,1,400,5,2,6344,24920,124600,32872,171027,344,744,8085,824.099021996517,574.219849,564.2337,55.970708,970.1952909999818,35.496885000611655,322.0999789991765,751.6405829992436,2143.7191029981477,418.10390899991035,14618.316331001552,32.98640400316799,10.852383999008453,324.1412949973892,13.423898999462835,9.59879700167221,,20.92484399690875,10.764290000224719,327.599022002687,6.944809003471164,10.016356001870008,,,,,,,,,,,,,,,,,,,,,,,,,,,,,,,,,
quality_spherical_n800_g8_d4_noise0_s1,2026092801,1,800,5,2,15166,58789,293945,77643,404213,696,1496,18927,2044.31809700327,1427.319574,1403.184855,139.233412,2317.5556260030135,88.99122499860823,1032.688199000404,2054.1958319990954,5964.785783002299,965.4754680013866,36634.02919899818,50.94810299851815,24.54458300053375,895.2328420018603,17.392319001373835,16.83645099910791,,41.4578089985298,22.61879300203873,904.3848769979377,15.340912999818102,17.292212000029394,,400,2.390605296343001,2.3591091492776886,2.3591091492776886,2.3619798004380628,2.3634455378390546,2.0232558139534884,2.010752688172043,2.3410018552875695,2.4806704563858957,2.485667425961794,2.486885939283669,2.4876121274006393,2.388751674535861,2.507015052083438,3.206110730615863,2.732949601792806,2.782447464623565,2.309175894362647,2.5060361514620646,1.544518250416903,2.2616766051382173,2.7618598920235415,1.2956234997052494,1.754016778995829,,1.9812720708768203,2.1012805304917026,2.7606458391396536,2.2089755084913616,1.7263975039226858,
quality_spherical_n1600_g8_d4_noise0_s1,2026092801,1,1600,5,2,35594,136422,682110,180379,939341,1408,3008,44100,5054.950057001406,3466.319964,3411.927908,343.117718,5779.974094999488,200.0169540006027,2652.2128710021207,4996.248886000103,15063.191837998602,2395.7700410028338,90210.82170899899,80.18691899997066,51.90845399920363,2022.547984000994,31.70954199958942,433.3977149981365,,66.75047700264258,48.97312100001727,2107.6858050000737,27.484095000545494,33.862186999613186,,800,2.346960305947514,2.3205361547228223,2.3205361547228223,2.323184317968136,2.323876273153016,2.0229885057471266,2.0106951871657754,2.3300047551117453,2.472682731915042,2.4285521106431625,2.431559816115604,2.464334623933514,2.4939958420622492,2.2476031092248796,2.5682610429453385,2.43221644605221,2.525353363221158,2.481440616986648,2.4624870286303633,1.5738941055823596,2.11486395992447,2.2592423882465105,1.8231922952358828,25.74163135812294,,1.6100821199935995,2.1651518273147077,2.3305186305154018,1.7915553657641743,1.9582333942907724,
quality_spherical_n400_g8_d4_noise0_s2,2026092802,2,400,5,1,6074,23857,119285,31433,163584,348,748,7839,806.8380689946935,564.877417,555.205032,52.51221,934.7522669995669,31.999092003388796,395.58393100014655,665.0194839967298,2194.8434939986328,220.48783200443722,14255.230891998508,31.92251000291435,33.25654699438019,477.8963830030989,11.473262005893048,8.419368001341354,0.0,20.03275199967902,11.240718995395582,340.0108839996392,7.025418999546673,7.960131995787378,0.0,,,,,,,,,,,,,,,,,,,,,,,,,,,,,,,,
quality_spherical_n800_g8_d4_noise0_s2,2026092802,2,800,5,1,14981,57913,289565,76366,397577,697,1497,18891,1985.4414889996406,1371.561322,1346.692685,156.114046,2218.087055000069,78.31827600602992,983.9332650008146,1941.8125939992024,5404.887415999838,884.1832510006498,35786.148541999864,48.423426000226755,29.18715000123484,758.5138980066404,18.666162999579683,16.962927002168726,0.0,36.84074999910081,22.683493996737525,789.4819780049147,15.911718001007102,16.681772998708766,0.0,400,2.466414224563714,2.4275055539254726,2.4275055539254726,2.4294849362135333,2.4304149550078247,2.0028735632183907,2.001336898395722,2.409873708381171,2.4607682325568336,2.4280689592517377,2.425577232520472,2.9729094623897945,2.3729143360302722,2.4475155731836327,2.4872933096982903,2.919933386506238,2.462538869299081,4.010122658300962,2.5103871563446023,1.5169053434647202,0.8776362141916595,1.5871932179945414,1.6269272844978282,2.0147506320505566,,1.8390259111524516,2.0179753631443975,2.3219314885395037,2.2648781520410144,2.0956653743351255,
quality_spherical_n1600_g8_d4_noise0_s2,2026092802,2,1600,5,1,34600,132954,664770,175771,915272,1421,3021,42946,4923.77655999735,3458.517937,3405.5404009999997,375.76624,5504.320259999076,207.81150800030446,2444.5895259996178,4873.082229001739,14054.59925300238,1402.2434590006014,86369.07608799811,83.21238099597394,51.9118609954603,2615.9261180000613,34.232175996294245,422.18663999665296,0.0,73.54430400300771,47.1625150021282,1932.4556660067174,28.377549999277107,38.11673900054302,0.0,800,2.3095921500567385,2.295753975791273,2.295753975791273,2.3016918523950447,2.3021251229321615,2.0387374461979912,2.0180360721442887,2.2733576835530145,2.4799403997939935,2.5215919124613517,2.528817776269424,2.406998278681471,2.4815618699866153,2.6534229122242747,2.4845074487827117,2.5095533132605383,2.6003500482539565,1.5859194996214319,2.4134778289044534,1.7184323347047827,1.7785861584040932,3.4487517300271806,1.833916054256307,24.888784815419886,,1.996275971710748,2.07915566309632,2.44775146215521,1.7834372125926945,2.284933322344897,
quality_spherical_n400_g8_d4_noise0_s2,2026092802,2,400,5,2,6074,23857,119285,31433,163584,348,748,7839,806.8380689946935,564.877417,555.205032,52.51221,934.7522669995669,31.999092003388796,295.91187099867966,781.4295150019461,2163.3743889979087,391.7391619979753,14255.230891998508,31.92251000291435,12.230054002429824,355.18734099605354,7.225592002214398,8.388730995648075,,20.03275199967902,12.775851006153971,295.5374430021038,6.882782996399328,7.981121001648717,,,,,,,,,,,,,,,,,,,,,,,,,,,,,,,,,
quality_spherical_n800_g8_d4_noise0_s2,2026092802,2,800,5,2,14981,57913,289565,76366,397577,699,1499,18891,1985.4414889996406,1371.561322,1346.692685,156.114046,2218.087055000069,78.31827600602992,985.148150997702,1920.3125149942935,6140.527075003774,568.596274999436,35786.148541999864,48.423426000226755,24.210461000620853,1161.389364002389,14.000444003613666,15.792435995535925,,36.84074999910081,21.908809001615737,856.523117996403,13.614554998639505,18.56364100240171,,400,2.466414224563714,2.4275055539254726,2.4275055539254726,2.4294849362135333,2.4304149550078247,2.0086206896551726,2.0040106951871657,2.409873708381171,2.4607682325568336,2.4280689592517377,2.425577232520472,2.9729094623897945,2.3729143360302722,2.4475155731836327,3.329194424248352,2.4574353516574186,2.8384024079383288,1.4514665117968848,2.5103871563446023,1.5169053434647202,1.9795874160335518,3.269793795988053,1.9376189520973515,1.8825774725317526,,1.8390259111524516,1.7148610289101314,2.898188159495938,1.9780596025999728,2.325944062064325,
quality_spherical_n1600_g8_d4_noise0_s2,2026092802,2,1600,5,2,34600,132954,664770,175771,915272,1423,3023,42946,4923.77655999735,3458.517937,3405.5404009999997,375.76624,5504.320259999076,207.81150800030446,2825.0555559934583,4688.069313000597,14215.592733002268,1391.5655159944436,86369.07608799811,83.21238099597394,45.00137600552989,2576.77744099783,29.267910002090503,34.38565200485755,,73.54430400300771,49.73285699816188,1934.769330000563,27.504843004862778,34.875565994298086,,800,2.3095921500567385,2.295753975791273,2.295753975791273,2.3016918523950447,2.3021251229321615,2.035765379113019,2.0166777851901267,2.2733576835530145,2.4799403997939935,2.5215919124613517,2.528817776269424,2.406998278681471,2.4815618699866153,2.6534229122242747,2.867645392352818,2.441305400238215,2.3150443861520684,2.4473700887256498,2.4134778289044534,1.7184323347047827,1.858757501741742,2.218702461780535,2.0904987009366374,2.1773494611330007,,1.996275971710748,2.2699936356419084,2.2588641092681963,2.0202528108786018,1.8787028896855948,
