index	name	status	exit_code	wall_seconds	timeout_seconds	max_rss_kb
0	gates_cpp	ok	0	0.271	300	16128
1	cat_lidar02_k5_w1	ok	0	8.526	420	370144
2	cat_lidar02_k5_w12	ok	0	0.795	240	405708
3	cat_lidar02_k5_w24	ok	0	0.495	240	410376
4	cat_lidar02_k5_w48	ok	0	0.329	240	437680
5	cat_lidar02_k10_w24	ok	0	1.663	300	1819664
6	cat_lidar02_k10_w48	ok	0	1.132	300	1804804
7	tower_lidar00_k5_w48	ok	0	1.214	300	736084
8	tower_lidar00_k10_w48	ok	0	4.775	300	3213008
9	tower_lidar01_k5_w48	ok	0	1.014	300	641932
10	tower_lidar01_k10_w48	ok	0	3.813	300	2763264
11	tower_lidar02_k5_w48	ok	0	1.227	300	771808
12	tower_lidar02_k10_w48	ok	0	4.621	300	3225240
13	tower_lidar00_k5_cover_w48	ok	0	1.252	240	739028
14	cluster_lidar00_k5_cover_w48	ok	0	0.566	240	486164
15	tower_lidar01_k5_cover_w48	ok	0	1.036	240	649468
16	cluster_lidar01_k5_cover_w48	ok	0	0.475	240	435116
17	tower_lidar02_k5_cover_w48	ok	0	1.292	240	778756
18	cluster_lidar02_k5_cover_w48	ok	0	0.572	240	433528
19	tower_lidar02_k5_w24	ok	0	1.752	240	806980
