avant	lidar02_full	5	1	10.5180	11.3084	0.4553	1407885
apres	lidar02_full	5	1	6.3662	7.1043	0.4635	1407885
apres_v3	lidar02_full	5	1	5.9526	6.6994	0.4821	1407885
avant	lidar02_full	10	1	38.4352	41.5193	1.9739	5483320
apres	lidar02_full	10	1	26.1400	29.1018	1.9729	5483320
apres_v3	lidar02_full	10	1	24.3229	27.3540	2.0659	5483320
avant	lidar00_full	5	1	10.6713	11.4018	0.4094	1306696
apres	lidar00_full	5	1	6.7155	7.4138	0.4332	1306696
apres_v3	lidar00_full	5	1	6.1034	6.8014	0.4382	1306696
avant	lidar00_full	10	1	39.5259	42.6837	2.0790	5512670
apres	lidar00_full	10	1	26.9728	29.9077	1.9826	5512670
apres_v3	lidar00_full	10	1	25.4677	28.4988	2.0743	5512670
avant	lidar01_quarter_x_neg_y_neg	5	1	1.6878	1.7887	0.0554	210424
apres	lidar01_quarter_x_neg_y_neg	5	1	0.9735	1.0695	0.0597	210424
apres_v3	lidar01_quarter_x_neg_y_neg	5	1	0.9003	0.9954	0.0622	210424
avant	lidar01_quarter_x_neg_y_neg	10	1	6.0057	6.3801	0.2507	767555
apres	lidar01_quarter_x_neg_y_neg	10	1	3.9071	4.2495	0.2391	767555
apres_v3	lidar01_quarter_x_neg_y_neg	10	1	3.6296	3.9762	0.2491	767555
avant	lidar02_full	5	2	10.3399	11.1411	0.4520	1407885
apres	lidar02_full	5	2	6.3131	7.0145	0.4353	1407885
apres_v3	lidar02_full	5	2	5.8295	6.5521	0.4665	1407885
avant	lidar02_full	10	2	37.7306	40.7210	1.9007	5483320
apres	lidar02_full	10	2	25.4720	28.4794	1.9935	5483320
apres_v3	lidar02_full	10	2	23.7255	26.6695	1.9798	5483320
avant	lidar00_full	5	2	10.4817	11.1971	0.4086	1306696
apres	lidar00_full	5	2	6.4676	7.1397	0.4062	1306696
apres_v3	lidar00_full	5	2	6.0345	6.7263	0.4397	1306696
avant	lidar00_full	10	2	39.1609	42.2978	2.0234	5512670
apres	lidar00_full	10	2	27.0660	30.0479	2.0155	5512670
apres_v3	lidar00_full	10	2	25.1133	28.1690	2.0977	5512670
avant	lidar01_quarter_x_neg_y_neg	5	2	1.7114	1.8188	0.0607	210424
apres	lidar01_quarter_x_neg_y_neg	5	2	0.9813	1.0818	0.0641	210424
apres_v3	lidar01_quarter_x_neg_y_neg	5	2	0.8977	0.9913	0.0595	210424
avant	lidar01_quarter_x_neg_y_neg	10	2	6.0932	6.4696	0.2516	767555
apres	lidar01_quarter_x_neg_y_neg	10	2	3.9334	4.2806	0.2422	767555
apres_v3	lidar01_quarter_x_neg_y_neg	10	2	3.6007	3.9601	0.2613	767555
avant	lidar02_full	5	3	10.3211	11.1237	0.4669	1407885
apres	lidar02_full	5	3	6.2073	6.9281	0.4459	1407885
apres_v3	lidar02_full	5	3	5.8135	6.5416	0.4690	1407885
avant	lidar02_full	10	3	37.8937	40.9606	1.9757	5483320
apres	lidar02_full	10	3	25.4358	28.3662	1.9366	5483320
apres_v3	lidar02_full	10	3	23.7318	26.7117	2.0249	5483320
avant	lidar00_full	5	3	10.4507	11.1912	0.4283	1306696
apres	lidar00_full	5	3	6.4429	7.1195	0.4125	1306696
apres_v3	lidar00_full	5	3	5.9999	6.6939	0.4382	1306696
avant	lidar00_full	10	3	39.1562	42.1423	1.9566	5512670
apres	lidar00_full	10	3	26.8537	29.7433	1.9389	5512670
apres_v3	lidar00_full	10	3	25.1967	28.1385	2.0175	5512670
avant	lidar01_quarter_x_neg_y_neg	5	3	1.6931	1.7966	0.0574	210424
apres	lidar01_quarter_x_neg_y_neg	5	3	0.9799	1.0851	0.0683	210424
apres_v3	lidar01_quarter_x_neg_y_neg	5	3	0.9129	1.0067	0.0569	210424
avant	lidar01_quarter_x_neg_y_neg	10	3	6.0317	6.3872	0.2327	767555
apres	lidar01_quarter_x_neg_y_neg	10	3	3.9109	4.2554	0.2413	767555
apres_v3	lidar01_quarter_x_neg_y_neg	10	3	3.6369	3.9818	0.2471	767555
