scene,seed,family,n,level,ari_ms1_sqrt,clusters,coverage
anisotropic_n2000_g8_easy_noise0,2026092800,anisotropic,2000,easy,0.9966,8,0.997
anisotropic_n2000_g8_easy_noise0,2026092801,anisotropic,2000,easy,0.988,8,0.993
anisotropic_n2000_g8_easy_noise0,2026092802,anisotropic,2000,easy,0.9954,8,0.996
anisotropic_n2000_g8_easy_noise0,2026092803,anisotropic,2000,easy,0.8658,7,0.995
anisotropic_n2000_g8_easy_noise0,2026092804,anisotropic,2000,easy,1.0,8,1.0
anisotropic_n2000_g8_extreme_noise0,2026092800,anisotropic,2000,extreme,0.5013,9,0.776
anisotropic_n2000_g8_extreme_noise0,2026092801,anisotropic,2000,extreme,0.3427,3,0.919
anisotropic_n2000_g8_extreme_noise0,2026092802,anisotropic,2000,extreme,0.3661,5,0.762
anisotropic_n2000_g8_extreme_noise0,2026092803,anisotropic,2000,extreme,0.324,7,0.719
anisotropic_n2000_g8_extreme_noise0,2026092804,anisotropic,2000,extreme,0.4425,5,0.824
anisotropic_n2000_g8_hard_noise0,2026092800,anisotropic,2000,hard,0.773,7,0.941
anisotropic_n2000_g8_hard_noise0,2026092801,anisotropic,2000,hard,0.7438,7,0.914
anisotropic_n2000_g8_hard_noise0,2026092802,anisotropic,2000,hard,0.0767,2,0.994
anisotropic_n2000_g8_hard_noise0,2026092803,anisotropic,2000,hard,0.4741,5,0.843
anisotropic_n2000_g8_hard_noise0,2026092804,anisotropic,2000,hard,0.7364,7,0.911
anisotropic_n2000_g8_medium_noise0,2026092800,anisotropic,2000,medium,0.8512,7,0.982
anisotropic_n2000_g8_medium_noise0,2026092801,anisotropic,2000,medium,0.8045,7,0.949
anisotropic_n2000_g8_medium_noise0,2026092802,anisotropic,2000,medium,0.9012,8,0.946
anisotropic_n2000_g8_medium_noise0,2026092803,anisotropic,2000,medium,0.6483,6,0.98
anisotropic_n2000_g8_medium_noise0,2026092804,anisotropic,2000,medium,0.9644,8,0.976
bridge_n2000_g8_easy_noise0,2026092800,bridge,2000,easy,0.9738,8,0.998
bridge_n2000_g8_easy_noise0,2026092801,bridge,2000,easy,0.9721,8,0.995
bridge_n2000_g8_easy_noise0,2026092802,bridge,2000,easy,0.97,8,0.993
bridge_n2000_g8_easy_noise0,2026092803,bridge,2000,easy,0.9754,8,0.992
bridge_n2000_g8_easy_noise0,2026092804,bridge,2000,easy,0.9752,8,0.989
bridge_n2000_g8_extreme_noise0,2026092800,bridge,2000,extreme,0.1575,3,0.942
bridge_n2000_g8_extreme_noise0,2026092801,bridge,2000,extreme,0.4335,8,0.702
bridge_n2000_g8_extreme_noise0,2026092802,bridge,2000,extreme,0.1614,3,0.939
bridge_n2000_g8_extreme_noise0,2026092803,bridge,2000,extreme,0.155,3,0.924
bridge_n2000_g8_extreme_noise0,2026092804,bridge,2000,extreme,0.1623,3,0.971
bridge_n2000_g8_hard_noise0,2026092800,bridge,2000,hard,0.8751,8,0.925
bridge_n2000_g8_hard_noise0,2026092801,bridge,2000,hard,0.8411,8,0.912
bridge_n2000_g8_hard_noise0,2026092802,bridge,2000,hard,0.8761,8,0.936
bridge_n2000_g8_hard_noise0,2026092803,bridge,2000,hard,0.8347,8,0.898
bridge_n2000_g8_hard_noise0,2026092804,bridge,2000,hard,0.8455,8,0.91
bridge_n2000_g8_medium_noise0,2026092800,bridge,2000,medium,0.9052,8,0.944
bridge_n2000_g8_medium_noise0,2026092801,bridge,2000,medium,0.8764,8,0.928
bridge_n2000_g8_medium_noise0,2026092802,bridge,2000,medium,0.911,8,0.951
bridge_n2000_g8_medium_noise0,2026092803,bridge,2000,medium,0.8861,8,0.932
bridge_n2000_g8_medium_noise0,2026092804,bridge,2000,medium,0.8976,8,0.94
filaments_n2000_g8_easy_noise0,2026092800,filaments,2000,easy,0.8706,7,1.0
filaments_n2000_g8_easy_noise0,2026092801,filaments,2000,easy,0.9943,8,0.996
filaments_n2000_g8_easy_noise0,2026092802,filaments,2000,easy,1.0,8,1.0
filaments_n2000_g8_easy_noise0,2026092803,filaments,2000,easy,1.0,8,1.0
filaments_n2000_g8_easy_noise0,2026092804,filaments,2000,easy,1.0,8,1.0
filaments_n2000_g8_extreme_noise0,2026092800,filaments,2000,extreme,0.2097,11,0.688
filaments_n2000_g8_extreme_noise0,2026092801,filaments,2000,extreme,0.2872,11,0.722
filaments_n2000_g8_extreme_noise0,2026092802,filaments,2000,extreme,0.0765,2,0.99
filaments_n2000_g8_extreme_noise0,2026092803,filaments,2000,extreme,0.3841,12,0.804
filaments_n2000_g8_extreme_noise0,2026092804,filaments,2000,extreme,0.3707,10,0.794
filaments_n2000_g8_hard_noise0,2026092800,filaments,2000,hard,0.5487,8,0.903
filaments_n2000_g8_hard_noise0,2026092801,filaments,2000,hard,0.0767,2,0.999
filaments_n2000_g8_hard_noise0,2026092802,filaments,2000,hard,0.0767,2,1.0
filaments_n2000_g8_hard_noise0,2026092803,filaments,2000,hard,0.427,3,0.997
filaments_n2000_g8_hard_noise0,2026092804,filaments,2000,hard,0.6725,5,0.995
filaments_n2000_g8_medium_noise0,2026092800,filaments,2000,medium,0.7632,6,0.999
filaments_n2000_g8_medium_noise0,2026092801,filaments,2000,medium,0.9622,8,0.973
filaments_n2000_g8_medium_noise0,2026092802,filaments,2000,medium,0.7546,6,0.992
filaments_n2000_g8_medium_noise0,2026092803,filaments,2000,medium,0.7635,6,1.0
filaments_n2000_g8_medium_noise0,2026092804,filaments,2000,medium,0.87,7,1.0
heteroscedastic_n2000_g8_easy_noise0,2026092800,heteroscedastic,2000,easy,0.9972,8,0.999
heteroscedastic_n2000_g8_easy_noise0,2026092801,heteroscedastic,2000,easy,0.9943,8,0.995
heteroscedastic_n2000_g8_easy_noise0,2026092802,heteroscedastic,2000,easy,0.9989,8,0.999
heteroscedastic_n2000_g8_easy_noise0,2026092803,heteroscedastic,2000,easy,0.9926,8,0.994
heteroscedastic_n2000_g8_easy_noise0,2026092804,heteroscedastic,2000,easy,0.9994,8,1.0
heteroscedastic_n2000_g8_extreme_noise0,2026092800,heteroscedastic,2000,extreme,0.252,4,0.47
heteroscedastic_n2000_g8_extreme_noise0,2026092801,heteroscedastic,2000,extreme,0.2622,4,0.49
heteroscedastic_n2000_g8_extreme_noise0,2026092802,heteroscedastic,2000,extreme,0.2806,5,0.532
heteroscedastic_n2000_g8_extreme_noise0,2026092803,heteroscedastic,2000,extreme,0.2569,4,0.465
heteroscedastic_n2000_g8_extreme_noise0,2026092804,heteroscedastic,2000,extreme,0.2957,5,0.504
heteroscedastic_n2000_g8_hard_noise0,2026092800,heteroscedastic,2000,hard,0.4949,7,0.662
heteroscedastic_n2000_g8_hard_noise0,2026092801,heteroscedastic,2000,hard,0.5982,6,0.758
heteroscedastic_n2000_g8_hard_noise0,2026092802,heteroscedastic,2000,hard,0.4861,6,0.636
heteroscedastic_n2000_g8_hard_noise0,2026092803,heteroscedastic,2000,hard,0.592,5,0.739
heteroscedastic_n2000_g8_hard_noise0,2026092804,heteroscedastic,2000,hard,0.4605,6,0.618
heteroscedastic_n2000_g8_medium_noise0,2026092800,heteroscedastic,2000,medium,0.769,8,0.847
heteroscedastic_n2000_g8_medium_noise0,2026092801,heteroscedastic,2000,medium,0.7655,7,0.847
heteroscedastic_n2000_g8_medium_noise0,2026092802,heteroscedastic,2000,medium,0.8087,7,0.812
heteroscedastic_n2000_g8_medium_noise0,2026092803,heteroscedastic,2000,medium,0.8173,7,0.897
heteroscedastic_n2000_g8_medium_noise0,2026092804,heteroscedastic,2000,medium,0.7914,7,0.9
hierarchical_n2000_g8_easy_noise0,2026092800,hierarchical,2000,easy,1.0,8,1.0
hierarchical_n2000_g8_easy_noise0,2026092801,hierarchical,2000,easy,1.0,8,1.0
hierarchical_n2000_g8_easy_noise0,2026092802,hierarchical,2000,easy,0.9983,8,1.0
hierarchical_n2000_g8_easy_noise0,2026092803,hierarchical,2000,easy,0.9651,9,0.998
hierarchical_n2000_g8_easy_noise0,2026092804,hierarchical,2000,easy,1.0,8,1.0
hierarchical_n2000_g8_extreme_noise0,2026092800,hierarchical,2000,extreme,0.4638,24,1.0
hierarchical_n2000_g8_extreme_noise0,2026092801,hierarchical,2000,extreme,0.4638,24,1.0
hierarchical_n2000_g8_extreme_noise0,2026092802,hierarchical,2000,extreme,0.4638,24,1.0
hierarchical_n2000_g8_extreme_noise0,2026092803,hierarchical,2000,extreme,0.4638,24,1.0
hierarchical_n2000_g8_extreme_noise0,2026092804,hierarchical,2000,extreme,0.4638,24,1.0
hierarchical_n2000_g8_hard_noise0,2026092800,hierarchical,2000,hard,0.4627,24,0.999
hierarchical_n2000_g8_hard_noise0,2026092801,hierarchical,2000,hard,0.4634,24,1.0
hierarchical_n2000_g8_hard_noise0,2026092802,hierarchical,2000,hard,0.4627,24,0.999
hierarchical_n2000_g8_hard_noise0,2026092803,hierarchical,2000,hard,0.4634,24,1.0
hierarchical_n2000_g8_hard_noise0,2026092804,hierarchical,2000,hard,0.4631,24,0.999
hierarchical_n2000_g8_medium_noise0,2026092800,hierarchical,2000,medium,0.4608,24,0.996
hierarchical_n2000_g8_medium_noise0,2026092801,hierarchical,2000,medium,0.4616,24,0.997
hierarchical_n2000_g8_medium_noise0,2026092802,hierarchical,2000,medium,0.4608,24,0.996
hierarchical_n2000_g8_medium_noise0,2026092803,hierarchical,2000,medium,0.4609,24,0.996
hierarchical_n2000_g8_medium_noise0,2026092804,hierarchical,2000,medium,0.4612,24,0.997
shells_n2000_g8_easy_noise0,2026092800,shells,2000,easy,1.0,8,1.0
shells_n2000_g8_easy_noise0,2026092801,shells,2000,easy,1.0,8,1.0
shells_n2000_g8_easy_noise0,2026092802,shells,2000,easy,1.0,8,1.0
shells_n2000_g8_easy_noise0,2026092803,shells,2000,easy,1.0,8,1.0
shells_n2000_g8_easy_noise0,2026092804,shells,2000,easy,1.0,8,1.0
shells_n2000_g8_extreme_noise0,2026092800,shells,2000,extreme,1.0,8,1.0
shells_n2000_g8_extreme_noise0,2026092801,shells,2000,extreme,1.0,8,1.0
shells_n2000_g8_extreme_noise0,2026092802,shells,2000,extreme,1.0,8,1.0
shells_n2000_g8_extreme_noise0,2026092803,shells,2000,extreme,1.0,8,1.0
shells_n2000_g8_extreme_noise0,2026092804,shells,2000,extreme,1.0,8,1.0
shells_n2000_g8_hard_noise0,2026092800,shells,2000,hard,1.0,8,1.0
shells_n2000_g8_hard_noise0,2026092801,shells,2000,hard,1.0,8,1.0
shells_n2000_g8_hard_noise0,2026092802,shells,2000,hard,1.0,8,1.0
shells_n2000_g8_hard_noise0,2026092803,shells,2000,hard,1.0,8,1.0
shells_n2000_g8_hard_noise0,2026092804,shells,2000,hard,1.0,8,1.0
shells_n2000_g8_medium_noise0,2026092800,shells,2000,medium,1.0,8,1.0
shells_n2000_g8_medium_noise0,2026092801,shells,2000,medium,1.0,8,1.0
shells_n2000_g8_medium_noise0,2026092802,shells,2000,medium,1.0,8,1.0
shells_n2000_g8_medium_noise0,2026092803,shells,2000,medium,1.0,8,1.0
shells_n2000_g8_medium_noise0,2026092804,shells,2000,medium,1.0,8,1.0
spherical_n2000_g16_hard_noise0,2026092800,spherical,2000,hard,0.7892,15,0.92
spherical_n2000_g16_hard_noise0,2026092801,spherical,2000,hard,0.7548,15,0.896
spherical_n2000_g16_hard_noise0,2026092802,spherical,2000,hard,0.773,16,0.886
spherical_n2000_g16_hard_noise0,2026092803,spherical,2000,hard,0.7963,16,0.907
spherical_n2000_g16_hard_noise0,2026092804,spherical,2000,hard,0.6421,14,0.877
spherical_n2000_g16_medium_noise0,2026092800,spherical,2000,medium,0.9301,16,0.955
spherical_n2000_g16_medium_noise0,2026092801,spherical,2000,medium,0.897,15,0.973
spherical_n2000_g16_medium_noise0,2026092802,spherical,2000,medium,0.8859,15,0.966
spherical_n2000_g16_medium_noise0,2026092803,spherical,2000,medium,0.9284,16,0.956
spherical_n2000_g16_medium_noise0,2026092804,spherical,2000,medium,0.8561,15,0.945
spherical_n2000_g2_medium_noise0,2026092800,spherical,2000,medium,0.6622,2,0.823
spherical_n2000_g2_medium_noise0,2026092801,spherical,2000,medium,0.7964,2,0.906
spherical_n2000_g2_medium_noise0,2026092802,spherical,2000,medium,0.7422,2,0.867
spherical_n2000_g2_medium_noise0,2026092803,spherical,2000,medium,0.8108,2,0.905
spherical_n2000_g2_medium_noise0,2026092804,spherical,2000,medium,0.819,2,0.911
spherical_n2000_g32_medium_noise0,2026092800,spherical,2000,medium,0.8802,30,0.967
spherical_n2000_g32_medium_noise0,2026092801,spherical,2000,medium,0.7785,28,0.953
spherical_n2000_g32_medium_noise0,2026092802,spherical,2000,medium,0.8035,30,0.938
spherical_n2000_g32_medium_noise0,2026092803,spherical,2000,medium,0.8006,29,0.94
spherical_n2000_g32_medium_noise0,2026092804,spherical,2000,medium,0.0317,7,1.0
spherical_n2000_g4_hard_noise0,2026092800,spherical,2000,hard,0.7374,4,0.846
spherical_n2000_g4_hard_noise0,2026092801,spherical,2000,hard,0.7516,4,0.847
spherical_n2000_g4_hard_noise0,2026092802,spherical,2000,hard,0.802,4,0.89
spherical_n2000_g4_hard_noise0,2026092803,spherical,2000,hard,0.7119,4,0.825
spherical_n2000_g4_hard_noise0,2026092804,spherical,2000,hard,0.7719,4,0.875
spherical_n2000_g4_medium_noise0,2026092800,spherical,2000,medium,0.8841,4,0.929
spherical_n2000_g4_medium_noise0,2026092801,spherical,2000,medium,0.8248,4,0.882
spherical_n2000_g4_medium_noise0,2026092802,spherical,2000,medium,0.8936,4,0.932
spherical_n2000_g4_medium_noise0,2026092803,spherical,2000,medium,0.8516,4,0.907
spherical_n2000_g4_medium_noise0,2026092804,spherical,2000,medium,0.8734,4,0.921
spherical_n2000_g8_easy_noise0,2026092800,spherical,2000,easy,0.9931,8,0.995
spherical_n2000_g8_easy_noise0,2026092801,spherical,2000,easy,0.996,8,0.998
spherical_n2000_g8_easy_noise0,2026092802,spherical,2000,easy,0.9932,8,0.995
spherical_n2000_g8_easy_noise0,2026092803,spherical,2000,easy,0.9943,8,0.997
spherical_n2000_g8_easy_noise0,2026092804,spherical,2000,easy,0.996,8,0.998
spherical_n2000_g8_extreme_noise0,2026092800,spherical,2000,extreme,0.5538,8,0.763
spherical_n2000_g8_extreme_noise0,2026092801,spherical,2000,extreme,0.6458,8,0.808
spherical_n2000_g8_extreme_noise0,2026092802,spherical,2000,extreme,0.1714,3,0.954
spherical_n2000_g8_extreme_noise0,2026092803,spherical,2000,extreme,0.1624,3,0.943
spherical_n2000_g8_extreme_noise0,2026092804,spherical,2000,extreme,0.5619,8,0.768
spherical_n2000_g8_hard_noise0,2026092800,spherical,2000,hard,0.8264,8,0.896
spherical_n2000_g8_hard_noise0,2026092801,spherical,2000,hard,0.7955,8,0.882
spherical_n2000_g8_hard_noise0,2026092802,spherical,2000,hard,0.1773,3,0.983
spherical_n2000_g8_hard_noise0,2026092803,spherical,2000,hard,0.1735,3,0.986
spherical_n2000_g8_hard_noise0,2026092804,spherical,2000,hard,0.7373,8,0.84
spherical_n2000_g8_medium_noise0,2026092800,spherical,2000,medium,0.8995,8,0.934
spherical_n2000_g8_medium_noise0,2026092801,spherical,2000,medium,0.9084,8,0.941
spherical_n2000_g8_medium_noise0,2026092802,spherical,2000,medium,0.9207,8,0.952
spherical_n2000_g8_medium_noise0,2026092803,spherical,2000,medium,0.8605,8,0.909
spherical_n2000_g8_medium_noise0,2026092804,spherical,2000,medium,0.8938,8,0.93
spherical_n2000_g8_medium_noise0p1,2026092800,spherical,2000,medium,0.8368,8,0.887
spherical_n2000_g8_medium_noise0p1,2026092801,spherical,2000,medium,0.7946,8,0.851
spherical_n2000_g8_medium_noise0p1,2026092802,spherical,2000,medium,0.7977,8,0.854
spherical_n2000_g8_medium_noise0p1,2026092803,spherical,2000,medium,0.7592,8,0.824
spherical_n2000_g8_medium_noise0p1,2026092804,spherical,2000,medium,0.8131,8,0.875
spherical_n2000_g8_medium_noise0p3,2026092800,spherical,2000,medium,0.627,8,0.792
spherical_n2000_g8_medium_noise0p3,2026092801,spherical,2000,medium,0.6119,8,0.717
spherical_n2000_g8_medium_noise0p3,2026092802,spherical,2000,medium,0.6778,8,0.721
spherical_n2000_g8_medium_noise0p3,2026092803,spherical,2000,medium,0.6287,8,0.693
spherical_n2000_g8_medium_noise0p3,2026092804,spherical,2000,medium,0.6346,8,0.739
spherical_n500_g16_hard_noise0,2026092800,spherical,500,hard,0.8646,15,0.964
spherical_n500_g16_hard_noise0,2026092801,spherical,500,hard,0.7287,13,0.946
spherical_n500_g16_hard_noise0,2026092802,spherical,500,hard,0.8476,15,0.958
spherical_n500_g16_hard_noise0,2026092803,spherical,500,hard,0.5675,12,0.92
spherical_n500_g16_hard_noise0,2026092804,spherical,500,hard,0.8087,14,0.96
spherical_n500_g16_medium_noise0,2026092800,spherical,500,medium,0.9746,16,0.996
spherical_n500_g16_medium_noise0,2026092801,spherical,500,medium,0.9698,16,0.978
spherical_n500_g16_medium_noise0,2026092802,spherical,500,medium,0.9037,15,0.978
spherical_n500_g16_medium_noise0,2026092803,spherical,500,medium,0.9229,16,0.972
spherical_n500_g16_medium_noise0,2026092804,spherical,500,medium,0.9731,16,0.984
spherical_n500_g4_hard_noise0,2026092800,spherical,500,hard,0.6694,4,0.802
spherical_n500_g4_hard_noise0,2026092801,spherical,500,hard,0.5987,4,0.764
spherical_n500_g4_hard_noise0,2026092802,spherical,500,hard,0.3118,2,0.976
spherical_n500_g4_hard_noise0,2026092803,spherical,500,hard,0.6961,4,0.832
spherical_n500_g4_hard_noise0,2026092804,spherical,500,hard,0.8128,4,0.89
spherical_n500_g4_medium_noise0,2026092800,spherical,500,medium,0.909,4,0.946
spherical_n500_g4_medium_noise0,2026092801,spherical,500,medium,0.8417,4,0.91
spherical_n500_g4_medium_noise0,2026092802,spherical,500,medium,0.8913,4,0.93
spherical_n500_g4_medium_noise0,2026092803,spherical,500,medium,0.9349,4,0.964
spherical_n500_g4_medium_noise0,2026092804,spherical,500,medium,0.8812,4,0.922
spherical_n500_g8_medium_noise0,2026092800,spherical,500,medium,0.9511,8,0.978
spherical_n500_g8_medium_noise0,2026092801,spherical,500,medium,0.7989,7,0.938
spherical_n500_g8_medium_noise0,2026092802,spherical,500,medium,0.9373,8,0.958
spherical_n500_g8_medium_noise0,2026092803,spherical,500,medium,0.9813,8,0.988
spherical_n500_g8_medium_noise0,2026092804,spherical,500,medium,0.9016,8,0.946
spherical_n8000_g16_hard_noise0,2026092800,spherical,8000,hard,0.7487,15,0.892
spherical_n8000_g16_hard_noise0,2026092801,spherical,8000,hard,0.7346,16,0.869
spherical_n8000_g16_hard_noise0,2026092802,spherical,8000,hard,0.7479,16,0.871
spherical_n8000_g16_hard_noise0,2026092803,spherical,8000,hard,0.7208,16,0.864
spherical_n8000_g16_hard_noise0,2026092804,spherical,8000,hard,0.7524,16,0.878
spherical_n8000_g16_medium_noise0,2026092800,spherical,8000,medium,0.8856,16,0.93
spherical_n8000_g16_medium_noise0,2026092801,spherical,8000,medium,0.8889,16,0.931
spherical_n8000_g16_medium_noise0,2026092802,spherical,8000,medium,0.9095,16,0.944
spherical_n8000_g16_medium_noise0,2026092803,spherical,8000,medium,0.9076,16,0.943
spherical_n8000_g16_medium_noise0,2026092804,spherical,8000,medium,0.9211,16,0.951
spherical_n8000_g4_hard_noise0,2026092800,spherical,8000,hard,0.7399,4,0.841
spherical_n8000_g4_hard_noise0,2026092801,spherical,8000,hard,0.7023,4,0.817
spherical_n8000_g4_hard_noise0,2026092802,spherical,8000,hard,0.7612,4,0.859
spherical_n8000_g4_hard_noise0,2026092803,spherical,8000,hard,0.5939,4,0.742
spherical_n8000_g4_hard_noise0,2026092804,spherical,8000,hard,0.6902,4,0.809
spherical_n8000_g4_medium_noise0,2026092800,spherical,8000,medium,0.8145,4,0.875
spherical_n8000_g4_medium_noise0,2026092801,spherical,8000,medium,0.8533,4,0.904
spherical_n8000_g4_medium_noise0,2026092802,spherical,8000,medium,0.8577,4,0.907
spherical_n8000_g4_medium_noise0,2026092803,spherical,8000,medium,0.7232,4,0.814
spherical_n8000_g4_medium_noise0,2026092804,spherical,8000,medium,0.8791,4,0.921
spherical_n8000_g8_medium_noise0,2026092800,spherical,8000,medium,0.8753,8,0.917
spherical_n8000_g8_medium_noise0,2026092801,spherical,8000,medium,0.8632,8,0.909
spherical_n8000_g8_medium_noise0,2026092802,spherical,8000,medium,0.8764,8,0.92
spherical_n8000_g8_medium_noise0,2026092803,spherical,8000,medium,0.8695,8,0.916
spherical_n8000_g8_medium_noise0,2026092804,spherical,8000,medium,0.8696,8,0.913
unbalanced_n2000_g8_easy_noise0,2026092800,unbalanced,2000,easy,0.9796,5,0.976
unbalanced_n2000_g8_easy_noise0,2026092801,unbalanced,2000,easy,0.9734,5,0.977
unbalanced_n2000_g8_easy_noise0,2026092802,unbalanced,2000,easy,0.9762,5,0.961
unbalanced_n2000_g8_easy_noise0,2026092803,unbalanced,2000,easy,0.9744,5,0.949
unbalanced_n2000_g8_easy_noise0,2026092804,unbalanced,2000,easy,0.9766,5,0.973
unbalanced_n2000_g8_extreme_noise0,2026092800,unbalanced,2000,extreme,0.3664,3,0.64
unbalanced_n2000_g8_extreme_noise0,2026092801,unbalanced,2000,extreme,0.3724,2,0.669
unbalanced_n2000_g8_extreme_noise0,2026092802,unbalanced,2000,extreme,0.1189,2,0.565
unbalanced_n2000_g8_extreme_noise0,2026092803,unbalanced,2000,extreme,0.2026,2,0.489
unbalanced_n2000_g8_extreme_noise0,2026092804,unbalanced,2000,extreme,0.3228,2,0.638
unbalanced_n2000_g8_hard_noise0,2026092800,unbalanced,2000,hard,0.498,3,0.657
unbalanced_n2000_g8_hard_noise0,2026092801,unbalanced,2000,hard,0.5342,2,0.783
unbalanced_n2000_g8_hard_noise0,2026092802,unbalanced,2000,hard,0.5818,3,0.719
unbalanced_n2000_g8_hard_noise0,2026092803,unbalanced,2000,hard,0.4923,2,0.738
unbalanced_n2000_g8_hard_noise0,2026092804,unbalanced,2000,hard,0.5274,2,0.698
unbalanced_n2000_g8_medium_noise0,2026092800,unbalanced,2000,medium,0.8762,5,0.864
unbalanced_n2000_g8_medium_noise0,2026092801,unbalanced,2000,medium,0.8564,5,0.873
unbalanced_n2000_g8_medium_noise0,2026092802,unbalanced,2000,medium,0.846,4,0.852
unbalanced_n2000_g8_medium_noise0,2026092803,unbalanced,2000,medium,0.7261,4,0.769
unbalanced_n2000_g8_medium_noise0,2026092804,unbalanced,2000,medium,0.8665,4,0.864
