lidar01_quarter_x_neg_y_neg	3	8	1	0.4791	0.5223	426889	172045	1235733	89437
lidar01_quarter_x_neg_y_neg	3	12	1	0.3040	0.3442	109651	44599	452237	89437
lidar01_quarter_x_neg_y_neg	3	16	1	0.3232	0.3622	57385	23501	301962	89437
syn_shells_density_x2	3	8	1	0.9097	1.0003	648841	267809	1928255	180436
syn_shells_density_x2	3	12	1	0.6682	0.7551	188899	74272	765834	180436
syn_shells_density_x2	3	16	1	0.6800	0.7746	106431	39957	531974	180436
lidar01_quarter_x_neg_y_neg	3	8	2	0.4892	0.5278	426889	172045	1235733	89437
lidar01_quarter_x_neg_y_neg	3	12	2	0.3038	0.3472	109651	44599	452237	89437
lidar01_quarter_x_neg_y_neg	3	16	2	0.3008	0.3412	57385	23501	301962	89437
syn_shells_density_x2	3	8	2	0.8829	0.9768	648841	267809	1928255	180436
syn_shells_density_x2	3	12	2	0.6624	0.7521	188899	74272	765834	180436
syn_shells_density_x2	3	16	2	0.7073	0.7993	106431	39957	531974	180436
lidar01_quarter_x_neg_y_neg	12	24	1	5.4763	6.0027	405723	185110	4056867	1103905
lidar01_quarter_x_neg_y_neg	12	28	1	4.8908	5.4037	177515	80066	2016846	1103905
lidar01_quarter_x_neg_y_neg	12	32	1	4.9052	5.4066	97833	43705	1239020	1103905
lidar01_quarter_x_neg_y_neg	12	40	1	5.6625	6.1773	45253	20050	687295	1103905
syn_shells_density_x2	12	24	1	8.6008	9.5947	504069	209771	4644108	1851246
syn_shells_density_x2	12	28	1	8.4265	9.4185	267541	106077	2705641	1851246
syn_shells_density_x2	12	32	1	8.8155	9.7761	168045	63566	1835651	1851246
syn_shells_density_x2	12	40	1	10.4496	11.4408	93855	33506	1172463	1851246
lidar01_quarter_x_neg_y_neg	12	24	2	5.4815	6.0068	405723	185110	4056867	1103905
lidar01_quarter_x_neg_y_neg	12	28	2	4.8747	5.4239	177515	80066	2016846	1103905
lidar01_quarter_x_neg_y_neg	12	32	2	4.9008	5.4403	97833	43705	1239020	1103905
lidar01_quarter_x_neg_y_neg	12	40	2	5.6902	6.2158	45253	20050	687295	1103905
syn_shells_density_x2	12	24	2	8.6605	9.6326	504069	209771	4644108	1851246
syn_shells_density_x2	12	28	2	8.4233	9.4318	267541	106077	2705641	1851246
syn_shells_density_x2	12	32	2	8.8279	9.8235	168045	63566	1835651	1851246
syn_shells_density_x2	12	40	2	10.4828	11.4650	93855	33506	1172463	1851246
lidar02_full	12	24	1	34.6965	39.0833	2119453	977620	21506180	8025829
lidar02_full	12	28	1	32.8612	37.4707	1002761	460187	11611925	8025829
lidar02_full	12	32	1	33.7905	38.2269	575885	263173	7478232	8025829
lidar00_full	12	24	1	38.0873	42.5660	2315963	1088288	23951474	8314472
lidar00_full	12	28	1	35.6533	40.1527	1062343	498459	12595105	8314472
lidar00_full	12	32	1	37.1019	41.6664	598617	280525	7985354	8314472
lidar02_full	12	24	2	34.8581	39.2861	2119453	977620	21506180	8025829
lidar02_full	12	28	2	32.8180	37.2126	1002761	460187	11611925	8025829
lidar02_full	12	32	2	33.8328	38.2700	575885	263173	7478232	8025829
lidar00_full	12	24	2	38.0275	42.5966	2315963	1088288	23951474	8314472
lidar00_full	12	28	2	35.8032	40.3811	1062343	498459	12595105	8314472
lidar00_full	12	32	2	36.7560	41.2723	598617	280525	7985354	8314472
