lidar02_full	5	12	1	6.4181	7.1818	2204985	970953	10507377	1407885
lidar02_full	5	16	1	5.2151	5.9735	734083	323224	4510019	1407885
lidar02_full	5	20	1	5.2748	6.0787	397389	174878	2941779	1407885
lidar02_full	5	24	1	5.8259	6.5936	262671	115573	2260694	1407885
lidar02_full	5	28	1	6.7193	7.4882	192503	84691	1885264	1407885
lidar00_full	5	12	1	7.0291	7.7517	2398029	1074569	11629557	1306696
lidar00_full	5	16	1	6.5779	7.5875	781865	352967	4921779	1306696
lidar00_full	5	20	1	7.3000	8.1080	416967	188787	3175250	1306696
lidar00_full	5	24	1	6.1662	6.8780	272047	123493	2418033	1306696
lidar00_full	5	28	1	6.9911	7.6983	197717	89837	1999975	1306696
lidar01_quarter_x_neg_y_neg	5	12	1	1.0478	1.1537	392145	168395	1823238	210424
lidar01_quarter_x_neg_y_neg	5	16	1	0.8204	0.9349	123159	52445	731903	210424
lidar01_quarter_x_neg_y_neg	5	20	1	1.0554	1.1797	66771	28277	473662	210424
lidar01_quarter_x_neg_y_neg	5	24	1	1.2894	1.4217	44121	18652	362592	210424
lidar01_quarter_x_neg_y_neg	5	28	1	1.4587	1.5885	32579	13799	304095	210424
syn_shells_density_x2	5	12	1	2.6819	2.9347	541621	227492	2476869	405099
syn_shells_density_x2	5	16	1	2.0503	2.2833	206543	81707	1153571	405099
syn_shells_density_x2	5	20	1	1.6687	1.8807	120453	45026	776451	405099
syn_shells_density_x2	5	24	1	1.8147	2.0289	86179	31163	624566	405099
syn_shells_density_x2	5	28	1	2.0506	2.2557	68351	24308	554510	405099
lidar02_full	5	12	2	6.6810	7.4490	2204985	970953	10507377	1407885
lidar02_full	5	16	2	5.8870	6.6547	734083	323224	4510019	1407885
lidar02_full	5	20	2	5.3948	6.1957	397389	174878	2941779	1407885
lidar02_full	5	24	2	5.9643	6.7442	262671	115573	2260694	1407885
lidar02_full	5	28	2	6.7791	7.5582	192503	84691	1885264	1407885
lidar00_full	5	12	2	7.5601	8.2923	2398029	1074569	11629557	1306696
lidar00_full	5	16	2	6.1489	6.8852	781865	352967	4921779	1306696
lidar00_full	5	20	2	5.8747	6.6675	416967	188787	3175250	1306696
lidar00_full	5	24	2	7.7767	8.4875	272047	123493	2418033	1306696
lidar00_full	5	28	2	7.0489	7.7888	197717	89837	1999975	1306696
lidar01_quarter_x_neg_y_neg	5	12	2	1.0237	1.1279	392145	168395	1823238	210424
lidar01_quarter_x_neg_y_neg	5	16	2	0.7672	0.8703	123159	52445	731903	210424
lidar01_quarter_x_neg_y_neg	5	20	2	0.8014	0.9089	66771	28277	473662	210424
lidar01_quarter_x_neg_y_neg	5	24	2	0.9287	1.0240	44121	18652	362592	210424
lidar01_quarter_x_neg_y_neg	5	28	2	0.9670	1.0696	32579	13799	304095	210424
syn_shells_density_x2	5	12	2	1.7521	1.9505	541621	227492	2476869	405099
syn_shells_density_x2	5	16	2	1.5278	1.7364	206543	81707	1153571	405099
syn_shells_density_x2	5	20	2	1.6320	1.8310	120453	45026	776451	405099
syn_shells_density_x2	5	24	2	1.7864	1.9927	86179	31163	624566	405099
syn_shells_density_x2	5	28	2	2.0644	2.2802	68351	24308	554510	405099
lidar02_full	10	16	1	40.9544	43.9313	11063197	5108981	76839877	5483320
lidar02_full	10	20	1	24.8230	27.8011	2572841	1179338	21625924	5483320
lidar02_full	10	24	1	22.2959	25.3064	1065585	485833	10485734	5483320
lidar02_full	10	28	1	22.5139	25.5764	575647	261135	6465782	5483320
lidar02_full	10	32	1	24.3810	27.3527	370771	167463	4646620	5483320
lidar02_full	10	40	1	29.8616	32.9214	203377	91515	3060583	5483320
lidar00_full	10	16	1	45.7636	48.6991	12483657	5840082	87886958	5512670
lidar00_full	10	20	1	27.1207	30.0771	2829115	1320162	24220902	5512670
lidar00_full	10	24	1	23.9453	26.8856	1137143	530147	11451950	5512670
lidar00_full	10	28	1	24.4352	27.4339	602635	280730	6958029	5512670
lidar00_full	10	32	1	26.7122	29.6869	382127	177864	4944365	5512670
lidar00_full	10	40	1	32.6074	35.5688	205749	95511	3197214	5512670
lidar01_quarter_x_neg_y_neg	10	16	1	7.2527	7.6236	2277331	1045097	15685094	767555
lidar01_quarter_x_neg_y_neg	10	20	1	3.9783	4.3668	494859	223898	4092304	767555
lidar01_quarter_x_neg_y_neg	10	24	1	3.4915	3.8558	188013	84052	1810854	767555
lidar01_quarter_x_neg_y_neg	10	28	1	3.2483	3.6369	97319	43078	1064670	767555
lidar01_quarter_x_neg_y_neg	10	32	1	3.4448	3.8044	61469	27016	747962	767555
lidar01_quarter_x_neg_y_neg	10	40	1	4.1447	4.5120	33599	14687	487506	767555
syn_shells_density_x2	10	16	1	9.3890	10.0542	2279083	1011396	15258886	1330933
syn_shells_density_x2	10	20	1	6.1867	6.8683	593047	250346	4621172	1330933
syn_shells_density_x2	10	24	1	5.8002	6.4807	278917	111792	2436507	1330933
syn_shells_density_x2	10	28	1	6.0389	6.7253	166081	63125	1588021	1330933
syn_shells_density_x2	10	32	1	6.5886	7.2784	115675	42032	1187228	1330933
syn_shells_density_x2	10	40	1	8.0316	8.7349	73297	25641	876341	1330933
lidar02_full	10	16	2	42.1932	45.1324	11063197	5108981	76839877	5483320
lidar02_full	10	20	2	24.7749	27.7252	2572841	1179338	21625924	5483320
lidar02_full	10	24	2	22.1675	25.1608	1065585	485833	10485734	5483320
lidar02_full	10	28	2	25.7880	28.8703	575647	261135	6465782	5483320
lidar02_full	10	32	2	24.4580	27.4493	370771	167463	4646620	5483320
lidar02_full	10	40	2	30.0748	33.1255	203377	91515	3060583	5483320
lidar00_full	10	16	2	47.8842	50.8554	12483657	5840082	87886958	5512670
lidar00_full	10	20	2	30.0348	33.5150	2829115	1320162	24220902	5512670
lidar00_full	10	24	2	25.0859	28.1741	1137143	530147	11451950	5512670
lidar00_full	10	28	2	26.7916	30.3762	602635	280730	6958029	5512670
lidar00_full	10	32	2	27.9250	31.0353	382127	177864	4944365	5512670
lidar00_full	10	40	2	34.4494	37.4887	205749	95511	3197214	5512670
lidar01_quarter_x_neg_y_neg	10	16	2	7.3603	7.7320	2277331	1045097	15685094	767555
lidar01_quarter_x_neg_y_neg	10	20	2	4.4757	4.8628	494859	223898	4092304	767555
lidar01_quarter_x_neg_y_neg	10	24	2	3.7018	4.0843	188013	84052	1810854	767555
lidar01_quarter_x_neg_y_neg	10	28	2	3.3832	3.7464	97319	43078	1064670	767555
lidar01_quarter_x_neg_y_neg	10	32	2	3.5066	3.8584	61469	27016	747962	767555
lidar01_quarter_x_neg_y_neg	10	40	2	4.2525	4.6123	33599	14687	487506	767555
syn_shells_density_x2	10	16	2	9.5358	10.2142	2279083	1011396	15258886	1330933
syn_shells_density_x2	10	20	2	6.1898	6.8654	593047	250346	4621172	1330933
syn_shells_density_x2	10	24	2	5.8262	6.5176	278917	111792	2436507	1330933
syn_shells_density_x2	10	28	2	6.0551	6.7605	166081	63125	1588021	1330933
syn_shells_density_x2	10	32	2	6.5401	7.2257	115675	42032	1187228	1330933
syn_shells_density_x2	10	40	2	8.4460	9.1367	73297	25641	876341	1330933
