avant	lidar02_full	5	1	1	7.0130	0.0780	6.2860	0.2068	0.4287	1407885	1225705
apres	lidar02_full	5	1	1	5.9217	0.0868	5.1600	0.2105	0.4516	1407885	734083
avant	lidar02_full	10	1	1	28.3447	0.0771	25.5484	0.8277	1.8262	5483320	1639729
apres	lidar02_full	10	1	1	25.1090	0.1441	22.1510	0.8576	1.8864	5483320	1065585
avant	lidar00_full	5	1	1	7.0903	0.0449	6.4330	0.2010	0.3961	1306696	1250977
apres	lidar00_full	5	1	1	6.1708	0.0811	5.4597	0.2045	0.4090	1306696	781865
avant	lidar00_full	10	1	1	29.7641	0.0708	26.8850	0.8210	1.9193	5512670	1684689
apres	lidar00_full	10	1	1	27.0086	0.1384	24.0213	0.8244	1.9550	5512670	1137143
avant	lidar01_quarter_x_neg_y_neg	5	1	1	1.0741	0.0079	0.9810	0.0261	0.0571	210424	224977
apres	lidar01_quarter_x_neg_y_neg	5	1	1	0.8659	0.0144	0.7705	0.0256	0.0534	210424	123159
avant	lidar01_quarter_x_neg_y_neg	10	1	1	4.2512	0.0124	3.9059	0.0832	0.2413	767555	301745
apres	lidar01_quarter_x_neg_y_neg	10	1	1	3.6356	0.0248	3.2684	0.0968	0.2390	767555	188013
avant	lidar02_full	5	4	1	1.8789	0.0391	1.5959	0.0927	0.1330	1407885	1225705
apres	lidar02_full	5	4	1	1.5529	0.0364	1.2767	0.0921	0.1303	1407885	734083
avant	lidar02_full	10	4	1	7.5055	0.0373	6.5109	0.3369	0.5467	5483320	1639729
apres	lidar02_full	10	4	1	6.6385	0.0601	5.5984	0.3595	0.5509	5483320	1065585
avant	lidar00_full	5	4	1	1.9394	0.0219	1.6950	0.0802	0.1253	1306696	1250977
apres	lidar00_full	5	4	1	1.6121	0.0366	1.3564	0.0808	0.1212	1306696	781865
avant	lidar00_full	10	4	1	7.7936	0.0342	6.7897	0.3250	0.5756	5512670	1684689
apres	lidar00_full	10	4	1	7.1636	0.0749	6.1135	0.3542	0.5525	5512670	1137143
avant	lidar01_quarter_x_neg_y_neg	5	4	1	0.2800	0.0055	0.2442	0.0108	0.0168	210424	224977
apres	lidar01_quarter_x_neg_y_neg	5	4	1	0.2307	0.0083	0.1917	0.0112	0.0167	210424	123159
avant	lidar01_quarter_x_neg_y_neg	10	4	1	1.1182	0.0079	0.9854	0.0422	0.0726	767555	301745
apres	lidar01_quarter_x_neg_y_neg	10	4	1	0.9922	0.0140	0.8409	0.0415	0.0850	767555	188013
avant	lidar02_full	5	1	2	6.9824	0.0499	6.2648	0.2087	0.4442	1407885	1225705
apres	lidar02_full	5	1	2	5.9429	0.0864	5.1882	0.2095	0.4441	1407885	734083
avant	lidar02_full	10	1	2	28.3235	0.0772	25.4925	0.8309	1.8572	5483320	1639729
apres	lidar02_full	10	1	2	25.0126	0.1450	22.0581	0.8471	1.8951	5483320	1065585
avant	lidar00_full	5	1	2	7.1430	0.0451	6.4816	0.2030	0.3955	1306696	1250977
apres	lidar00_full	5	1	2	6.1144	0.0807	5.4185	0.2033	0.3954	1306696	781865
avant	lidar00_full	10	1	2	29.7753	0.0706	26.9014	0.8204	1.9110	5512670	1684689
apres	lidar00_full	10	1	2	26.9048	0.1347	23.9963	0.8248	1.8789	5512670	1137143
avant	lidar01_quarter_x_neg_y_neg	5	1	2	1.0708	0.0079	0.9759	0.0262	0.0589	210424	224977
apres	lidar01_quarter_x_neg_y_neg	5	1	2	0.8593	0.0144	0.7633	0.0258	0.0538	210424	123159
avant	lidar01_quarter_x_neg_y_neg	10	1	2	4.2431	0.0124	3.8792	0.0847	0.2587	767555	301745
apres	lidar01_quarter_x_neg_y_neg	10	1	2	3.5898	0.0261	3.2313	0.0961	0.2297	767555	188013
avant	lidar02_full	5	4	2	1.8710	0.0236	1.6010	0.0907	0.1368	1407885	1225705
apres	lidar02_full	5	4	2	1.5494	0.0366	1.2755	0.0911	0.1284	1407885	734083
avant	lidar02_full	10	4	2	7.4833	0.0367	6.4744	0.3537	0.5445	5483320	1639729
apres	lidar02_full	10	4	2	6.6901	0.0604	5.6494	0.3538	0.5531	5483320	1065585
avant	lidar00_full	5	4	2	1.8527	0.0219	1.6142	0.0808	0.1191	1306696	1250977
apres	lidar00_full	5	4	2	1.6384	0.0400	1.3759	0.0816	0.1260	1306696	781865
avant	lidar00_full	10	4	2	7.8767	0.0342	6.8594	0.3392	0.5749	5512670	1684689
apres	lidar00_full	10	4	2	7.1312	0.0601	6.0606	0.3808	0.5553	5512670	1137143
avant	lidar01_quarter_x_neg_y_neg	5	4	2	0.3087	0.0055	0.2628	0.0151	0.0221	210424	224977
apres	lidar01_quarter_x_neg_y_neg	5	4	2	0.2368	0.0108	0.1934	0.0114	0.0180	210424	123159
avant	lidar01_quarter_x_neg_y_neg	10	4	2	1.1137	0.0080	0.9823	0.0426	0.0726	767555	301745
apres	lidar01_quarter_x_neg_y_neg	10	4	2	0.9657	0.0174	0.8240	0.0418	0.0740	767555	188013
avant	lidar02_full	5	1	3	6.9747	0.0483	6.2600	0.2128	0.4391	1407885	1225705
apres	lidar02_full	5	1	3	5.9180	0.0863	5.1643	0.2076	0.4458	1407885	734083
avant	lidar02_full	10	1	3	28.3675	0.0771	25.5209	0.8430	1.8518	5483320	1639729
apres	lidar02_full	10	1	3	25.0637	0.1448	22.1233	0.8401	1.8810	5483320	1065585
avant	lidar00_full	5	1	3	7.1281	0.0450	6.4746	0.2016	0.3894	1306696	1250977
apres	lidar00_full	5	1	3	6.1775	0.0912	5.4647	0.2068	0.3976	1306696	781865
avant	lidar00_full	10	1	3	29.6649	0.0713	26.8277	0.8082	1.8871	5512670	1684689
apres	lidar00_full	10	1	3	26.8919	0.1357	23.9493	0.8273	1.9090	5512670	1137143
avant	lidar01_quarter_x_neg_y_neg	5	1	3	1.0769	0.0079	0.9744	0.0276	0.0649	210424	224977
apres	lidar01_quarter_x_neg_y_neg	5	1	3	0.8892	0.0146	0.7893	0.0268	0.0565	210424	123159
avant	lidar01_quarter_x_neg_y_neg	10	1	3	4.2237	0.0125	3.8830	0.0849	0.2350	767555	301745
apres	lidar01_quarter_x_neg_y_neg	10	1	3	3.6297	0.0247	3.2708	0.0967	0.2311	767555	188013
avant	lidar02_full	5	4	3	1.8621	0.0235	1.6007	0.0907	0.1290	1407885	1225705
apres	lidar02_full	5	4	3	1.6325	0.0366	1.3273	0.1056	0.1444	1407885	734083
avant	lidar02_full	10	4	3	7.4571	0.0443	6.4338	0.3639	0.5455	5483320	1639729
apres	lidar02_full	10	4	3	6.7010	0.0608	5.6371	0.3578	0.5727	5483320	1065585
avant	lidar00_full	5	4	3	1.8869	0.0221	1.6456	0.0810	0.1210	1306696	1250977
apres	lidar00_full	5	4	3	1.6357	0.0366	1.3727	0.0862	0.1252	1306696	781865
avant	lidar00_full	10	4	3	7.8377	0.0341	6.8302	0.3480	0.5562	5512670	1684689
apres	lidar00_full	10	4	3	7.1602	0.0610	6.1162	0.3605	0.5524	5512670	1137143
avant	lidar01_quarter_x_neg_y_neg	5	4	3	0.2866	0.0064	0.2496	0.0110	0.0169	210424	224977
apres	lidar01_quarter_x_neg_y_neg	5	4	3	0.2308	0.0086	0.1912	0.0112	0.0172	210424	123159
avant	lidar01_quarter_x_neg_y_neg	10	4	3	1.1240	0.0098	0.9773	0.0504	0.0754	767555	301745
apres	lidar01_quarter_x_neg_y_neg	10	4	3	0.9688	0.0139	0.8322	0.0410	0.0732	767555	188013
