scene,seed,family,level,n,digest,direct_ms2_sq,direct_ms3_sq,direct_ms2_sq_fill,oracle1d,oracle1d_par,oracle2d,oracle2d_par,oracle2d_ms_eq_mcs_only
anisotropic_n2000_g8_easy_noise0,2026092800,anisotropic,easy,2000,03235ae1ec5c18a205fa5e6e33f699bb276e8a232b0876d063121da0daf94fff,0.9965989440931246,0.993748457679557,1.0,0.9868040597268999,10,0.9965989440931246,ms2_mcs5,
anisotropic_n2000_g8_easy_noise0,2026092801,anisotropic,easy,2000,ef7ebcdb229c5a99e708004bdca12a4b5577432bfe16f86b5932ec2166a2586b,0.9880120757495884,0.9868800488202804,0.9965708786409131,0.9803008924453049,10,0.9880120757495884,ms2_mcs10,
anisotropic_n2000_g8_easy_noise0,2026092802,anisotropic,easy,2000,2a8f5bff2cb4c2a2d66b5f2a656df2532ff63d8747ba879fedca3c8c044f4936,0.9953992938882699,0.9895564040887322,0.9977154443103526,0.9787633333472836,5,0.9953992938882699,ms2_mcs10,
anisotropic_n2000_g8_easy_noise0,2026092803,anisotropic,easy,2000,b68cc15643309ac7b7c45b0209df7ac9d26bbac384d2278f4214d0e8da8e0f1f,0.8657834164573602,0.8612732423865206,0.8683338454608265,0.9021111213794505,15,0.8974324279117277,ms20_mcs5,
anisotropic_n2000_g8_easy_noise0,2026092804,anisotropic,easy,2000,1770ae282a6b6c5d6d28a82648c24ae87b4849e4a6573640068a39c456a74293,1.0,1.0,1.0,0.9988544399490977,5,1.0,ms2_mcs5,
anisotropic_n2000_g8_extreme_noise0,2026092800,anisotropic,extreme,2000,00c0cb98adca3b579c1c953b948e2c34ea81c874c9853116c6badd876ce1e673,0.5012518065451067,0.42685656656488946,0.7717266158522721,0.325384961871927,10,0.5012518065451067,ms2_mcs45,
anisotropic_n2000_g8_extreme_noise0,2026092801,anisotropic,extreme,2000,e4db0cbaf5b5d207e8ced909fbfea6ad85d3be11c735d0ad9027d4898a38f392,0.3426646879384958,0.33070261251232086,0.36231853283281545,0.2797121599240733,10,0.3426646879384958,ms2_mcs15,
anisotropic_n2000_g8_extreme_noise0,2026092802,anisotropic,extreme,2000,6185d418fa8f3a76b7a5aef375aab1417b26c4c373bd3f9128bd6c64d3f597e5,0.36613404955493023,0.348653829555434,0.5186644460680181,0.20430660338712744,5,0.4029476855117226,ms2_mcs50,
anisotropic_n2000_g8_extreme_noise0,2026092803,anisotropic,extreme,2000,d70901de61ddc7150857df01bd2513baedb595cf573e1a2397bf6cd7fcb3d653,0.3240147326800038,0.2758462798539863,0.5150219030793395,0.20835808451878485,10,0.36117849490605697,ms2_mcs50,
anisotropic_n2000_g8_extreme_noise0,2026092804,anisotropic,extreme,2000,84683c917ba45a416cea931bf1b84d442bed0208ad156a79057dc1fa41af9b66,0.4424655095783331,0.4025285906363495,0.5233315119492514,0.4137451374582212,5,0.4424655095783331,ms2_mcs20,
anisotropic_n2000_g8_hard_noise0,2026092800,anisotropic,hard,2000,daec5333f2672eae99d8f8151ce4de3b1e28a37443e4401ef1a13da13c753aa5,0.773017936202888,0.7427212656191303,0.8260676834610482,0.6743409517076329,5,0.773017936202888,ms2_mcs20,
anisotropic_n2000_g8_hard_noise0,2026092801,anisotropic,hard,2000,150c23f2daeeb4932cb42072bec55e1c12723864ff0f4a99172747f59aaa749d,0.7437890823088855,0.7102822255758753,0.815340996862314,0.5570961105827433,5,0.7448323095712096,ms2_mcs10,
anisotropic_n2000_g8_hard_noise0,2026092802,anisotropic,hard,2000,3665d2ca6f4c92999ddacf6331962fa57bde7b65a5e7aa3229d6772859a8b93d,0.07666285752009648,0.07652519520066879,0.0766743648960739,0.07699085127674077,5,0.07699085127674077,ms5_mcs5,
anisotropic_n2000_g8_hard_noise0,2026092803,anisotropic,hard,2000,362e211bd0951bc27a87617082c0478783273cd918529e20f405c6ced0986d93,0.47405167308584384,0.4370380949727178,0.5508998688978968,0.4209371720181452,15,0.47721664383957235,ms2_mcs15,
anisotropic_n2000_g8_hard_noise0,2026092804,anisotropic,hard,2000,945cdf4e22e895f515b145fe26da08881a6e4030e83dc81c8c788fda3fcc0999,0.7364474069670827,0.6952354291450089,0.8221477390159592,0.6700856562333949,5,0.7364474069670827,ms2_mcs15,
anisotropic_n2000_g8_medium_noise0,2026092800,anisotropic,medium,2000,4f883f2eb137845506cff89e7d722ade2274920105036672992cd4d845b4626e,0.8511940873831607,0.8440902317022648,0.8609354442989883,0.8114879561124501,5,0.8511940873831607,ms2_mcs10,
anisotropic_n2000_g8_medium_noise0,2026092801,anisotropic,medium,2000,e175ab1995938e3e23b98d883710d54552ce81df08a7d6ae7c4cd9d9e6789991,0.8045279234206021,0.7827799703280435,0.8566877636671889,0.7630742978659999,5,0.8045279234206021,ms2_mcs15,
anisotropic_n2000_g8_medium_noise0,2026092802,anisotropic,medium,2000,1121648a8ffd667fdddd01d8df408f8c6e8c9d046185aa157485dcb01837adcb,0.9012389199229299,0.8668149092513564,0.9587464439753176,0.7065537685423556,10,0.9012389199229299,ms2_mcs30,
anisotropic_n2000_g8_medium_noise0,2026092803,anisotropic,medium,2000,86c87442cb75de3d45bc5ee5613b03444534df87b1c8dd2f57b1f397de936a4c,0.6482691242759623,0.6362356896801569,0.6616739890708263,0.6117552847118898,5,0.6482691242759623,ms2_mcs20,
anisotropic_n2000_g8_medium_noise0,2026092804,anisotropic,medium,2000,ad39cd1b7d3ceca08bc3954304f5c54f1f0269ba2b2f74a7f88ede5316594ebc,0.9643835245695928,0.9516883127054718,0.9897588984981303,0.8934323890048744,5,0.9643835245695928,ms2_mcs15,
bridge_n2000_g8_easy_noise0,2026092800,bridge,easy,2000,01ff5dfd57771c94cda850654991c9941d1f713dd28a40d868ecdf9730492ac0,0.9738046373145943,0.974346955185815,0.9744310910183498,0.9759526315418053,5,0.976324733135757,ms8_mcs5,
bridge_n2000_g8_easy_noise0,2026092801,bridge,easy,2000,5094ceb2b16361301a0fc84c2ab7235de3fcf1e557a7aa4ce0dbf2e17f474b2a,0.9720770446787973,0.9673046315817446,0.9756128737430858,0.9711388773064361,10,0.9743181966839877,ms8_mcs5,
bridge_n2000_g8_easy_noise0,2026092802,bridge,easy,2000,f67ebf67449c99b1e8379fbdca769a4fe9a30e12e3df9a03dc1c8425f5f7bfd5,0.9700434636031185,0.9669722723739949,0.9758050846552898,0.9651659081765968,10,0.9707483657900335,ms2_mcs5,
bridge_n2000_g8_easy_noise0,2026092803,bridge,easy,2000,594c6d53f53b5a3aaf4e0bb5f066f2bc17f2af9abf9d31f16e424cb0122aa0e4,0.9753653468065432,0.9740866448672059,0.9734220582584298,0.9728650795107835,10,0.9759955056887254,ms2_mcs5,
bridge_n2000_g8_easy_noise0,2026092804,bridge,easy,2000,b8cbe4ceba98cd34be18ed2f40fc34094dfe7cdad1c836876c67d27d0eecff47,0.9752410348676424,0.9707939872748064,0.9744809735129577,0.966162851786213,10,0.9753516543437267,ms2_mcs5,
bridge_n2000_g8_extreme_noise0,2026092800,bridge,extreme,2000,7f311d08c38f965b37244f77c7db6aef8c3220277a80f6bc58898b9583cc0847,0.1575452938395781,0.15381782898681,0.16642715497514088,0.14721734225007846,10,0.6191954070091902,ms2_mcs30,
bridge_n2000_g8_extreme_noise0,2026092801,bridge,extreme,2000,7708dd00ac7d5ab9cad900279eee7b7edafb45fd67900b32039622fb6bc4c369,0.43354594547050906,0.3456547637044502,0.8526704792949827,0.1429302369102395,5,0.44977207472879516,ms2_mcs10,
bridge_n2000_g8_extreme_noise0,2026092802,bridge,extreme,2000,96512506a55fbed9be9b8954bced3dd4dc4dd18bea403fd8b97d20f525e78ff8,0.16139516054782974,0.15917574608577778,0.1637037005674498,0.1542178583232164,5,0.16139516054782974,ms2_mcs10,
bridge_n2000_g8_extreme_noise0,2026092803,bridge,extreme,2000,1ebff16816ca2023cc0e85c2eabf1c8a06e54bbe6ef75053fca295a8ea16c46c,0.15502555480300143,0.15095777696566126,0.1606055989636366,0.13978200713489358,5,0.20227552298592716,ms3_mcs5,
bridge_n2000_g8_extreme_noise0,2026092804,bridge,extreme,2000,da636dd104b483147dd6ab73bf506efc92df0b1b1dece5d508edf08f16971715,0.16230365972635066,0.16096285926381915,0.16323147191152504,0.16074821916096732,5,0.2898161241950752,ms3_mcs5,
bridge_n2000_g8_hard_noise0,2026092800,bridge,hard,2000,1ea98b216524b6d5565fe4e5665e3ac14fd6315ffd17c8c00292fe4c949996f9,0.8751128552027719,0.8272028252390542,0.9563441015066215,0.760880251073647,5,0.8751128552027719,ms2_mcs10,
bridge_n2000_g8_hard_noise0,2026092801,bridge,hard,2000,0a0fb2daedbbcd1702fb19d2837fdabf2bc7c15bdc649644eaf8f90654d20134,0.8410643149071301,0.7954505048064069,0.9379832254361948,0.7316964549325635,5,0.8442864441946105,ms2_mcs10,
bridge_n2000_g8_hard_noise0,2026092802,bridge,hard,2000,b64c35b40666e072a9f866931866879bf2d92e0731f719dbe126236bf0d903ca,0.8761053669289419,0.8374166557339812,0.9453790068556203,0.8210272183892444,5,0.8761053669289419,ms2_mcs10,
bridge_n2000_g8_hard_noise0,2026092803,bridge,hard,2000,27931769ab8a9dc566b3004510a6a1f973a53dbc11d708cf53f72fe9531ce4bd,0.834746671139935,0.7628495603029803,0.9429395714922291,0.7176934043593561,5,0.834746671139935,ms2_mcs20,
bridge_n2000_g8_hard_noise0,2026092804,bridge,hard,2000,f47fe3528c2ccd5552bd81e29167df7e37160f6798b016d8c541a8383cf04d9d,0.8455150155376197,0.8017199887771342,0.9419035255811482,0.7094262868267259,15,0.8455150155376197,ms2_mcs15,
bridge_n2000_g8_medium_noise0,2026092800,bridge,medium,2000,44b1a3cd0e028ee6cf7ade21cca5c3cb6a32e32113079ed1e27c16966f104184,0.9052494002941358,0.8725649949751768,0.9608051145150471,0.8494547966009565,10,0.9052494002941358,ms2_mcs10,
bridge_n2000_g8_medium_noise0,2026092801,bridge,medium,2000,b1c2181abd69e14e44b21ac28ad8f552c0c130b11fc6c0327b823cb8186760f1,0.8764349504001284,0.8355394706328338,0.9563740059499116,0.8094922658884568,15,0.8764349504001284,ms2_mcs10,
bridge_n2000_g8_medium_noise0,2026092802,bridge,medium,2000,2e40157c1bdce9fb5e295a9f7f72de5df6bc3bce212fb33ae69b12dd965e0a7b,0.9109940683134061,0.8745791204737816,0.9587786664214136,0.8492258209422638,5,0.9109940683134061,ms2_mcs10,
bridge_n2000_g8_medium_noise0,2026092803,bridge,medium,2000,a8aae309376a49a20d3c772ab626f661257f1ad5d758bfdec174a6ecbbdb6f8d,0.8861125133546004,0.8464862666953514,0.9574819288614655,0.769650226867001,5,0.8861125133546004,ms2_mcs20,
bridge_n2000_g8_medium_noise0,2026092804,bridge,medium,2000,ae74438ec4428563c378a4f49473998705df4e718b367e4286ebc51ba3386b6c,0.8975760127358653,0.8628238661082314,0.9586908319976556,0.7890986987955163,15,0.8975760127358653,ms2_mcs15,
filaments_n2000_g8_easy_noise0,2026092800,filaments,easy,2000,e209f8c214b955e580b8c34bc763406bf59640334fdf763ffadce26214584540,0.8705730009711881,0.8705730009711881,0.8705730009711881,0.8705730009711881,5,0.8705730009711881,ms2_mcs5,
filaments_n2000_g8_easy_noise0,2026092801,filaments,easy,2000,9fe327e6198f4a788e5dc005971b2e967f9aae3b857260a686c5a6583078809f,0.9942946509377985,0.9925903120279473,0.9988554225106263,0.9954008153951674,5,0.9954008153951674,ms5_mcs5,
filaments_n2000_g8_easy_noise0,2026092802,filaments,easy,2000,c5ab6debc7c09ba887ebe65c735cb2d17ecc53b6767141860d0ef798466857e9,1.0,1.0,1.0,1.0,5,1.0,ms2_mcs5,
filaments_n2000_g8_easy_noise0,2026092803,filaments,easy,2000,1eb49d5fe7078a536852db41559050ba0635284bc78cfa74dbf8dc36b221a637,1.0,1.0,1.0,0.9994286120990745,5,1.0,ms2_mcs5,
filaments_n2000_g8_easy_noise0,2026092804,filaments,easy,2000,18fc074c4ece6bd05c8ca68445246f5c3019d131414030470cbbf6f430756072,1.0,1.0,1.0,1.0,5,1.0,ms2_mcs5,
filaments_n2000_g8_extreme_noise0,2026092800,filaments,extreme,2000,a4bfb27b7b93d0d89beba3510c4f6406075cc90b999cde143e617c6abb5a14ff,0.20966288026647747,0.21615483541354188,0.4161726766058642,0.12811394848383192,10,0.2532232715161443,ms2_mcs50,
filaments_n2000_g8_extreme_noise0,2026092801,filaments,extreme,2000,fd27b7bcf5b875b8551e9b1d587875c6f92620637767263c70fcd0a785bdb3aa,0.2871604858437442,0.29353529530035777,0.5340557369572233,0.14285195385896945,20,0.3662009626467926,ms2_mcs50,
filaments_n2000_g8_extreme_noise0,2026092802,filaments,extreme,2000,b781b70d23770998f6736895ef9fe97c06e449af774449a4f3d0e3c0b7dd13ca,0.07654373928828141,0.07498872948012526,0.07662283429603887,0.23805039522830038,10,0.24764042087935004,ms8_mcs100,
filaments_n2000_g8_extreme_noise0,2026092803,filaments,extreme,2000,7f76ad331a5799989c20c2dc68f53a493a99e8c445f8ceca8b6b70c2d5a07005,0.38408158346379756,0.30516309687596804,0.5728374737693325,0.2630156131900139,5,0.411697132751217,ms2_mcs75,
filaments_n2000_g8_extreme_noise0,2026092804,filaments,extreme,2000,fccef2eb0a1125b82f87a1a5be4dcfce6c0cd3c4dda14f384da270133a159700,0.37072322014145664,0.30192108566579556,0.5857683939889559,0.1451300347504972,5,0.4306119336023129,ms2_mcs100,
filaments_n2000_g8_hard_noise0,2026092800,filaments,hard,2000,e48c2085b534cba2876c20c91c40470321860e81485804ec4d0b8c0f23adefbd,0.5487019526363718,0.5141070540920222,0.6035521291597937,0.487476349324215,10,0.587019138863599,ms2_mcs50,
filaments_n2000_g8_hard_noise0,2026092801,filaments,hard,2000,11cbe9efd2e8c4e273940eaef43a68da5a3b5f6f680698d4539fa5a87699768d,0.07672807981239307,0.07686130109286199,0.0766743648960739,0.07654177977546146,5,0.07686130109286199,ms3_mcs5,
filaments_n2000_g8_hard_noise0,2026092802,filaments,hard,2000,1f6e4c252c3099202812170d0ab63f2bec8811659810f1d6c45536fc7ba25655,0.0766743648960739,0.0766743648960739,0.0766743648960739,0.07677597599243355,30,0.07686691348522086,ms32_mcs5,
filaments_n2000_g8_hard_noise0,2026092803,filaments,hard,2000,64cbefe3fd7bca9a4b58b41d14e3ea568d740d601a3949755ed2a6a7cd82fe2f,0.42695863633785175,0.4255387638448885,0.4277125679931291,0.47040434823987326,30,0.4634003035217581,ms32_mcs15,
filaments_n2000_g8_hard_noise0,2026092804,filaments,hard,2000,1f43a9a1fe75d951d41d104837ba9d34476dcb394d9ab26b6f53fa2e46a91290,0.6724508314333321,0.6677018160322272,0.6749064888599773,0.6541876429985388,5,0.6724508314333321,ms2_mcs5,
filaments_n2000_g8_medium_noise0,2026092800,filaments,medium,2000,5ceedb96a8dae284050a483f3377ffca07a006c2dc34f92f4fbd69cfcd67f37b,0.7631832047416162,0.8412812399666005,0.7640741177859082,0.808348238284613,10,0.8516950944318205,ms2_mcs75,
filaments_n2000_g8_medium_noise0,2026092801,filaments,medium,2000,0c09090d31340a2a8c49259ac5fdd66cf3eb253346f9ed9f26d92f5c58c1d142,0.9622346737986959,0.8370203886879186,0.9908916428015021,0.900127336805557,10,0.962763463642735,ms2_mcs10,
filaments_n2000_g8_medium_noise0,2026092802,filaments,medium,2000,0af13bd13aa5a8cfdcf866dec46c4cfdaace7d587857b409ddae11c1c85a238f,0.7546320108273469,0.748568995142082,0.7608670122475885,0.8310943822759412,10,0.8325608628245293,ms5_mcs45,
filaments_n2000_g8_medium_noise0,2026092803,filaments,medium,2000,ae8cb3842fc5f35124e46645803ffdcea4b423b026720675e8d843b829938984,0.7635207035046988,0.7618668257269404,0.7640741177859082,0.7590836786977809,5,0.7635207035046988,ms2_mcs5,
filaments_n2000_g8_medium_noise0,2026092804,filaments,medium,2000,8418d39c92fff15310d6e92675c3c0d6b09312f72de201f6faf2145fa2cd35b9,0.8700070332236041,0.8700070332236041,0.8705730009711881,0.9831211685638928,5,0.9831211685638928,ms5_mcs5,
heteroscedastic_n2000_g8_easy_noise0,2026092800,heteroscedastic,easy,2000,83c2fd5708b610b8a7d75f73c558bc302bd06ec6b35434144486438fa8e01d23,0.99715900010873,0.9931797783745389,0.9988554225106263,0.9909263582017211,5,0.99715900010873,ms2_mcs5,
heteroscedastic_n2000_g8_easy_noise0,2026092801,heteroscedastic,easy,2000,4746fdf2db1ddbcb5f9706ba56cb5efc444213d121204f54b2412e1eb7c8219c,0.9943060873569542,0.9903595626718136,1.0,0.9881346673757188,5,0.9943060873569542,ms2_mcs5,
heteroscedastic_n2000_g8_easy_noise0,2026092802,heteroscedastic,easy,2000,0318f16efd0db34d1709c10f01f09f87dd73b1ad679cd1590e9c648e1523329c,0.9988544399490977,0.993748457679557,1.0,0.9870059847955095,5,0.9988544399490977,ms2_mcs5,
heteroscedastic_n2000_g8_easy_noise0,2026092803,heteroscedastic,easy,2000,fa67e770e891fb656ae139cc07e8ffd4cd0483fe87b8cd29b611ee05da9c2ea8,0.9926180370641532,0.9847855335318637,0.9988554225106263,0.983133729580803,5,0.9926180370641532,ms2_mcs10,
heteroscedastic_n2000_g8_easy_noise0,2026092804,heteroscedastic,easy,2000,2b25c9384080c60a2d221a8a1d47a3e869d3a4ff72e609d6fdd840285cea52cb,0.9994286120990745,0.9960177898382769,1.0,0.9949093868899169,10,0.9994286120990745,ms2_mcs5,
heteroscedastic_n2000_g8_extreme_noise0,2026092800,heteroscedastic,extreme,2000,f3f88e94eb56540e090c4668d8233ad76baf0a81b2630462aebac5275e98568f,0.2519571044294953,0.23433519327210608,0.24914267568716772,0.22216017373721172,10,0.28422693051282116,ms2_mcs10,
heteroscedastic_n2000_g8_extreme_noise0,2026092801,heteroscedastic,extreme,2000,2bcadc7f82e9c2caf65111533c676169fed9351b73dbd210730296c10e106b1b,0.2621678427404005,0.24473004330673206,0.22324710562182504,0.2045581474278853,10,0.27603590004027756,ms2_mcs15,
heteroscedastic_n2000_g8_extreme_noise0,2026092802,heteroscedastic,extreme,2000,e1e8e02f10afbb8ac1bc44d73ea91671f83bdefd19cd403964aed96b9720a920,0.28060248137821286,0.2621419465853861,0.2751275392612241,0.19892356913084816,5,0.2887801314059935,ms2_mcs10,
heteroscedastic_n2000_g8_extreme_noise0,2026092803,heteroscedastic,extreme,2000,6153345db9bbf65ab9c358a721f5a58053e45088845a75f1b1a9312523d533af,0.25685384927061267,0.23422090754916755,0.24808493170521023,0.17905826325065075,15,0.28716762198944545,ms2_mcs10,
heteroscedastic_n2000_g8_extreme_noise0,2026092804,heteroscedastic,extreme,2000,4e36ebd62844bf40250fca8cb085e041f0b33c5af8be1b57ab46624fd395165b,0.29565545425627876,0.27456831522756414,0.275024888743558,0.20497211731254253,10,0.30553394889192165,ms2_mcs20,
heteroscedastic_n2000_g8_hard_noise0,2026092800,heteroscedastic,hard,2000,a20522cab8882a7ba5b6da4dab8a70d6a10c2db8c2a77ef5dab0da574fcc22e4,0.4949277796671149,0.4564945338001282,0.6346229102501215,0.43307125913468625,5,0.4949277796671149,ms2_mcs45,
heteroscedastic_n2000_g8_hard_noise0,2026092801,heteroscedastic,hard,2000,6178c18a9f5ef667d9ec725099a0d0e0af79dd2ca44af3e02096d123fdadfee3,0.5981574584060407,0.5730938015487542,0.5838008995720368,0.4501571256174887,5,0.6016001524484588,ms2_mcs75,
heteroscedastic_n2000_g8_hard_noise0,2026092802,heteroscedastic,hard,2000,50809df4106761602108e93fdb0ecd1910de68d56c0e056d3306064877a3a1c0,0.4860577201336653,0.45602086444151857,0.5323004265596578,0.3987614559947263,15,0.49908904862476555,ms2_mcs15,
heteroscedastic_n2000_g8_hard_noise0,2026092803,heteroscedastic,hard,2000,5cbcf273733e7647ef31264f4df7efe42289f91702ecf7c4ff64d77864d540fa,0.5919842852656668,0.5702243128879548,0.5216110181919448,0.5073341433836,5,0.5919842852656668,ms2_mcs45,
heteroscedastic_n2000_g8_hard_noise0,2026092804,heteroscedastic,hard,2000,a08ec040a68027da4d7b7b4e3ef55096846d1875a247e34b3f93a2e448d48a15,0.4605208117578793,0.4278562300969601,0.5726533301614999,0.43334943233031675,5,0.46302681149081204,ms2_mcs20,
heteroscedastic_n2000_g8_medium_noise0,2026092800,heteroscedastic,medium,2000,e5be6f72bc332c510b2fb160a6acf7552cb9ea4e0f51cdcf63cf2f5900d856f5,0.7690090644521759,0.744965688048268,0.7940474358191846,0.7391577427796358,15,0.7842916550209185,ms2_mcs10,
heteroscedastic_n2000_g8_medium_noise0,2026092801,heteroscedastic,medium,2000,8b7662f22bc77ab9d69a68aa978f21811dfbc9698d52f245f57417ad4fa9fb35,0.7655497366629243,0.7452985221818068,0.8026046427488409,0.741076104864971,5,0.7787723247232778,ms2_mcs15,
heteroscedastic_n2000_g8_medium_noise0,2026092802,heteroscedastic,medium,2000,bae30f737ffd4fab032e5471faa407eef9cdcabd62db1a831e9dc966633625e8,0.8087287447337272,0.7906229679658209,0.8146464066128699,0.7685328288600921,5,0.8087287447337272,ms2_mcs30,
heteroscedastic_n2000_g8_medium_noise0,2026092803,heteroscedastic,medium,2000,912480e84bf4c139a0ff9c045bb5b6c3cfff600c77cfc8f15bc4c775e3e0fdc9,0.8173377829208184,0.804741894592021,0.8215419789725721,0.7558694217099272,5,0.8173377829208184,ms2_mcs15,
heteroscedastic_n2000_g8_medium_noise0,2026092804,heteroscedastic,medium,2000,2ceee587a0ec8101a4d849d21e1eb3c8ee3c66c5b79e92615c413989b4709f8d,0.791355367766102,0.7692946602643346,0.8338241751195384,0.7173067799908863,10,0.791355367766102,ms2_mcs30,
hierarchical_n2000_g8_easy_noise0,2026092800,hierarchical,easy,2000,c3c1a014b37bd09768ed9d0a8d9cead720b30fab4b1e6464fc05e55432c72dde,1.0,1.0,1.0,1.0,5,1.0,ms2_mcs5,
hierarchical_n2000_g8_easy_noise0,2026092801,hierarchical,easy,2000,3d541f072a6f26991fb174d8914fdd949cbe85a24d9a1ca4d1a49063eca8b9a7,1.0,1.0,1.0,1.0,5,1.0,ms2_mcs5,
hierarchical_n2000_g8_easy_noise0,2026092802,hierarchical,easy,2000,23c80e4b26d7c22833c17540f869634762c8d07ed24693b173220de2e9cfdd37,0.9982858362972235,0.9977134752627415,0.9988554225106263,0.9971566170154335,10,0.9982858362972235,ms2_mcs5,
hierarchical_n2000_g8_easy_noise0,2026092803,hierarchical,easy,2000,20e290f32c374f11859751e9e1ba59575ea0b9f467852ae0bde6d5ee11e34578,0.9651235262983748,0.9619656857574226,0.9666580315498073,0.9971566170154335,10,1.0,ms2_mcs100,
hierarchical_n2000_g8_easy_noise0,2026092804,hierarchical,easy,2000,5a64ad354755cc50adbf8d3144a16ab688bdef4e5ab1e00e276e5ad8ca3ebd87,1.0,1.0,1.0,1.0,5,1.0,ms2_mcs5,
hierarchical_n2000_g8_extreme_noise0,2026092800,hierarchical,extreme,2000,46a36901e5ecfee6aace5257a94fb197a5412e2b480eb9d4ffe86d931efbae40,0.4637995872824871,0.4637995872824871,0.4637995872824871,1.0,75,1.0,ms2_mcs100,
hierarchical_n2000_g8_extreme_noise0,2026092801,hierarchical,extreme,2000,46f03fd6cc9a5ef1f960c0b687d632d80283bf8759e5e692b023b433ae95ba56,0.4637995872824871,0.4637995872824871,0.4637995872824871,1.0,75,1.0,ms2_mcs100,
hierarchical_n2000_g8_extreme_noise0,2026092802,hierarchical,extreme,2000,0d5b75c70d18c3af6bebabb3f0581ec5e462ca9ce31d9dc6db63efb9517c3500,0.4637995872824871,0.4637995872824871,0.4637995872824871,0.8705730009711881,75,0.8705730009711881,ms2_mcs100,
hierarchical_n2000_g8_extreme_noise0,2026092803,hierarchical,extreme,2000,ae4bcdadb8acd8c538a04a8ac4d517756ab9d53af49cdab92c54842a61958029,0.4637995872824871,0.4637995872824871,0.4637995872824871,0.8705730009711881,75,0.8705730009711881,ms2_mcs100,
hierarchical_n2000_g8_extreme_noise0,2026092804,hierarchical,extreme,2000,88a781e29ea3f779a5b104aec86fae4c639a7030b35c93d733e72d2ab5c625db,0.4637995872824871,0.4637995872824871,0.4637995872824871,0.9332244921472524,75,1.0,ms2_mcs100,
hierarchical_n2000_g8_hard_noise0,2026092800,hierarchical,hard,2000,8565ecef6047d04dc20f4152a872c1a3b9fdd67a043144cbba2322123c293351,0.46269402665290577,0.4619348412674447,0.4637995872824871,1.0,50,1.0,ms2_mcs100,
hierarchical_n2000_g8_hard_noise0,2026092801,hierarchical,hard,2000,0abc918af09437e8fcd6ac79f347a97d6ff87f3524d79a5b18247711d5a70b22,0.46342948209298496,0.46342948209298496,0.4637995872824871,1.0,50,1.0,ms2_mcs100,
hierarchical_n2000_g8_hard_noise0,2026092802,hierarchical,hard,2000,70e4408ed240aa26c2748ffedf9428373eeeae04cb64933b9cc1bd5b3a72b4cf,0.46268499081757575,0.4611977003983046,0.4637995872824871,0.8705730009711881,50,0.8933310564057912,ms32_mcs30,
hierarchical_n2000_g8_hard_noise0,2026092803,hierarchical,hard,2000,748ee1332380da98a9483a21f9931f78d708470ab6c531ed51085301bb7463dc,0.46342948209298496,0.4626830704587956,0.4637995872824871,0.8705730009711881,50,1.0,ms2_mcs100,
hierarchical_n2000_g8_hard_noise0,2026092804,hierarchical,hard,2000,27bbed8f4ba6d0e3e87301647f1259f3ca28167e2afb380997d5d2ab52d01f33,0.4630573093236281,0.4626785525146475,0.4637995872824871,1.0,75,1.0,ms2_mcs100,
hierarchical_n2000_g8_medium_noise0,2026092800,hierarchical,medium,2000,824ba239d433970d2468217efc4232f9ab2ce013f2f772076dd2b3c785c56092,0.4608112426425223,0.4577953513260598,0.4638086124065552,1.0,30,1.0,ms2_mcs100,
hierarchical_n2000_g8_medium_noise0,2026092801,hierarchical,medium,2000,698974e4a66b99e8ceb4662030652d5b97341bae95347e79f375fe24697cefae,0.46155633324900797,0.4581439412562392,0.4637995872824871,1.0,30,1.0,ms2_mcs100,
hierarchical_n2000_g8_medium_noise0,2026092802,hierarchical,medium,2000,c06e376385e1ff2452373e70ffcca5e4ebb488a1dacb0ea5250264341edf608f,0.46082865779759247,0.45744282858522334,0.46380409985542237,0.8705730009711881,30,0.8953557683483407,ms5_mcs75,
hierarchical_n2000_g8_medium_noise0,2026092803,hierarchical,medium,2000,512de5e7aceb1eacd2854913824425aec21092a14791eaaf45b4b1724a96b237,0.46085635252487495,0.5512664308548024,0.4638086124065552,0.8705730009711881,30,1.0,ms2_mcs100,
hierarchical_n2000_g8_medium_noise0,2026092804,hierarchical,medium,2000,e65cb2f4e460ede6070af116d1dbce975567165775bbcd2eac7c6ae6e5bdd159,0.4611912572829544,0.4608396286306689,0.4638086124065552,1.0,50,1.0,ms2_mcs100,
shells_n2000_g8_easy_noise0,2026092800,shells,easy,2000,45166e9304e1208e54ffc25e395602e474f850dac3dad535b5c9340dacee0786,1.0,1.0,1.0,1.0,5,1.0,ms2_mcs5,
shells_n2000_g8_easy_noise0,2026092801,shells,easy,2000,1addbe19979395a16d13e06901179d2724f6565630befcfecd909c1df8add002,1.0,1.0,1.0,1.0,5,1.0,ms2_mcs5,
shells_n2000_g8_easy_noise0,2026092802,shells,easy,2000,b8cf25db7f58d6e6fbb17d26481db5b1e39055f275131c27c451c24501089d72,1.0,1.0,1.0,1.0,5,1.0,ms2_mcs5,
shells_n2000_g8_easy_noise0,2026092803,shells,easy,2000,059b37466e4664256f024cea427a8c2c508456653be592f76730e962522cae65,1.0,1.0,1.0,1.0,5,1.0,ms2_mcs5,
shells_n2000_g8_easy_noise0,2026092804,shells,easy,2000,b8140af250c2a569c0ddb5677f8e2507ff761a65333bdc2203f65de56111ed87,1.0,1.0,1.0,1.0,5,1.0,ms2_mcs5,
shells_n2000_g8_extreme_noise0,2026092800,shells,extreme,2000,6ee8b4f7324beab58df1c5937e84ac3c2fd7ad5cfa5976635e76bd5513ea4222,1.0,1.0,1.0,1.0,5,1.0,ms2_mcs5,
shells_n2000_g8_extreme_noise0,2026092801,shells,extreme,2000,c19215df0b478ee10f978f158baf2f8c87edab8c00508bf533a9f2f6db538831,1.0,1.0,1.0,1.0,5,1.0,ms2_mcs5,
shells_n2000_g8_extreme_noise0,2026092802,shells,extreme,2000,6d4487ec65a3179c8e446fbf9e226cdcb986b261d9deb12e34821b472cc062c8,1.0,1.0,1.0,1.0,5,1.0,ms2_mcs5,
shells_n2000_g8_extreme_noise0,2026092803,shells,extreme,2000,5d961cb40a424b17baac82fe3ae6c4f280eb30d3b37bcc609baeb2e00b1c5792,1.0,1.0,1.0,1.0,5,1.0,ms2_mcs5,
shells_n2000_g8_extreme_noise0,2026092804,shells,extreme,2000,1581011ba1cae42cea35c9fd218b8692285844a0f160c1fba12cd1f107820cd0,1.0,1.0,1.0,1.0,5,1.0,ms2_mcs5,
shells_n2000_g8_hard_noise0,2026092800,shells,hard,2000,d99bcf2502cada62817cb172ce00038ff54346107faf74708d87b8cd7859d1f1,1.0,1.0,1.0,1.0,5,1.0,ms2_mcs5,
shells_n2000_g8_hard_noise0,2026092801,shells,hard,2000,bb92a467d05767f18fbedaf0ce617280ecdb75528f884d77640ed3d993e094f6,1.0,1.0,1.0,1.0,5,1.0,ms2_mcs5,
shells_n2000_g8_hard_noise0,2026092802,shells,hard,2000,8092107bce8cf749e915f20868b05132e337525264b430e4bbdfbe728786073a,1.0,1.0,1.0,1.0,5,1.0,ms2_mcs5,
shells_n2000_g8_hard_noise0,2026092803,shells,hard,2000,4989241c6929d805e4be7a8d0301435c5f5ca62500f77061cb368855bdc7eef1,1.0,1.0,1.0,1.0,5,1.0,ms2_mcs5,
shells_n2000_g8_hard_noise0,2026092804,shells,hard,2000,cdcaa18631b40d9ac4bc78b325c72060be5a54795e5a138f08de4a29cffe4f97,1.0,1.0,1.0,1.0,5,1.0,ms2_mcs5,
shells_n2000_g8_medium_noise0,2026092800,shells,medium,2000,c6822601cacb59753a525662e5fcbde7d87bb8c54221f0158205269f339cdc0b,1.0,1.0,1.0,1.0,5,1.0,ms2_mcs5,
shells_n2000_g8_medium_noise0,2026092801,shells,medium,2000,061a808ca1c0a3464f917cc4448a8ec06f56541279397943dd520e0db2ace9c0,1.0,1.0,1.0,1.0,5,1.0,ms2_mcs5,
shells_n2000_g8_medium_noise0,2026092802,shells,medium,2000,d2ecb15986e645197ad8af50c6dc76828eb6b4a0292b07cbb14d6cafb6d080ea,1.0,1.0,1.0,1.0,5,1.0,ms2_mcs5,
shells_n2000_g8_medium_noise0,2026092803,shells,medium,2000,da0e3c9f27a5177346f7e722b2671790a8d305ec3e31e708897ae8aada67d5b5,1.0,1.0,1.0,1.0,5,1.0,ms2_mcs5,
shells_n2000_g8_medium_noise0,2026092804,shells,medium,2000,96615cd5e987a048eb57966988fdcdd701be1d35a0d6d426c0c5fb617edbf1dd,1.0,1.0,1.0,1.0,5,1.0,ms2_mcs5,
spherical_n2000_g16_hard_noise0,2026092800,spherical,hard,2000,6f8ca684b32bec1e05ae2ac4d26b7b8c5f54e9b6c63e958102f6c3e9a695bd9f,0.7891614325044698,0.7139509729113854,0.8908463822829048,0.5376089455252564,5,0.7891614325044698,ms2_mcs15,
spherical_n2000_g16_hard_noise0,2026092801,spherical,hard,2000,c0bcd4b9dadff8954a9bbabc20adabfe7b25d4ce9310154b74dd180ff7abf98c,0.7548056305031607,0.675607048525704,0.8918266017407072,0.5431439968862328,5,0.7548056305031607,ms2_mcs10,
spherical_n2000_g16_hard_noise0,2026092802,spherical,hard,2000,bfd9d0dde6ecbfe5fea581813119e29c0425cc230239947b4cbc969263ed3306,0.7730077241134559,0.6437834442097788,0.9491392711508024,0.5824732200559696,5,0.7730077241134559,ms2_mcs15,
spherical_n2000_g16_hard_noise0,2026092803,spherical,hard,2000,722c3a2451524003e62b2371db311939ef3bb511fe997a7fcf249fde7840157e,0.7963294309477906,0.6781185458008183,0.9147838127437893,0.5771358884970644,5,0.7963294309477906,ms2_mcs45,
spherical_n2000_g16_hard_noise0,2026092804,spherical,hard,2000,3b4ac84b628aa9f6bb467827906fd72a44e4ee392bd5e70734b7a4e5d9f02543,0.642142373962536,0.5874047239949662,0.7806778656003919,0.518674171695613,5,0.642142373962536,ms2_mcs20,
spherical_n2000_g16_medium_noise0,2026092800,spherical,medium,2000,80b23f116cf28a968a53ff00ef42da435689ed51c5d9293dc8d70294ae2f8c73,0.9301497595004061,0.89235806147761,0.9819764410748286,0.8144349474430362,5,0.9301497595004061,ms2_mcs15,
spherical_n2000_g16_medium_noise0,2026092801,spherical,medium,2000,c3e91f29c7717b72b1065557121669b4a0994d02b003458ef44b0bf2a331544e,0.8969734194065153,0.8679506104204658,0.9255151678851217,0.808604058175076,5,0.8969734194065153,ms2_mcs10,
spherical_n2000_g16_medium_noise0,2026092802,spherical,medium,2000,61f5435afa831ae755629faf95eacead7bfab28c0b69df8e03903880a6f293e2,0.8859397710340016,0.8622074375444789,0.9211193255908694,0.8049433217641516,5,0.8865829754104537,ms2_mcs5,
spherical_n2000_g16_medium_noise0,2026092803,spherical,medium,2000,7466af1c2f5be23d1ebffae693a8ff779944b40097992c9e3c8efc89a6128204,0.9283697729460606,0.8788626743751884,0.978808854585505,0.7883088804361332,5,0.9283697729460606,ms2_mcs30,
spherical_n2000_g16_medium_noise0,2026092804,spherical,medium,2000,4dbe803387c00c95c7502680fa643b8449b3817b961835a9fc52888e54108019,0.8561164808158167,0.8088619833159402,0.9175391611977757,0.7694025698871247,5,0.8561164808158167,ms2_mcs10,
spherical_n2000_g2_medium_noise0,2026092800,spherical,medium,2000,50fb5a68d033331ddd329f31375d0feb9299180733f0012a621f42d085de0044,0.662208255582535,0.6110384599291016,0.9603801840668088,0.5927431440996048,20,0.662208255582535,ms2_mcs15,
spherical_n2000_g2_medium_noise0,2026092801,spherical,medium,2000,45daa8800705cf37deb079ce1d74c98aa6912bd008750652c823616b869bda9a,0.7964388010034655,0.7646166115302385,0.966272127779555,0.6817768880873881,5,0.7964388010034655,ms2_mcs15,
spherical_n2000_g2_medium_noise0,2026092802,spherical,medium,2000,de75a81be6d5cb6744c0c6d904251076cc596b20bc6209d170f159c1d7382d90,0.7422425270301544,0.6805327071120706,0.9860420175803913,0.6575154191517328,20,0.7422425270301544,ms2_mcs20,
spherical_n2000_g2_medium_noise0,2026092803,spherical,medium,2000,36404b53e4cba08999ab176e1d4dd9b7f5d133cd3942c1bfd579a2d126fff18f,0.8107969982834307,0.7576310515785115,0.9721820843068502,0.6247393428370659,10,0.8107969982834307,ms2_mcs15,
spherical_n2000_g2_medium_noise0,2026092804,spherical,medium,2000,e587a86a6d44cd0f65e00d6399294ff765acb7d1fe523ae4817106bdd8114104,0.8190426020652254,0.7800622946194727,0.9820720315405045,0.6731745622409128,15,0.8190426020652254,ms2_mcs20,
spherical_n2000_g32_medium_noise0,2026092800,spherical,medium,2000,bc7d3dd02183dfda9617cc5c5e149dbaedd892d65fbfd38ef238b2260047752f,0.8801606607912786,0.7638695791098669,0.9127079777399429,0.6535135957387149,5,0.8801606607912786,ms2_mcs15,
spherical_n2000_g32_medium_noise0,2026092801,spherical,medium,2000,ae9873a9bcdf1c9bfa3bdaded88c2e66b17c86e036bbbd8b13b2d5504eea7651,0.7785045026980979,0.6917335350756401,0.8308317287713984,0.5757479775579349,5,0.8012899082059567,ms2_mcs10,
spherical_n2000_g32_medium_noise0,2026092802,spherical,medium,2000,db4a5c4b7b392dce718104716b8d0c8b654fc6ddd92c0ad6c476e8bd348873de,0.803480356673089,0.03919823738303876,0.8927299039109486,0.5873683314231716,5,0.8209756450622092,ms2_mcs15,
spherical_n2000_g32_medium_noise0,2026092803,spherical,medium,2000,e1758ab1f743b334399a601cc54492f25deac8ae33b7bdd9b678dfc7474dc38e,0.800602355653055,0.5745185715708074,0.8807610464660317,0.6048937420684831,5,0.8049738706918222,ms2_mcs20,
spherical_n2000_g32_medium_noise0,2026092804,spherical,medium,2000,9898cd1400c73ad923bba1050cca87144925f0a8d6dfae95b599422a811df50d,0.03168754299944749,0.03168754299944749,0.03168754299944749,0.03254688394393641,50,0.8337624554961443,ms2_mcs30,
spherical_n2000_g4_hard_noise0,2026092800,spherical,hard,2000,4fefc22b43c41ddbe82ea3277c4383d6ae973d6c60042f786a736f6f34eee981,0.7374279908600222,0.6746190507217733,0.9409960984788509,0.6266721801752634,10,0.7374279908600222,ms2_mcs10,
spherical_n2000_g4_hard_noise0,2026092801,spherical,hard,2000,f475547de5a8c8ca8c709fe0937aa7e9a5aaaf0ef6f206ece09254718be68b98,0.7516079774589032,0.703298836170204,0.9487883752256046,0.5462286534253171,5,0.7532846388059348,ms2_mcs15,
spherical_n2000_g4_hard_noise0,2026092802,spherical,hard,2000,d68f02dbb52af2094c1878f4f022cb608dc884f7180c3c5c28082816ca00686f,0.8020084541083908,0.7480767267815274,0.9475727119315785,0.5932800007375559,10,0.8020084541083908,ms2_mcs20,
spherical_n2000_g4_hard_noise0,2026092803,spherical,hard,2000,0ea9ed4106914cc7510bf67ecd7e2eefe9522269c1fc53b60f4b69a2e90bbe92,0.7118602008173245,0.6487268818980381,0.9244847148925316,0.5162736379406803,10,0.7118602008173245,ms2_mcs20,
spherical_n2000_g4_hard_noise0,2026092804,spherical,hard,2000,4015ffe55aeca6042dbc5f51a6ccc270e13e8f571bc378d2edf9b9c982ef73c0,0.7718543708349125,0.7170626446049437,0.9231992024881222,0.426628463172041,20,0.7718543708349125,ms2_mcs20,
spherical_n2000_g4_medium_noise0,2026092800,spherical,medium,2000,db83b13127310ade535807573ee5467e7993c9af5579e3187564970da832bdf2,0.8841480631917965,0.8412155803068653,0.9748709754978587,0.7921524792540281,10,0.8841480631917965,ms2_mcs10,
spherical_n2000_g4_medium_noise0,2026092801,spherical,medium,2000,a742ea5434e46fa86693edd9b7b28b7068c4afc3f52304e5d9780f4b01817367,0.8247778260935151,0.7936025850156727,0.98406419072642,0.7203253363669424,15,0.8259750372826761,ms2_mcs15,
spherical_n2000_g4_medium_noise0,2026092802,spherical,medium,2000,db97e298efd969bee970d8c26a36a877b3138f94b4dda387ad324aed62699cd7,0.8936207866217994,0.8548473744361951,0.9801220691357502,0.7514409498153983,10,0.8936207866217994,ms2_mcs15,
spherical_n2000_g4_medium_noise0,2026092803,spherical,medium,2000,28f7e43290c7dcf15d03d3bb26ce0591141f796fa7712efd9f380c2d76c686e1,0.8516488714625806,0.8021328596957465,0.965620609701115,0.6823342822770241,15,0.8516488714625806,ms2_mcs10,
spherical_n2000_g4_medium_noise0,2026092804,spherical,medium,2000,14036f58ae0cb50ef49d1a895ee48bba8a5f9d3421cd00b47f448d8873b175a8,0.873352617405673,0.8208370407349662,0.9683266877818252,0.7340260705493794,10,0.873352617405673,ms2_mcs10,
spherical_n2000_g8_easy_noise0,2026092800,spherical,easy,2000,879c09d229683cef1d0a5ad30e04c7c62ca3b873e69a30bb15b74458afb7fbab,0.9930644189114396,0.9853576110842404,0.9977131466410794,0.9753772657971645,10,0.9930644189114396,ms2_mcs5,
spherical_n2000_g8_easy_noise0,2026092801,spherical,easy,2000,4c64210482b3479428dc61a41eeba205402ebeec2c89331401f65a94400dfb5d,0.9959727971059952,0.9901754065811654,0.9977154285714286,0.9877340553020773,5,0.9959727971059952,ms2_mcs5,
spherical_n2000_g8_easy_noise0,2026092802,spherical,easy,2000,5f962f37846171ca926e80cbe428d157d47f423ead54719cf2385c44ff657aa7,0.9931567211955487,0.9902647498602738,0.9988554225106263,0.9809257208452807,5,0.9931567211955487,ms2_mcs5,
spherical_n2000_g8_easy_noise0,2026092803,spherical,easy,2000,e9f2bef42fe055dc49a0f632735a19cb4257c928034f172b091ca292deca35db,0.9942579477653984,0.9925054967286813,0.9965685790043048,0.9870851398655865,5,0.9942579477653984,ms2_mcs10,
spherical_n2000_g8_easy_noise0,2026092804,spherical,easy,2000,621e6ada7c33753180d07f1b09284e11213397fb25c92f49e3eb630a1df2d14f,0.9959911999985723,0.9903226349731661,0.9988554225106263,0.9845594801364995,5,0.9959911999985723,ms2_mcs15,
spherical_n2000_g8_extreme_noise0,2026092800,spherical,extreme,2000,1c54185756824a38937c07e820f0637f5a47cfcf7019b90135a2cf9a128b92fe,0.5538317753116958,0.0746366387126551,0.8769125002674089,0.1530011227633534,20,0.5538317753116958,ms2_mcs45,
spherical_n2000_g8_extreme_noise0,2026092801,spherical,extreme,2000,654ab523bcc5d3c075f19bcb284a4ffb4af73b679dfb8330947711cd505aea58,0.6457761292528563,0.5854528172020694,0.8871334504419225,0.16049178570843398,5,0.6475665752896357,ms2_mcs15,
spherical_n2000_g8_extreme_noise0,2026092802,spherical,extreme,2000,587b721c4686647d8fe5d0c8f7e7359b8a4f8d6e9821f457a9ba4e1f12ecd5de,0.17138733903072523,0.16872971206805115,0.173255881690648,0.1712387467547899,5,0.211579364683613,ms2_mcs5,
spherical_n2000_g8_extreme_noise0,2026092803,spherical,extreme,2000,a7ca54416db228b53af3fc535b7880408df06e8282c1456a790cb0bc98355484,0.16235697205187932,0.15979107863205402,0.17226917920632273,0.15817038419724233,5,0.22753853804251212,ms2_mcs5,
spherical_n2000_g8_extreme_noise0,2026092804,spherical,extreme,2000,b496d0611dcfcbda60f08d7f5163d394fbd9dd0402f369ec9ee8219b24eaebc7,0.5618960297422698,0.4862982708100304,0.876064366668551,0.16129752120434604,10,0.5618960297422698,ms2_mcs20,
spherical_n2000_g8_hard_noise0,2026092800,spherical,hard,2000,151c590fc25452a8baf5cb0c6e0e154afd71b010ff5e8774f7e7b3069a656660,0.8264369625324808,0.7685298267263578,0.9539580306435619,0.5764388183045862,10,0.8264369625324808,ms2_mcs20,
spherical_n2000_g8_hard_noise0,2026092801,spherical,hard,2000,1767d6aad54a7cfe0f9934e96e9a9824ffc44562a110ad45de809b376c7d8fd7,0.795452193777275,0.7284365392941028,0.9385140518765374,0.46598996778430923,30,0.795452193777275,ms2_mcs15,
spherical_n2000_g8_hard_noise0,2026092802,spherical,hard,2000,9df00ae90b94cffb1a67f419aaba177610831c5fb24386f78bfb795c8fcaa9bc,0.17726088491778844,0.17647708112761465,0.17667702178113812,0.17321516003549772,10,0.17726088491778844,ms2_mcs5,
spherical_n2000_g8_hard_noise0,2026092803,spherical,hard,2000,7fcf50f5856f8431aacbf64a9cdc5c4803c396c825a5900704d3d2fca88bdb0a,0.17346786296295952,0.17128907000861168,0.17584323357675014,0.17029901556710186,5,0.17346786296295952,ms2_mcs5,
spherical_n2000_g8_hard_noise0,2026092804,spherical,hard,2000,14e231eb68090dcd924220a1b941bf258596079507bb96e07adf66534664cdfe,0.7373477690742645,0.17564157275300274,0.943219294305034,0.5136542788739998,10,0.7373477690742645,ms2_mcs30,
spherical_n2000_g8_medium_noise0,2026092800,spherical,medium,2000,db8019b18783b7131e72729f714683a9ee0082c7a4cb607f9d1e0f71572ab04a,0.8994646503403093,0.850112440949064,0.9761798947719534,0.7859716144448947,10,0.8994646503403093,ms2_mcs20,
spherical_n2000_g8_medium_noise0,2026092801,spherical,medium,2000,f6dea3d7ceae40019539d735c006db35572d1cd48bd424e2860789eb4ca5c6df,0.9084228071821803,0.864435162223507,0.9705708151562119,0.800852266610549,5,0.9084228071821803,ms2_mcs15,
spherical_n2000_g8_medium_noise0,2026092802,spherical,medium,2000,fa87c83d48fd61394ffb73ee1c9d6d02886e335526d2e397c46cfe12bc72dd36,0.9206529445898671,0.8913557147076311,0.9716956567391766,0.7720441679609041,5,0.9206529445898671,ms2_mcs15,
spherical_n2000_g8_medium_noise0,2026092803,spherical,medium,2000,07f296e8f69e41f43b7cfead77d6f1226310623e71440d50a7df03a97a84b445,0.8604875010004063,0.8050119149851835,0.9773043564590062,0.7114239827850242,10,0.8604875010004063,ms2_mcs15,
spherical_n2000_g8_medium_noise0,2026092804,spherical,medium,2000,a8b6f28e9e6c4a9ea55f01d24085abeeb2e5f859246351e3342bb6d36903a9be,0.8937863890839135,0.853540811204825,0.9807212274092809,0.7713267737613444,10,0.8937863890839135,ms2_mcs15,
spherical_n2000_g8_medium_noise0p1,2026092800,spherical,medium,2000,cae551751464670d4bc3b905bc3793b3a62d7be88b01afa676784a3c7fbd2860,0.8368419700230345,0.7908185603203076,0.8375983667630486,0.7167969831398893,5,0.8368419700230345,ms2_mcs10,
spherical_n2000_g8_medium_noise0p1,2026092801,spherical,medium,2000,8f6c1c973f8f4e9a964a4c44f078c0db44f3e7fad32de7c6f46f4b75e16efbeb,0.7946155317521041,0.7513764442939735,0.821117850308938,0.6534123621199861,5,0.7946155317521041,ms2_mcs15,
spherical_n2000_g8_medium_noise0p1,2026092802,spherical,medium,2000,634798192a4132153d438f6306f12efb31b7b1f4128b477fc9f9fa45414defd7,0.7976828301625298,0.7420482017866967,0.8300598100691988,0.7044666936685856,5,0.7976828301625298,ms2_mcs10,
spherical_n2000_g8_medium_noise0p1,2026092803,spherical,medium,2000,ebeb78ceb4ebbf14d90125301397881bc27bc423f66812c157ccff064e60d367,0.7591696348987773,0.6887851963530724,0.8200038279698004,0.628066241417364,5,0.7641850091990612,ms2_mcs10,
spherical_n2000_g8_medium_noise0p1,2026092804,spherical,medium,2000,7f052bfa3d59f3bba4c43fa91ec5057c6fd287179521f82670222a7536b825a6,0.8130793394332462,0.762999360086499,0.8317340140292957,0.7249969391045128,10,0.8130793394332462,ms2_mcs15,
spherical_n2000_g8_medium_noise0p3,2026092800,spherical,medium,2000,6fdd31c8e869dcf1604cb3ad0743acba374bfd771f1d1df27f7c45168ff0a5ac,0.6269609763595718,0.6349622565286013,0.4423044580897972,0.6101076554748125,5,0.6349622565286013,ms3_mcs20,
spherical_n2000_g8_medium_noise0p3,2026092801,spherical,medium,2000,37a815a86f2e2a28e23191461173f738ac496032eac108fd8198cafa414f448b,0.611903924610391,0.5984218550095474,0.43620331174538873,0.6013526825937292,10,0.611903924610391,ms2_mcs30,
spherical_n2000_g8_medium_noise0p3,2026092802,spherical,medium,2000,faeee850f011af92ac091c3095950ae17e923f56ad0a39204a4408730ebeafb6,0.6777825796756622,0.66530146392731,0.4437251423198558,0.5920919736258387,15,0.6777825796756622,ms2_mcs15,
spherical_n2000_g8_medium_noise0p3,2026092803,spherical,medium,2000,eaec8a1e69da3195020a8d80c5fc7b33d6948be49041536d367ecc3e9e563857,0.6287285913564395,0.6052737011127493,0.4354865624542744,0.6158386192680708,10,0.6287285913564395,ms2_mcs20,
spherical_n2000_g8_medium_noise0p3,2026092804,spherical,medium,2000,6cb3177d4ef14e29f31e676634249622a2f53352db60703ca8d0ad89b6ea6687,0.6346462343693788,0.6183400494711816,0.44064121548067053,0.5525996792203339,20,0.6346462343693788,ms2_mcs30,
spherical_n500_g16_hard_noise0,2026092800,spherical,hard,500,2d37c77d6b9e6e2743fb3ede34515c542976822ced9ce792e8546e17e4fbc6a4,0.864632573886984,0.792604257875886,0.8902702843176766,0.5720263389485203,5,0.8862203128629804,ms2_mcs10,
spherical_n500_g16_hard_noise0,2026092801,spherical,hard,500,b44c228cdd23b7b2d71fdb62eb64d99c3c320cbe1e8bdf07360f754988f062b1,0.7287386359982087,0.6927014893247143,0.7444915855556686,0.5691541331245962,5,0.8342006123507246,ms2_mcs10,
spherical_n500_g16_hard_noise0,2026092802,spherical,hard,500,252c0a9afbfdf05d9ffa535533666b9529a1e090107dca1f5a83635ccf418be5,0.8475986518444484,0.733346282592871,0.8881883425743344,0.6349341746559257,5,0.8475986518444484,ms2_mcs15,
spherical_n500_g16_hard_noise0,2026092803,spherical,hard,500,a68307e668d143f22e0436896295f48f30632eb3671f7aa403358d54bbc92059,0.7124861420090992,0.4833098758495116,0.867057780020742,0.5117742232125838,5,0.7310963730240768,ms2_mcs10,
spherical_n500_g16_hard_noise0,2026092804,spherical,hard,500,2018421b9518518540be31fd13dc37412e395244b0a4b883076bec2d38437700,0.8087456982714277,0.7608549738855307,0.8402319437613915,0.6983785673095388,5,0.8508120891296961,ms2_mcs15,
spherical_n500_g16_medium_noise0,2026092800,spherical,medium,500,fe67e8a00030fe845be9edf4fe11b73d293ba7491d5a667024ac1feb1596ef35,0.9745821738961676,0.8829094246240063,0.9786156629138294,0.8288879724525205,5,0.9745821738961676,ms2_mcs10,
spherical_n500_g16_medium_noise0,2026092801,spherical,medium,500,03383cf1d9382a31956e2a98ab3756dfed592903240b7b51e0546ca822c8567a,0.9698037372610253,0.932370267121984,0.9871232120594681,0.8673747208665487,5,0.9698037372610253,ms2_mcs10,
spherical_n500_g16_medium_noise0,2026092802,spherical,medium,500,191b9a676082a08f01224e9f42c22a14de24ae1beecfd70ffb5037fdc9896928,0.940732997160343,0.8867537043622029,0.9700449004696944,0.8485576764796903,5,0.940732997160343,ms2_mcs10,
spherical_n500_g16_medium_noise0,2026092803,spherical,medium,500,4a328a208a891a48de0c65452e0ab0a5c02f7dd84f96b9ab153716a51b7c9c42,0.9229365900787116,0.8963734834937649,0.9498431526574653,0.732236471955662,5,0.9229365900787116,ms2_mcs10,
spherical_n500_g16_medium_noise0,2026092804,spherical,medium,500,c89a73cfab536b574be3fc73f9d6567b07fc8ab560692d41b728df3cfe9f521b,0.9730504455539652,0.9289283696438262,0.9914160054722608,0.8631517292675759,5,0.9730504455539652,ms2_mcs10,
spherical_n500_g4_hard_noise0,2026092800,spherical,hard,500,8f9dcd2ce7ecc5b2e9da9447d1d293be697868a9753b4abb37ce4adf3e94d26d,0.6694269854188651,0.5813889210403056,0.9475318797194183,0.5690618927966886,10,0.6694269854188651,ms2_mcs20,
spherical_n500_g4_hard_noise0,2026092801,spherical,hard,500,0ea6ff55070f6b341cdc5277482e20ac5af3126b9fe40f2c7c726444d05fa1c3,0.5986816909183483,0.5038244445936538,0.8666938023772705,0.4545885915103692,15,0.5986816909183483,ms2_mcs15,
spherical_n500_g4_hard_noise0,2026092802,spherical,hard,500,6fb5c3eacd8d14e28d23ba1ee5acd00a060eb4cfe64a631b4f5c6877250c8cbf,0.3117747434329228,0.3024612893873215,0.32379055309673876,0.6081526163587005,5,0.6081526163587005,ms5_mcs5,
spherical_n500_g4_hard_noise0,2026092803,spherical,hard,500,313130dcfa0e5b01470242cd23e786e3f43a8f021842cbe4bd67f7d34a162575,0.6960503911174016,0.622145237861529,0.8928670600612705,0.49408867220721636,5,0.6960503911174016,ms2_mcs10,
spherical_n500_g4_hard_noise0,2026092804,spherical,hard,500,82da3ca3ca65933aaf50179eb82f2ecc5d2e5a9cc240d4e2fd8c37b10bb17a5a,0.8127901340580173,0.7412162921354769,0.9680272882886671,0.6346857533401326,5,0.8127901340580173,ms2_mcs10,
spherical_n500_g4_medium_noise0,2026092800,spherical,medium,500,b00b9e7d314414becd46b5e0bdb4b190701f8dec4326a69c4f9976dfda5e524c,0.9089517994376604,0.8401554516162844,0.978796098439448,0.7575146247176705,5,0.9089517994376604,ms2_mcs10,
spherical_n500_g4_medium_noise0,2026092801,spherical,medium,500,738a9eb9728053c960898c81f96efad61306c2054c0e0ffe65ef829bb104655c,0.8417481896242022,0.7579110468039331,0.9522519067735655,0.7655911614125323,5,0.8417481896242022,ms2_mcs15,
spherical_n500_g4_medium_noise0,2026092802,spherical,medium,500,9453606ef09ca12920099e502f3b2780b2c395367b25eab2c0b826a54ad15ca9,0.8912527125538714,0.8422124734737824,0.9734101384252382,0.817456510737469,5,0.8912527125538714,ms2_mcs15,
spherical_n500_g4_medium_noise0,2026092803,spherical,medium,500,50b8f5ebe722bb9101d48d768621d3ec5a9f1b2f748281510c86ae9d9fe0086b,0.9349134232087948,0.8771430251435496,0.978796098439448,0.8276487487025032,5,0.9349134232087948,ms2_mcs10,
spherical_n500_g4_medium_noise0,2026092804,spherical,medium,500,5544fdb698e90488515ababd2680374b32f6c7db8263136a3e4bcc560105e849,0.8811638346335776,0.8200016378505163,0.989333319455347,0.7536042902406094,10,0.8811638346335776,ms2_mcs10,
spherical_n500_g8_medium_noise0,2026092800,spherical,medium,500,2bb3f6f91ed3d576f7dce4b28c1e54bca5b9a56fff37f1a13254276a3005540d,0.9510812481259224,0.9203309051234215,0.9726006804436571,0.8318362979875051,5,0.9510812481259224,ms2_mcs5,
spherical_n500_g8_medium_noise0,2026092801,spherical,medium,500,fc3d0696d4407401e13d3bbc0e28cb787c30a20042015e6472d525de3e228034,0.7988558382728709,0.7616335667814174,0.845385474399031,0.7105872247100993,5,0.7988558382728709,ms2_mcs10,
spherical_n500_g8_medium_noise0,2026092802,spherical,medium,500,96f7001ef63b06f0bd078662fb3cb4a6510c0507a7291095c0d1b1b442ca2ae0,0.9373156910578203,0.8994571523297843,0.9908396169088654,0.833573041168624,5,0.9373156910578203,ms2_mcs5,
spherical_n500_g8_medium_noise0,2026092803,spherical,medium,500,69053dd0bbec20fd7298d48d5bf90f22018068b94b40450be9e10e6dfd533975,0.9812719741744333,0.9492507323524716,0.9954380967807733,0.8604951581007659,5,0.9812719741744333,ms2_mcs10,
spherical_n500_g8_medium_noise0,2026092804,spherical,medium,500,bc696ba7d4b08090982a890ef234cc31fea2f59c5726857301269312ec15bd53,0.9016149532742351,0.8371359485916946,0.9683324928257869,0.17826302907075348,30,0.9016149532742351,ms2_mcs10,
spherical_n8000_g16_hard_noise0,2026092800,spherical,hard,8000,389df4ed7fa42a81e26f43fdebee207c871fd6a72342bb3a2ec218be8f2288a0,0.7486562833067565,0.687131079522789,0.900771155555504,0.5226266249530075,5,0.7486562833067565,ms2_mcs15,
spherical_n8000_g16_hard_noise0,2026092801,spherical,hard,8000,844bdee00ac553d62144e19a2cc49aa5c58864d644b78be2e8fa51301e9c775b,0.7346314686972328,0.6433792307786237,0.9528730681483077,0.5368409697517973,5,0.7346314686972328,ms2_mcs20,
spherical_n8000_g16_hard_noise0,2026092802,spherical,hard,8000,edf725a791c512e85ba3d4a90ea1788f5260dfe08a521ff7535e6e7551f252a5,0.7478650565625837,0.6690129291738837,0.9548705557461366,0.5136759230979161,5,0.7478650565625837,ms2_mcs50,
spherical_n8000_g16_hard_noise0,2026092803,spherical,hard,8000,9f85e3b96844f7d30ed2c34f53a0815f7deee418ffcf2ef593160373f3e4e477,0.720849144678144,0.6423898135354689,0.9463773716633648,0.51638899514202,5,0.720849144678144,ms2_mcs30,
spherical_n8000_g16_hard_noise0,2026092804,spherical,hard,8000,6cfa3a8f4ff7462b2c2f924947ff69cbdb6178c5d0a377a59a3c8ef249b6941a,0.7523915208429354,0.6694724029703566,0.9526274767403624,0.44998935135800094,5,0.7523915208429354,ms2_mcs20,
spherical_n8000_g16_medium_noise0,2026092800,spherical,medium,8000,b62c58cd694bfcc860c20b5085f0432bd9765f6a66ffdc5c5fd1d5102d0b170d,0.8856294116072917,0.8398743044874762,0.9815084144801081,0.8035820271822778,5,0.8856294116072917,ms2_mcs20,
spherical_n8000_g16_medium_noise0,2026092801,spherical,medium,8000,a97e210d98d10585c0950636cde26112bc10b1c15983f9f52dfa5d70f2a3a73d,0.8889107700611716,0.8459169120086062,0.9809786369597175,0.7717590412532676,5,0.8889107700611716,ms2_mcs15,
spherical_n8000_g16_medium_noise0,2026092802,spherical,medium,8000,c29bc3785e04898e6403cd25f9cfa8d3710eb26685fa7d3689323b0fbb984013,0.9095135017324181,0.8736125153035911,0.9796935836212018,0.7917340882662937,5,0.9095135017324181,ms2_mcs30,
spherical_n8000_g16_medium_noise0,2026092803,spherical,medium,8000,30cfdcde1d46fd5ae5718d5ac50a476390735173ed39a3cab2065142c33fad96,0.9076227331949561,0.8684183424841919,0.9796763727836622,0.7598450666728941,5,0.9076227331949561,ms2_mcs20,
spherical_n8000_g16_medium_noise0,2026092804,spherical,medium,8000,35d1a159d7bbd94365a5b6bae19b8a15bc5b81350315a3838b5f1a3bb7aa2f31,0.9211038900685309,0.8826276155163082,0.9817650549368906,0.7344243156616507,5,0.9211038900685309,ms2_mcs20,
spherical_n8000_g4_hard_noise0,2026092800,spherical,hard,8000,e0c0d175f3233d8ec2d7df548835dd300813932e613f06bfe8bba60cb1ddc169,0.7398964736458786,0.6975022731224217,0.9475440194171492,0.5824692860596313,10,0.7398964736458786,ms2_mcs20,
spherical_n8000_g4_hard_noise0,2026092801,spherical,hard,8000,409d56a77c881d91cacabbea568006fd8636cde24d70d65447d240151ddac092,0.7022576989595052,0.6518903513732502,0.9475142194672922,0.546066482957285,10,0.7022576989595052,ms2_mcs50,
spherical_n8000_g4_hard_noise0,2026092802,spherical,hard,8000,e2ec83c7ed05e374c89c757d9217fa29b149b67ab2ffe5a070418a2733904711,0.7612090714393187,0.7156139110817246,0.9436480104931022,0.6123440071164332,10,0.7612090714393187,ms2_mcs50,
spherical_n8000_g4_hard_noise0,2026092803,spherical,hard,8000,4ee929f15f07b1d4b4eb67b71b4c5b299411b02aa0a8cdbb0473bf8e891718b7,0.5938731432166511,0.5427032802504488,0.9345876418375337,0.48308304586800704,50,0.5938731432166511,ms2_mcs75,
spherical_n8000_g4_hard_noise0,2026092804,spherical,hard,8000,04ce3079dfa604e42db5e1c2a55e7a342d308fe5905ec788f6eb5134de9d79ff,0.6902427551637321,0.6422188318700783,0.9530677902546315,0.5049218097210424,10,0.6902427551637321,ms2_mcs30,
spherical_n8000_g4_medium_noise0,2026092800,spherical,medium,8000,09f2b0aa0235ee38948c9c8503a721c80dfa9a20f547aacc0ec66c64033c2369,0.8145059429983924,0.7780995561874287,0.9752476312217256,0.7617304358266545,15,0.8145059429983924,ms2_mcs20,
spherical_n8000_g4_medium_noise0,2026092801,spherical,medium,8000,a4653bd089eb01f00ccda329bd05b557953c0742ced4effe0f8f1866db634fab,0.853318109370499,0.8244254655986614,0.976173619064129,0.7235373057067784,15,0.853318109370499,ms2_mcs30,
spherical_n8000_g4_medium_noise0,2026092802,spherical,medium,8000,03af16fb76eb780f491801e3d448a0ccc33522ec64f66e6351391988b85161af,0.8577144158553782,0.8254785778264424,0.9774976153849141,0.7546147047167356,20,0.8577144158553782,ms2_mcs50,
spherical_n8000_g4_medium_noise0,2026092803,spherical,medium,8000,77d24bbe418f591aea55a4deb28d7c87a0a178fe5c0c7597cb3f98588f21fb89,0.7232080557466793,0.6898786272647288,0.9641258231653704,0.7039728740477821,50,0.7232080557466793,ms2_mcs75,
spherical_n8000_g4_medium_noise0,2026092804,spherical,medium,8000,062d793398ee42459c9a96547dd5312e0141f1144cf1406c912d5d2f193c6349,0.8790909908366074,0.845287510204118,0.9807909453677821,0.7648777995569972,15,0.8790909908366074,ms2_mcs20,
spherical_n8000_g8_medium_noise0,2026092800,spherical,medium,8000,a3698ff24686286161f38202a1f8806ad2d437afc4a1126a3d55f8beb5dd9712,0.8752936739615984,0.8439456055842643,0.9773546938892278,0.7856530845450325,15,0.8752936739615984,ms2_mcs30,
spherical_n8000_g8_medium_noise0,2026092801,spherical,medium,8000,1126caf2e83998d43ee3645da91f8ed44051dde2c4f1943723ca4c747239960e,0.8631826539299496,0.824136295888762,0.9765175269597844,0.6996466414081187,20,0.8631826539299496,ms2_mcs30,
spherical_n8000_g8_medium_noise0,2026092802,spherical,medium,8000,e8d9ec5d8c68cef378329baca0bb4934be17b3a77508abab8e9096ddca8f390b,0.8764341096352161,0.8341736695262805,0.973725855792978,0.6780536703936949,50,0.8764341096352161,ms2_mcs30,
spherical_n8000_g8_medium_noise0,2026092803,spherical,medium,8000,9660dc4a0669e124f8720a83940aa43fbde61d264199ea48e330055952726eb9,0.8694589202247229,0.8328230892648177,0.970955574028926,0.7439559156496545,15,0.8694589202247229,ms2_mcs30,
spherical_n8000_g8_medium_noise0,2026092804,spherical,medium,8000,0ce6294b34dd4f7852b959fa722d3151cb51697fbc01c1cfb00596ff4188b100,0.8696180284942814,0.8309895072639393,0.9784899022699565,0.7681739165859259,10,0.8696180284942814,ms2_mcs30,
unbalanced_n2000_g8_easy_noise0,2026092800,unbalanced,easy,2000,64906e08c6116cab83d6bd8c8ab20f614f86c736fe702c81a722585f3d87da2f,0.9795891452361601,0.9705582851693236,0.976339269331689,0.9795522819792688,5,0.9851906863880655,ms2_mcs10,
unbalanced_n2000_g8_easy_noise0,2026092801,unbalanced,easy,2000,d4756cc7ac31de35cbaa11e1fc459dbc234cd9338bf759c8b6fa694d2e38c3db,0.9733854074139054,0.9706377462565022,0.97640904823611,0.9674701696818855,5,0.9837277901372056,ms2_mcs10,
unbalanced_n2000_g8_easy_noise0,2026092802,unbalanced,easy,2000,50359cc6af0ba4963ddef6fc7c65cd8e667a7a2abf6c6928fe413bbed8aec062,0.9762392948410632,0.9724940495293124,0.9721353863033504,0.9685893318489837,10,0.9827076024312964,ms2_mcs10,
unbalanced_n2000_g8_easy_noise0,2026092803,unbalanced,easy,2000,4ccbe2e4d74c514bbdec90af2d6a3d016ad9fb44979b35eb9bddc17abf6e8ba6,0.9743580547919373,0.9633775690243506,0.9787277639158762,0.963995345362793,10,0.97858367990072,ms2_mcs10,
unbalanced_n2000_g8_easy_noise0,2026092804,unbalanced,easy,2000,3eaadb132cbac2dc69fb88b6387d0da9ec17c3a3c0453dd56c951ae7c21f6cfe,0.9766454812449262,0.9753447383888533,0.9758297128082543,0.9766403670707565,5,0.9868706870658384,ms2_mcs10,
unbalanced_n2000_g8_extreme_noise0,2026092800,unbalanced,extreme,2000,38023c5755d05f1e2aa959f3d821dae5e91cb8eced3bffaccda4179f0afc4f90,0.36642699422303493,0.31783859385855684,0.5315121440957544,0.15526956803748732,50,0.36642699422303493,ms2_mcs30,
unbalanced_n2000_g8_extreme_noise0,2026092801,unbalanced,extreme,2000,e567d1ad6a5668cc6fccda793ec1422b0189eb822bdcad283570c3734469e8ea,0.37238211885470796,0.3280132540897766,0.4668924422615807,0.1586870332953759,20,0.37238211885470796,ms2_mcs45,
unbalanced_n2000_g8_extreme_noise0,2026092802,unbalanced,extreme,2000,2af25fb3d9d3c13e0f5fe17bfa647b80fdf1f3f1b6663e4bc8d595cd3c2e2f97,0.11889334277990586,0.0867367181858235,0.10896837692585501,0.1745276930883564,50,0.21240624422189636,ms5_mcs30,
unbalanced_n2000_g8_extreme_noise0,2026092803,unbalanced,extreme,2000,c92f800f52fcfac0bdaedb1db4158531323c7820b85cbf2729c9d37e1e7e0a41,0.20258453190828715,0.1594001882623238,0.45922294304232636,0.20407395172449122,10,0.21040427329306965,ms5_mcs20,
unbalanced_n2000_g8_extreme_noise0,2026092804,unbalanced,extreme,2000,21e30babb133ccb5a20972151709226e358980c5409469de2dfd8852b4f2c162,0.32279480140354,0.28776500968148977,0.3752091310114088,0.22278820524207663,5,0.32279480140354,ms2_mcs30,
unbalanced_n2000_g8_hard_noise0,2026092800,unbalanced,hard,2000,b666ae0eb62e136dc01a4955db0917e634f468a83b66cbf26fcedac9f6e7356c,0.4980255355685475,0.439759962729883,0.7004782889485776,0.4127658789193439,50,0.5431143053761417,ms2_mcs30,
unbalanced_n2000_g8_hard_noise0,2026092801,unbalanced,hard,2000,9d9aac27e3ebf1349f802bbea3b8edba7df10d375552e8adf6c235d2ffea5623,0.534193018890043,0.5070001836573192,0.506279862796835,0.3757034023226892,30,0.5493834384146142,ms2_mcs15,
unbalanced_n2000_g8_hard_noise0,2026092802,unbalanced,hard,2000,9d99179bd0fdc469b016ba3f2285100d463c67b3e5423244a26136427720dc3d,0.5817846715378521,0.5266955488223531,0.6527727878455926,0.42509597907827057,10,0.5903863010231565,ms2_mcs20,
unbalanced_n2000_g8_hard_noise0,2026092803,unbalanced,hard,2000,08f20932b625207b3a2b5ba72ed09963295dbda311ba30556a8fbba92924eb53,0.492277173230845,0.43940641341274933,0.47055947105691054,0.4206405356199917,15,0.492277173230845,ms2_mcs45,
unbalanced_n2000_g8_hard_noise0,2026092804,unbalanced,hard,2000,419d0a2bd560b528a39751ad3b9dd74991c3c7e08d1b2c97e2476033e4cf7689,0.5274092702187488,0.48595926746650875,0.5039514848598279,0.4242180094044684,100,0.5512011920584686,ms2_mcs20,
unbalanced_n2000_g8_medium_noise0,2026092800,unbalanced,medium,2000,7e994fb72ea99ef1bb2f03cd9e18ca770fe1b620c8c6bd4229d293a80ded2d1b,0.8762396517383099,0.8220941251314137,0.9351662583568726,0.7706587207972658,5,0.8834928231067213,ms2_mcs10,
unbalanced_n2000_g8_medium_noise0,2026092801,unbalanced,medium,2000,e7fcb9d28abbfe28d95e47c9775c48b061e8a528a7e197093c12968bbfa0db18,0.8563593633335707,0.8049386651763062,0.9270174659425927,0.802769667634269,15,0.8563593633335707,ms2_mcs30,
unbalanced_n2000_g8_medium_noise0,2026092802,unbalanced,medium,2000,c354d6003cbc22d04bf5fdab7a4fb4a6fd2593eb57dbfbdb425e73921779799b,0.8460352382159606,0.8048618657017849,0.865667796697614,0.795996898202515,5,0.8658086635621431,ms2_mcs10,
unbalanced_n2000_g8_medium_noise0,2026092803,unbalanced,medium,2000,7435b3f043adc7f431e3ba336bf8721c90d8640e8f03e8eacb6d3589192fb26a,0.7261371378324939,0.6647738266656023,0.8752381477413614,0.7160853506823787,5,0.7473578540089165,ms2_mcs20,
unbalanced_n2000_g8_medium_noise0,2026092804,unbalanced,medium,2000,2dbbc78c513799ea3bd505bdbb2b0951710ebf491170bdff1367ed9f2633d3a9,0.8665100117969131,0.8272116553162547,0.8963027688912197,0.7772070825954327,10,0.8749468051375516,ms2_mcs15,
