group,series,variant,round,threads,n,K,only,points,verticals,wall,cpu,t_resolve,t_kruskal,kr_cpu_max_order,digest
replay,chaine_k5,instr-c,0,1,45845,5,5,1,1,2.389191,1.16355,1.686284,0.172024,0.065642,8c830550f15e8721500909111b926055
replay,chaine_k5,instr-c,0,8,45845,5,5,1,1,0.743577,1.080247,0.358962,0.15949,0.066227,8c830550f15e8721500909111b926055
replay,chaine_k5,instr-c,1,8,45845,5,5,1,1,0.812771,1.091108,0.434799,0.155635,0.057948,8c830550f15e8721500909111b926055
replay,chaine_k5,instr-c,1,1,45845,5,5,1,1,3.01641,1.138101,2.183288,0.113015,0.064731,8c830550f15e8721500909111b926055
replay,chaine_k5,instr-c,2,1,45845,5,5,1,1,2.550113,1.11366,1.624619,0.111813,0.06304,8c830550f15e8721500909111b926055
replay,chaine_k5,instr-c,2,8,45845,5,5,1,1,0.66996,1.060623,0.295843,0.125543,0.060533,8c830550f15e8721500909111b926055
replay,chaine_k5,instr-c,0,1,45845,5,5,1,1,1.441394,1.135665,0.982181,0.08253,0.065822,8c830550f15e8721500909111b926055
replay,chaine_k5,instr-c,0,8,45845,5,5,1,1,0.771242,1.101629,0.340849,0.166196,0.059232,8c830550f15e8721500909111b926055
replay,chaine_k5,instr-c,1,8,45845,5,5,1,1,0.598306,1.048532,0.303618,0.087814,0.065571,8c830550f15e8721500909111b926055
replay,chaine_k5,instr-c,1,1,45845,5,5,1,1,1.917863,1.131485,1.305462,0.126491,0.064809,8c830550f15e8721500909111b926055
replay,chaine_k5,instr-c,2,1,45845,5,5,1,1,1.88155,1.18137,1.410677,0.081443,0.069983,8c830550f15e8721500909111b926055
replay,chaine_k5,instr-c,2,8,45845,5,5,1,1,0.750254,1.118042,0.347873,0.145272,0.06633,8c830550f15e8721500909111b926055
replay,chaine_k5,instr-c,0,1,45845,5,5,1,1,1.908549,1.154711,1.586602,0.070943,0.066323,8c830550f15e8721500909111b926055
replay,chaine_k5,instr-c,0,8,45845,5,5,1,1,0.818448,1.078817,0.412684,0.166014,0.070956,8c830550f15e8721500909111b926055
replay,chaine_k5,instr-c,1,8,45845,5,5,1,1,1.123898,1.056736,0.443533,0.215377,0.056403,8c830550f15e8721500909111b926055
replay,chaine_k5,instr-c,1,1,45845,5,5,1,1,2.08713,1.176299,1.25981,0.090149,0.067247,8c830550f15e8721500909111b926055
replay,chaine_k5,instr-c,2,1,45845,5,5,1,1,2.120654,1.126523,1.605074,0.094527,0.064161,8c830550f15e8721500909111b926055
replay,chaine_k5,instr-c,2,8,45845,5,5,1,1,0.650818,1.064965,0.365967,0.111706,0.057387,8c830550f15e8721500909111b926055
replay,chaine_k5,instr-c,0,1,45845,5,5,1,1,2.513356,1.17362,1.778519,0.137621,0.068893,8c830550f15e8721500909111b926055
replay,chaine_k5,instr-c,0,8,45845,5,5,1,1,0.815558,1.119295,0.417052,0.14282,0.066679,8c830550f15e8721500909111b926055
replay,chaine_k5,instr-c,1,8,45845,5,5,1,1,0.659673,1.114146,0.346716,0.070655,0.065767,8c830550f15e8721500909111b926055
replay,chaine_k5,instr-c,1,1,45845,5,5,1,1,2.005102,1.162876,1.428034,0.080532,0.06481,8c830550f15e8721500909111b926055
replay,chaine_k5,instr-c,2,1,45845,5,5,1,1,1.950556,1.117175,1.395674,0.149316,0.066526,8c830550f15e8721500909111b926055
replay,chaine_k5,instr-c,2,8,45845,5,5,1,1,0.628577,1.071011,0.296475,0.10601,0.059403,8c830550f15e8721500909111b926055
replay,chaine_k5,instr-c,0,1,45845,5,5,1,1,2.986971,1.221121,1.911165,0.181637,0.07199,8c830550f15e8721500909111b926055
replay,chaine_k5,instr-c,0,8,45845,5,5,1,1,0.882901,1.128312,0.45181,0.214737,0.070015,8c830550f15e8721500909111b926055
replay,chaine_k5,instr-c,1,8,45845,5,5,1,1,0.91927,1.129807,0.465173,0.191839,0.070611,8c830550f15e8721500909111b926055
replay,chaine_k5,instr-c,1,1,45845,5,5,1,1,2.039869,1.18719,1.467201,0.135927,0.067148,8c830550f15e8721500909111b926055
replay,chaine_k5,instr-c,2,1,45845,5,5,1,1,2.839244,1.215017,2.35417,0.082173,0.06707,8c830550f15e8721500909111b926055
replay,chaine_k5,instr-c,2,8,45845,5,5,1,1,0.773093,1.116107,0.467831,0.07486,0.070491,8c830550f15e8721500909111b926055
replay,chaine_k5,instr-c,0,1,45845,5,5,1,1,2.006074,1.202721,1.485901,0.076389,0.066103,8c830550f15e8721500909111b926055
replay,chaine_k5,instr-c,0,8,45845,5,5,1,1,0.592983,1.154232,0.328377,0.106187,0.067773,8c830550f15e8721500909111b926055
replay,chaine_k5,instr-c,1,8,45845,5,5,1,1,0.56869,1.148301,0.312411,0.091111,0.071837,8c830550f15e8721500909111b926055
replay,chaine_k5,instr-c,1,1,45845,5,5,1,1,1.784888,1.140391,1.404533,0.101176,0.067764,8c830550f15e8721500909111b926055
replay,chaine_k5,instr-c,2,1,45845,5,5,1,1,1.575052,1.170364,1.108977,0.087437,0.066185,8c830550f15e8721500909111b926055
replay,chaine_k5,instr-c,2,8,45845,5,5,1,1,0.475437,1.098346,0.248163,0.074899,0.066862,8c830550f15e8721500909111b926055
replay,chaine_k5,p1c-c,0,1,45845,5,5,1,1,3.795403,1.206044,2.697076,0.205692,0.041494,8c830550f15e8721500909111b926055
replay,chaine_k5,p1c-c,0,8,45845,5,5,1,1,0.677602,1.061941,0.392108,0.083689,0.028703,8c830550f15e8721500909111b926055
replay,chaine_k5,p1c-c,1,8,45845,5,5,1,1,0.824039,1.03037,0.506184,0.13816,0.029166,8c830550f15e8721500909111b926055
replay,chaine_k5,p1c-c,1,1,45845,5,5,1,1,2.486231,1.114105,1.907055,0.114616,0.040606,8c830550f15e8721500909111b926055
replay,chaine_k5,p1c-c,2,1,45845,5,5,1,1,2.040695,1.184658,1.630391,0.047924,0.041714,8c830550f15e8721500909111b926055
replay,chaine_k5,p1c-c,2,8,45845,5,5,1,1,0.595914,1.084814,0.36155,0.063292,0.041761,8c830550f15e8721500909111b926055
replay,chaine_k5,p1c-c,0,1,45845,5,5,1,1,3.005129,1.142104,2.126081,0.098493,0.040114,8c830550f15e8721500909111b926055
replay,chaine_k5,p1c-c,0,8,45845,5,5,1,1,0.669678,1.064371,0.368156,0.089832,0.039679,8c830550f15e8721500909111b926055
replay,chaine_k5,p1c-c,1,8,45845,5,5,1,1,0.629545,1.015426,0.365125,0.091308,0.041137,8c830550f15e8721500909111b926055
replay,chaine_k5,p1c-c,1,1,45845,5,5,1,1,2.648552,1.173203,1.633718,0.059709,0.041948,8c830550f15e8721500909111b926055
replay,chaine_k5,p1c-c,2,1,45845,5,5,1,1,1.628834,1.114436,1.19475,0.088571,0.040412,8c830550f15e8721500909111b926055
replay,chaine_k5,p1c-c,2,8,45845,5,5,1,1,0.731336,1.103217,0.485003,0.061819,0.028963,8c830550f15e8721500909111b926055
replay,chaine_k5,p1c-c,0,1,45845,5,5,1,1,1.531927,1.175452,1.034466,0.046993,0.042734,8c830550f15e8721500909111b926055
replay,chaine_k5,p1c-c,0,8,45845,5,5,1,1,0.496778,1.051737,0.287923,0.057562,0.039174,8c830550f15e8721500909111b926055
replay,chaine_k5,p1c-c,1,8,45845,5,5,1,1,0.455701,1.042109,0.280408,0.032524,0.027761,8c830550f15e8721500909111b926055
replay,chaine_k5,p1c-c,1,1,45845,5,5,1,1,1.148753,1.030981,0.893572,0.044152,0.039632,8c830550f15e8721500909111b926055
replay,chaine_k5,p1c-c,2,1,45845,5,5,1,1,1.570837,1.097537,1.075458,0.052681,0.039973,8c830550f15e8721500909111b926055
replay,chaine_k5,p1c-c,2,8,45845,5,5,1,1,0.590079,1.068498,0.31393,0.078607,0.040051,8c830550f15e8721500909111b926055
replay,chaine_k5,p1c-c,0,1,45845,5,5,1,1,1.58629,1.061975,0.993032,0.052063,0.039726,8c830550f15e8721500909111b926055
replay,chaine_k5,p1c-c,0,8,45845,5,5,1,1,0.463301,1.041208,0.25626,0.049899,0.039359,8c830550f15e8721500909111b926055
replay,chaine_k5,p1c-c,1,8,45845,5,5,1,1,0.711522,1.100455,0.393069,0.144412,0.04093,8c830550f15e8721500909111b926055
replay,chaine_k5,p1c-c,1,1,45845,5,5,1,1,2.20694,1.11417,1.419051,0.049468,0.039591,8c830550f15e8721500909111b926055
replay,chaine_k5,p1c-c,2,1,45845,5,5,1,1,3.073687,1.197221,2.4972,0.114802,0.040973,8c830550f15e8721500909111b926055
replay,chaine_k5,p1c-c,2,8,45845,5,5,1,1,0.655322,1.032806,0.355066,0.112849,0.039421,8c830550f15e8721500909111b926055
replay,chaine_k5,p1c-c,0,1,45845,5,5,1,1,3.019053,1.197121,1.999967,0.183806,0.040856,8c830550f15e8721500909111b926055
replay,chaine_k5,p1c-c,0,8,45845,5,5,1,1,0.811639,1.101637,0.472747,0.110876,0.040309,8c830550f15e8721500909111b926055
replay,chaine_k5,p1c-c,1,8,45845,5,5,1,1,0.771797,1.057772,0.468447,0.038489,0.028928,8c830550f15e8721500909111b926055
replay,chaine_k5,p1c-c,1,1,45845,5,5,1,1,2.127748,1.189694,1.382471,0.106475,0.041981,8c830550f15e8721500909111b926055
replay,chaine_k5,p1c-c,2,1,45845,5,5,1,1,2.665878,1.154692,1.959454,0.053473,0.040203,8c830550f15e8721500909111b926055
replay,chaine_k5,p1c-c,2,8,45845,5,5,1,1,0.64346,1.069258,0.386039,0.043475,0.039664,8c830550f15e8721500909111b926055
replay,chaine_k5,p1c-c,0,1,45845,5,5,1,1,3.283398,1.194974,2.48477,0.137344,0.040659,8c830550f15e8721500909111b926055
replay,chaine_k5,p1c-c,0,8,45845,5,5,1,1,0.701638,1.113678,0.418844,0.073739,0.029074,8c830550f15e8721500909111b926055
replay,chaine_k5,p1c-c,1,8,45845,5,5,1,1,0.754822,1.076681,0.470048,0.114475,0.043161,8c830550f15e8721500909111b926055
replay,chaine_k5,p1c-c,1,1,45845,5,5,1,1,4.356785,1.258513,3.468324,0.078249,0.040156,8c830550f15e8721500909111b926055
replay,chaine_k5,p1c-c,2,1,45845,5,5,1,1,4.388009,1.254322,3.192821,0.138448,0.041089,8c830550f15e8721500909111b926055
replay,chaine_k5,p1c-c,2,8,45845,5,5,1,1,0.805784,1.158981,0.444025,0.12576,0.044965,8c830550f15e8721500909111b926055
replay,chaine_k10,instr-c,0,1,45845,10,10,1,1,5.732498,5.272067,4.311398,0.270942,0.174184,03093d3052c8db4ba3ce41216d1b6d32
replay,chaine_k10,instr-c,0,8,45845,10,10,1,1,1.822044,5.13142,1.105762,0.200422,0.180781,03093d3052c8db4ba3ce41216d1b6d32
replay,chaine_k10,instr-c,1,8,45845,10,10,1,1,1.855541,5.069763,1.142889,0.180546,0.163558,03093d3052c8db4ba3ce41216d1b6d32
replay,chaine_k10,instr-c,1,1,45845,10,10,1,1,6.569409,5.290329,5.164963,0.198183,0.173083,03093d3052c8db4ba3ce41216d1b6d32
replay,chaine_k10,instr-c,0,1,45845,10,10,1,1,7.205062,5.513118,5.191427,0.196002,0.163126,03093d3052c8db4ba3ce41216d1b6d32
replay,chaine_k10,instr-c,0,8,45845,10,10,1,1,2.391587,5.289445,1.46916,0.279844,0.154591,03093d3052c8db4ba3ce41216d1b6d32
replay,chaine_k10,instr-c,1,8,45845,10,10,1,1,1.826242,5.12709,1.114124,0.173624,0.161921,03093d3052c8db4ba3ce41216d1b6d32
replay,chaine_k10,instr-c,1,1,45845,10,10,1,1,6.974819,5.349072,5.601858,0.179409,0.160324,03093d3052c8db4ba3ce41216d1b6d32
replay,chaine_k10,instr-c,0,1,45845,10,10,1,1,6.896639,5.327891,5.419001,0.200089,0.146675,03093d3052c8db4ba3ce41216d1b6d32
replay,chaine_k10,instr-c,0,8,45845,10,10,1,1,2.360334,5.193488,1.381092,0.329353,0.163789,03093d3052c8db4ba3ce41216d1b6d32
replay,chaine_k10,instr-c,1,8,45845,10,10,1,1,1.987356,5.200605,1.238681,0.218002,0.16194,03093d3052c8db4ba3ce41216d1b6d32
replay,chaine_k10,instr-c,1,1,45845,10,10,1,1,11.509865,5.612496,9.634807,0.254875,0.158813,03093d3052c8db4ba3ce41216d1b6d32
replay,chaine_k10,instr-c,0,1,45845,10,10,1,1,5.747262,5.275138,4.448431,0.197741,0.173118,03093d3052c8db4ba3ce41216d1b6d32
replay,chaine_k10,instr-c,0,8,45845,10,10,1,1,1.839261,5.170084,1.060988,0.213042,0.163139,03093d3052c8db4ba3ce41216d1b6d32
replay,chaine_k10,instr-c,1,8,45845,10,10,1,1,1.648737,5.174288,1.034021,0.192993,0.180179,03093d3052c8db4ba3ce41216d1b6d32
replay,chaine_k10,instr-c,1,1,45845,10,10,1,1,11.08858,5.210931,9.789033,0.202842,0.174845,03093d3052c8db4ba3ce41216d1b6d32
replay,chaine_k10,p1c-c,0,1,45845,10,10,1,1,10.167308,5.611748,8.447737,0.215307,0.097152,03093d3052c8db4ba3ce41216d1b6d32
replay,chaine_k10,p1c-c,0,8,45845,10,10,1,1,2.321177,5.164722,1.508545,0.303712,0.099059,03093d3052c8db4ba3ce41216d1b6d32
replay,chaine_k10,p1c-c,1,8,45845,10,10,1,1,2.271014,5.150114,1.542079,0.135182,0.066966,03093d3052c8db4ba3ce41216d1b6d32
replay,chaine_k10,p1c-c,1,1,45845,10,10,1,1,9.214706,5.525458,7.414698,0.22132,0.098571,03093d3052c8db4ba3ce41216d1b6d32
replay,chaine_k10,p1c-c,0,1,45845,10,10,1,1,8.934411,5.633844,7.160621,0.226229,0.099317,03093d3052c8db4ba3ce41216d1b6d32
replay,chaine_k10,p1c-c,0,8,45845,10,10,1,1,2.465011,5.197561,1.730631,0.19177,0.074589,03093d3052c8db4ba3ce41216d1b6d32
replay,chaine_k10,p1c-c,1,8,45845,10,10,1,1,2.572004,5.058651,1.690946,0.221956,0.096743,03093d3052c8db4ba3ce41216d1b6d32
replay,chaine_k10,p1c-c,1,1,45845,10,10,1,1,11.651399,5.517674,9.353038,0.262946,0.096742,03093d3052c8db4ba3ce41216d1b6d32
replay,chaine_k10,p1c-c,0,1,45845,10,10,1,1,13.020744,5.428282,9.582969,0.133377,0.097971,03093d3052c8db4ba3ce41216d1b6d32
replay,chaine_k10,p1c-c,0,8,45845,10,10,1,1,2.390456,5.079975,1.570891,0.181838,0.097151,03093d3052c8db4ba3ce41216d1b6d32
replay,chaine_k10,p1c-c,1,8,45845,10,10,1,1,2.040428,5.015369,1.36387,0.117165,0.065448,03093d3052c8db4ba3ce41216d1b6d32
replay,chaine_k10,p1c-c,1,1,45845,10,10,1,1,10.950838,5.518302,8.411366,0.109519,0.094215,03093d3052c8db4ba3ce41216d1b6d32
replay,chaine_k10,p1c-c,0,1,45845,10,10,1,1,10.350102,5.479228,8.46003,0.202844,0.096896,03093d3052c8db4ba3ce41216d1b6d32
replay,chaine_k10,p1c-c,0,8,45845,10,10,1,1,2.026417,5.069841,1.259902,0.215043,0.097841,03093d3052c8db4ba3ce41216d1b6d32
replay,chaine_k10,p1c-c,1,8,45845,10,10,1,1,1.897047,5.063465,1.240629,0.125414,0.091013,03093d3052c8db4ba3ce41216d1b6d32
replay,chaine_k10,p1c-c,1,1,45845,10,10,1,1,6.214386,5.197385,4.7156,0.127137,0.08793,03093d3052c8db4ba3ce41216d1b6d32
replay_tour,tour_k5,instr-c,0,1,45845,5,0,0,1,5.32889,2.474422,4.184684,0.296317,0.070247,9a8070afa52433dbfd0f9393165ad11b
replay_tour,tour_k5,instr-c,0,8,45845,5,0,0,1,1.771426,2.26355,1.064153,0.120943,0.066458,9a8070afa52433dbfd0f9393165ad11b
replay_tour,tour_k5,instr-c,1,8,45845,5,0,0,1,1.459856,2.246769,0.756997,0.205802,0.060638,9a8070afa52433dbfd0f9393165ad11b
replay_tour,tour_k5,instr-c,1,1,45845,5,0,0,1,7.238361,2.505399,5.036711,0.851827,0.079931,9a8070afa52433dbfd0f9393165ad11b
replay_tour,tour_k5,instr-c,0,1,45845,5,0,0,1,8.739735,2.527707,6.29483,0.786798,0.074229,9a8070afa52433dbfd0f9393165ad11b
replay_tour,tour_k5,instr-c,0,8,45845,5,0,0,1,1.785426,2.20835,0.957978,0.263017,0.068229,9a8070afa52433dbfd0f9393165ad11b
replay_tour,tour_k5,instr-c,1,8,45845,5,0,0,1,2.028036,2.240613,1.102984,0.405987,0.073579,9a8070afa52433dbfd0f9393165ad11b
replay_tour,tour_k5,instr-c,1,1,45845,5,0,0,1,8.566868,2.52676,6.07417,0.31035,0.064389,9a8070afa52433dbfd0f9393165ad11b
replay_tour,tour_k5,instr-c,0,1,45845,5,0,0,1,6.740426,2.604354,5.20984,0.500677,0.075979,9a8070afa52433dbfd0f9393165ad11b
replay_tour,tour_k5,instr-c,0,8,45845,5,0,0,1,2.050591,2.294242,1.163023,0.303469,0.070373,9a8070afa52433dbfd0f9393165ad11b
replay_tour,tour_k5,instr-c,1,8,45845,5,0,0,1,1.680552,2.269874,0.826072,0.260571,0.07088,9a8070afa52433dbfd0f9393165ad11b
replay_tour,tour_k5,instr-c,1,1,45845,5,0,0,1,6.990154,2.384185,4.988793,0.390724,0.067052,9a8070afa52433dbfd0f9393165ad11b
replay_tour,tour_k5,instr-c,0,1,45845,5,0,0,1,5.787882,2.527319,3.600172,0.232748,0.066492,9a8070afa52433dbfd0f9393165ad11b
replay_tour,tour_k5,instr-c,0,8,45845,5,0,0,1,1.697467,2.314084,0.825188,0.371685,0.071475,9a8070afa52433dbfd0f9393165ad11b
replay_tour,tour_k5,instr-c,1,8,45845,5,0,0,1,1.857535,2.353277,1.004603,0.307787,0.070865,9a8070afa52433dbfd0f9393165ad11b
replay_tour,tour_k5,instr-c,1,1,45845,5,0,0,1,6.198939,2.509969,3.972671,0.744292,0.081449,9a8070afa52433dbfd0f9393165ad11b
replay_tour,tour_k5,p1c-c,0,1,45845,5,0,0,1,5.722784,2.461133,3.637042,0.339026,0.042474,9a8070afa52433dbfd0f9393165ad11b
replay_tour,tour_k5,p1c-c,0,8,45845,5,0,0,1,1.500086,2.190856,1.005256,0.118685,0.041302,9a8070afa52433dbfd0f9393165ad11b
replay_tour,tour_k5,p1c-c,1,8,45845,5,0,0,1,1.512396,2.211672,0.911192,0.174648,0.04355,9a8070afa52433dbfd0f9393165ad11b
replay_tour,tour_k5,p1c-c,1,1,45845,5,0,0,1,6.174587,2.410702,4.539134,0.301457,0.041378,9a8070afa52433dbfd0f9393165ad11b
replay_tour,tour_k5,p1c-c,0,1,45845,5,0,0,1,7.01715,2.477387,5.325235,0.139453,0.040868,9a8070afa52433dbfd0f9393165ad11b
replay_tour,tour_k5,p1c-c,0,8,45845,5,0,0,1,1.294938,2.195734,0.800801,0.105953,0.041115,9a8070afa52433dbfd0f9393165ad11b
replay_tour,tour_k5,p1c-c,1,8,45845,5,0,0,1,1.055746,2.170823,0.588073,0.109552,0.043686,9a8070afa52433dbfd0f9393165ad11b
replay_tour,tour_k5,p1c-c,1,1,45845,5,0,0,1,5.008373,2.456323,3.733432,0.201481,0.042097,9a8070afa52433dbfd0f9393165ad11b
replay_tour,tour_k5,p1c-c,0,1,45845,5,0,0,1,8.748607,2.541736,6.416447,0.217156,0.04171,9a8070afa52433dbfd0f9393165ad11b
replay_tour,tour_k5,p1c-c,0,8,45845,5,0,0,1,1.739371,2.334645,1.137068,0.087718,0.041204,9a8070afa52433dbfd0f9393165ad11b
replay_tour,tour_k5,p1c-c,1,8,45845,5,0,0,1,1.441962,2.20774,0.887911,0.120184,0.042777,9a8070afa52433dbfd0f9393165ad11b
replay_tour,tour_k5,p1c-c,1,1,45845,5,0,0,1,9.497577,2.633727,7.61525,0.36211,0.043605,9a8070afa52433dbfd0f9393165ad11b
replay_tour,tour_k5,p1c-c,0,1,45845,5,0,0,1,6.971692,2.519055,5.10058,0.29353,0.044243,9a8070afa52433dbfd0f9393165ad11b
replay_tour,tour_k5,p1c-c,0,8,45845,5,0,0,1,1.645858,2.266757,1.061163,0.085262,0.042393,9a8070afa52433dbfd0f9393165ad11b
replay_tour,tour_k5,p1c-c,1,8,45845,5,0,0,1,1.7961,2.276221,1.082002,0.207144,0.041612,9a8070afa52433dbfd0f9393165ad11b
replay_tour,tour_k5,p1c-c,1,1,45845,5,0,0,1,8.756482,2.426538,5.381164,0.703424,0.043556,9a8070afa52433dbfd0f9393165ad11b
wall_ab,chaine_k5,base,0,8,45845,5,5,1,1,0.532472,1.113016,0.253551,0.118338,,8c830550f15e8721500909111b926055
wall_ab,chaine_k5,base,0,4,45845,5,5,1,1,0.524941,1.0364,0.290967,0.074931,,8c830550f15e8721500909111b926055
wall_ab,chaine_k5,base,1,4,45845,5,5,1,1,0.771862,1.078948,0.439988,0.088935,,8c830550f15e8721500909111b926055
wall_ab,chaine_k5,base,1,8,45845,5,5,1,1,0.455979,1.02823,0.254031,0.074503,,8c830550f15e8721500909111b926055
wall_ab,chaine_k5,base,2,8,45845,5,5,1,1,0.587968,1.074216,0.348589,0.06935,,8c830550f15e8721500909111b926055
wall_ab,chaine_k5,base,2,4,45845,5,5,1,1,0.653345,1.073044,0.357411,0.070193,,8c830550f15e8721500909111b926055
wall_ab,chaine_k5,base,0,8,45845,5,5,1,1,0.817704,1.143537,0.321765,0.244616,,8c830550f15e8721500909111b926055
wall_ab,chaine_k5,base,0,4,45845,5,5,1,1,1.033458,1.139097,0.661439,0.107946,,8c830550f15e8721500909111b926055
wall_ab,chaine_k5,base,1,4,45845,5,5,1,1,1.228127,1.143768,0.711255,0.193286,,8c830550f15e8721500909111b926055
wall_ab,chaine_k5,base,1,8,45845,5,5,1,1,0.706487,1.122538,0.312924,0.157306,,8c830550f15e8721500909111b926055
wall_ab,chaine_k5,base,2,8,45845,5,5,1,1,0.74468,1.112048,0.338977,0.192523,,8c830550f15e8721500909111b926055
wall_ab,chaine_k5,base,2,4,45845,5,5,1,1,1.13049,1.182628,0.67999,0.168352,,8c830550f15e8721500909111b926055
wall_ab,chaine_k5,base,0,8,45845,5,5,1,1,0.626002,1.083581,0.323077,0.10968,,8c830550f15e8721500909111b926055
wall_ab,chaine_k5,base,0,4,45845,5,5,1,1,1.127325,1.09619,0.81479,0.094957,,8c830550f15e8721500909111b926055
wall_ab,chaine_k5,base,1,4,45845,5,5,1,1,1.062968,1.129275,0.671402,0.090047,,8c830550f15e8721500909111b926055
wall_ab,chaine_k5,base,1,8,45845,5,5,1,1,0.766833,1.057501,0.434891,0.143955,,8c830550f15e8721500909111b926055
wall_ab,chaine_k5,base,2,8,45845,5,5,1,1,0.69772,1.050933,0.390988,0.114034,,8c830550f15e8721500909111b926055
wall_ab,chaine_k5,base,2,4,45845,5,5,1,1,0.868223,1.095411,0.532545,0.089683,,8c830550f15e8721500909111b926055
wall_ab,chaine_k5,base,0,8,45845,5,5,1,1,0.888891,1.13027,0.477722,0.128601,,8c830550f15e8721500909111b926055
wall_ab,chaine_k5,base,0,4,45845,5,5,1,1,1.47093,1.135616,0.821057,0.35162,,8c830550f15e8721500909111b926055
wall_ab,chaine_k5,base,1,4,45845,5,5,1,1,1.629624,1.189196,0.905801,0.286503,,8c830550f15e8721500909111b926055
wall_ab,chaine_k5,base,1,8,45845,5,5,1,1,0.997637,1.101601,0.488826,0.236185,,8c830550f15e8721500909111b926055
wall_ab,chaine_k5,base,2,8,45845,5,5,1,1,1.027982,1.089072,0.559241,0.203251,,8c830550f15e8721500909111b926055
wall_ab,chaine_k5,base,2,4,45845,5,5,1,1,1.044842,1.156129,0.589769,0.16553,,8c830550f15e8721500909111b926055
wall_ab,chaine_k5,base,0,8,45845,5,5,1,1,0.8408,1.091639,0.487935,0.068401,,8c830550f15e8721500909111b926055
wall_ab,chaine_k5,base,0,4,45845,5,5,1,1,1.060148,1.104107,0.652094,0.177266,,8c830550f15e8721500909111b926055
wall_ab,chaine_k5,base,1,4,45845,5,5,1,1,1.053035,1.156516,0.560994,0.180357,,8c830550f15e8721500909111b926055
wall_ab,chaine_k5,base,1,8,45845,5,5,1,1,0.755245,1.13767,0.342778,0.163036,,8c830550f15e8721500909111b926055
wall_ab,chaine_k5,base,2,8,45845,5,5,1,1,0.859115,1.094154,0.510052,0.158377,,8c830550f15e8721500909111b926055
wall_ab,chaine_k5,base,2,4,45845,5,5,1,1,1.404849,1.124101,0.807192,0.218539,,8c830550f15e8721500909111b926055
wall_ab,chaine_k5,base,0,8,45845,5,5,1,1,0.908239,1.059994,0.455936,0.192299,,8c830550f15e8721500909111b926055
wall_ab,chaine_k5,base,0,4,45845,5,5,1,1,0.962955,1.101169,0.583463,0.072118,,8c830550f15e8721500909111b926055
wall_ab,chaine_k5,base,1,4,45845,5,5,1,1,0.811879,1.078364,0.503458,0.087317,,8c830550f15e8721500909111b926055
wall_ab,chaine_k5,base,1,8,45845,5,5,1,1,0.851064,1.100047,0.380178,0.247228,,8c830550f15e8721500909111b926055
wall_ab,chaine_k5,base,2,8,45845,5,5,1,1,0.873381,1.080746,0.455021,0.230662,,8c830550f15e8721500909111b926055
wall_ab,chaine_k5,base,2,4,45845,5,5,1,1,1.530346,1.16467,0.874246,0.260151,,8c830550f15e8721500909111b926055
wall_ab,chaine_k5,base,0,8,45845,5,5,1,1,0.834015,1.096796,0.373037,0.238325,,8c830550f15e8721500909111b926055
wall_ab,chaine_k5,base,0,4,45845,5,5,1,1,1.30655,1.125749,0.773489,0.181766,,8c830550f15e8721500909111b926055
wall_ab,chaine_k5,base,1,4,45845,5,5,1,1,1.403562,1.098263,0.771237,0.240225,,8c830550f15e8721500909111b926055
wall_ab,chaine_k5,base,1,8,45845,5,5,1,1,1.019284,1.168613,0.437788,0.268363,,8c830550f15e8721500909111b926055
wall_ab,chaine_k5,base,2,8,45845,5,5,1,1,0.789687,1.126353,0.405322,0.128989,,8c830550f15e8721500909111b926055
wall_ab,chaine_k5,base,2,4,45845,5,5,1,1,0.997599,1.137391,0.549952,0.206372,,8c830550f15e8721500909111b926055
wall_ab,chaine_k5,base,0,8,45845,5,5,1,1,0.654115,1.131106,0.352994,0.126261,,8c830550f15e8721500909111b926055
wall_ab,chaine_k5,base,0,4,45845,5,5,1,1,0.984544,1.173843,0.54184,0.169707,,8c830550f15e8721500909111b926055
wall_ab,chaine_k5,base,1,4,45845,5,5,1,1,0.745422,1.114259,0.42341,0.095211,,8c830550f15e8721500909111b926055
wall_ab,chaine_k5,base,1,8,45845,5,5,1,1,0.639342,1.104776,0.29691,0.152466,,8c830550f15e8721500909111b926055
wall_ab,chaine_k5,base,2,8,45845,5,5,1,1,0.779168,1.08527,0.39015,0.193009,,8c830550f15e8721500909111b926055
wall_ab,chaine_k5,base,2,4,45845,5,5,1,1,0.875078,1.119275,0.46733,0.163453,,8c830550f15e8721500909111b926055
wall_ab,chaine_k5,p1c,0,8,45845,5,5,1,1,0.581876,1.107898,0.359035,0.047387,,8c830550f15e8721500909111b926055
wall_ab,chaine_k5,p1c,0,4,45845,5,5,1,1,0.556656,1.13311,0.326869,0.046965,,8c830550f15e8721500909111b926055
wall_ab,chaine_k5,p1c,1,4,45845,5,5,1,1,0.531272,1.067082,0.311071,0.054864,,8c830550f15e8721500909111b926055
wall_ab,chaine_k5,p1c,1,8,45845,5,5,1,1,0.469211,1.068193,0.278925,0.063163,,8c830550f15e8721500909111b926055
wall_ab,chaine_k5,p1c,2,8,45845,5,5,1,1,0.399324,1.063576,0.207598,0.039262,,8c830550f15e8721500909111b926055
wall_ab,chaine_k5,p1c,2,4,45845,5,5,1,1,0.473091,1.078077,0.307677,0.043462,,8c830550f15e8721500909111b926055
wall_ab,chaine_k5,p1c,0,8,45845,5,5,1,1,0.630708,1.136931,0.34997,0.101418,,8c830550f15e8721500909111b926055
wall_ab,chaine_k5,p1c,0,4,45845,5,5,1,1,0.987708,1.143034,0.589517,0.087434,,8c830550f15e8721500909111b926055
wall_ab,chaine_k5,p1c,1,4,45845,5,5,1,1,1.080779,1.148462,0.669052,0.14533,,8c830550f15e8721500909111b926055
wall_ab,chaine_k5,p1c,1,8,45845,5,5,1,1,0.549852,1.117755,0.252973,0.108572,,8c830550f15e8721500909111b926055
wall_ab,chaine_k5,p1c,2,8,45845,5,5,1,1,0.879907,1.130292,0.526284,0.092143,,8c830550f15e8721500909111b926055
wall_ab,chaine_k5,p1c,2,4,45845,5,5,1,1,0.676268,1.151905,0.425337,0.058788,,8c830550f15e8721500909111b926055
wall_ab,chaine_k5,p1c,0,8,45845,5,5,1,1,0.694473,1.089215,0.39728,0.087465,,8c830550f15e8721500909111b926055
wall_ab,chaine_k5,p1c,0,4,45845,5,5,1,1,0.998508,1.123331,0.585087,0.160109,,8c830550f15e8721500909111b926055
wall_ab,chaine_k5,p1c,1,4,45845,5,5,1,1,1.118143,1.101584,0.651982,0.178074,,8c830550f15e8721500909111b926055
wall_ab,chaine_k5,p1c,1,8,45845,5,5,1,1,0.802592,1.068914,0.402054,0.165512,,8c830550f15e8721500909111b926055
wall_ab,chaine_k5,p1c,2,8,45845,5,5,1,1,0.603153,1.032212,0.345091,0.100489,,8c830550f15e8721500909111b926055
wall_ab,chaine_k5,p1c,2,4,45845,5,5,1,1,0.90013,1.08604,0.621042,0.042536,,8c830550f15e8721500909111b926055
wall_ab,chaine_k5,p1c,0,8,45845,5,5,1,1,0.986551,1.045497,0.543923,0.141358,,8c830550f15e8721500909111b926055
wall_ab,chaine_k5,p1c,0,4,45845,5,5,1,1,1.275095,1.085819,0.794518,0.089819,,8c830550f15e8721500909111b926055
wall_ab,chaine_k5,p1c,1,4,45845,5,5,1,1,0.955848,1.09688,0.611805,0.050161,,8c830550f15e8721500909111b926055
wall_ab,chaine_k5,p1c,1,8,45845,5,5,1,1,0.635931,1.040402,0.308897,0.09489,,8c830550f15e8721500909111b926055
wall_ab,chaine_k5,p1c,2,8,45845,5,5,1,1,0.734148,1.086796,0.41786,0.090719,,8c830550f15e8721500909111b926055
wall_ab,chaine_k5,p1c,2,4,45845,5,5,1,1,0.759429,1.080905,0.431973,0.081802,,8c830550f15e8721500909111b926055
wall_ab,chaine_k5,p1c,0,8,45845,5,5,1,1,0.637923,1.039056,0.36975,0.034464,,8c830550f15e8721500909111b926055
wall_ab,chaine_k5,p1c,0,4,45845,5,5,1,1,0.897413,1.0445,0.546917,0.11944,,8c830550f15e8721500909111b926055
wall_ab,chaine_k5,p1c,1,4,45845,5,5,1,1,1.055172,1.049099,0.715533,0.087558,,8c830550f15e8721500909111b926055
wall_ab,chaine_k5,p1c,1,8,45845,5,5,1,1,0.760361,1.001173,0.452092,0.100776,,8c830550f15e8721500909111b926055
wall_ab,chaine_k5,p1c,2,8,45845,5,5,1,1,0.776292,1.082699,0.491071,0.074694,,8c830550f15e8721500909111b926055
wall_ab,chaine_k5,p1c,2,4,45845,5,5,1,1,1.108136,1.078475,0.733306,0.048308,,8c830550f15e8721500909111b926055
wall_ab,chaine_k5,p1c,0,8,45845,5,5,1,1,0.522295,1.048041,0.314124,0.04243,,8c830550f15e8721500909111b926055
wall_ab,chaine_k5,p1c,0,4,45845,5,5,1,1,0.80316,0.996191,0.563772,0.05584,,8c830550f15e8721500909111b926055
wall_ab,chaine_k5,p1c,1,4,45845,5,5,1,1,1.026195,1.081326,0.644432,0.101994,,8c830550f15e8721500909111b926055
wall_ab,chaine_k5,p1c,1,8,45845,5,5,1,1,0.496621,1.055631,0.26775,0.043639,,8c830550f15e8721500909111b926055
wall_ab,chaine_k5,p1c,2,8,45845,5,5,1,1,0.718699,1.076547,0.413876,0.102298,,8c830550f15e8721500909111b926055
wall_ab,chaine_k5,p1c,2,4,45845,5,5,1,1,0.961988,1.053426,0.668979,0.064587,,8c830550f15e8721500909111b926055
wall_ab,chaine_k5,p1c,0,8,45845,5,5,1,1,0.751798,1.121264,0.407366,0.155257,,8c830550f15e8721500909111b926055
wall_ab,chaine_k5,p1c,0,4,45845,5,5,1,1,0.784678,1.091836,0.465395,0.052188,,8c830550f15e8721500909111b926055
wall_ab,chaine_k5,p1c,1,4,45845,5,5,1,1,0.764287,1.077456,0.463735,0.074996,,8c830550f15e8721500909111b926055
wall_ab,chaine_k5,p1c,1,8,45845,5,5,1,1,0.542998,1.055924,0.30812,0.068965,,8c830550f15e8721500909111b926055
wall_ab,chaine_k5,p1c,2,8,45845,5,5,1,1,0.577425,1.036883,0.266921,0.123735,,8c830550f15e8721500909111b926055
wall_ab,chaine_k5,p1c,2,4,45845,5,5,1,1,0.973568,1.110368,0.598147,0.086341,,8c830550f15e8721500909111b926055
wall_ab,chaine_k5,p1c,0,8,45845,5,5,1,1,0.534058,1.075764,0.304931,0.068071,,8c830550f15e8721500909111b926055
wall_ab,chaine_k5,p1c,0,4,45845,5,5,1,1,0.621392,1.073073,0.384885,0.085264,,8c830550f15e8721500909111b926055
wall_ab,chaine_k5,p1c,1,4,45845,5,5,1,1,0.84628,1.081317,0.49348,0.11981,,8c830550f15e8721500909111b926055
wall_ab,chaine_k5,p1c,1,8,45845,5,5,1,1,0.478528,1.038887,0.268769,0.060056,,8c830550f15e8721500909111b926055
wall_ab,chaine_k5,p1c,2,8,45845,5,5,1,1,0.53436,1.043235,0.293475,0.07659,,8c830550f15e8721500909111b926055
wall_ab,chaine_k5,p1c,2,4,45845,5,5,1,1,0.599382,1.066873,0.382839,0.046137,,8c830550f15e8721500909111b926055
wall_ab,chaine_k5,p2c,0,8,45845,5,5,1,1,0.389965,1.062775,0.275748,0.0,,8c830550f15e8721500909111b926055
wall_ab,chaine_k5,p2c,0,4,45845,5,5,1,1,0.595488,1.062834,0.440935,0.0,,8c830550f15e8721500909111b926055
wall_ab,chaine_k5,p2c,1,4,45845,5,5,1,1,0.571245,1.077955,0.364077,0.0,,8c830550f15e8721500909111b926055
wall_ab,chaine_k5,p2c,1,8,45845,5,5,1,1,0.427373,1.078832,0.299421,0.0,,8c830550f15e8721500909111b926055
wall_ab,chaine_k5,p2c,2,8,45845,5,5,1,1,0.51003,1.052588,0.387555,0.0,,8c830550f15e8721500909111b926055
wall_ab,chaine_k5,p2c,2,4,45845,5,5,1,1,0.709722,1.116375,0.496483,0.0,,8c830550f15e8721500909111b926055
wall_ab,chaine_k5,p2c,0,8,45845,5,5,1,1,0.672369,1.15126,0.476774,0.0,,8c830550f15e8721500909111b926055
wall_ab,chaine_k5,p2c,0,4,45845,5,5,1,1,1.115856,1.181747,0.749671,0.0,,8c830550f15e8721500909111b926055
wall_ab,chaine_k5,p2c,1,4,45845,5,5,1,1,0.993336,1.189256,0.685038,0.0,,8c830550f15e8721500909111b926055
wall_ab,chaine_k5,p2c,1,8,45845,5,5,1,1,0.838945,1.122864,0.584044,0.0,,8c830550f15e8721500909111b926055
wall_ab,chaine_k5,p2c,2,8,45845,5,5,1,1,0.657146,1.108667,0.456197,0.0,,8c830550f15e8721500909111b926055
wall_ab,chaine_k5,p2c,2,4,45845,5,5,1,1,0.902397,1.168068,0.651069,0.0,,8c830550f15e8721500909111b926055
wall_ab,chaine_k5,p2c,0,8,45845,5,5,1,1,0.687363,1.100202,0.486903,0.0,,8c830550f15e8721500909111b926055
wall_ab,chaine_k5,p2c,0,4,45845,5,5,1,1,0.820803,1.023108,0.532879,0.0,,8c830550f15e8721500909111b926055
wall_ab,chaine_k5,p2c,1,4,45845,5,5,1,1,1.093261,1.130234,0.786278,0.0,,8c830550f15e8721500909111b926055
wall_ab,chaine_k5,p2c,1,8,45845,5,5,1,1,0.513286,1.091686,0.327367,0.0,,8c830550f15e8721500909111b926055
wall_ab,chaine_k5,p2c,2,8,45845,5,5,1,1,0.452862,1.076322,0.280399,0.0,,8c830550f15e8721500909111b926055
wall_ab,chaine_k5,p2c,2,4,45845,5,5,1,1,0.755346,1.114964,0.549975,0.0,,8c830550f15e8721500909111b926055
wall_ab,chaine_k5,p2c,0,8,45845,5,5,1,1,0.587668,1.092744,0.397127,0.0,,8c830550f15e8721500909111b926055
wall_ab,chaine_k5,p2c,0,4,45845,5,5,1,1,0.663012,1.059213,0.466634,0.0,,8c830550f15e8721500909111b926055
wall_ab,chaine_k5,p2c,1,4,45845,5,5,1,1,0.824981,1.09638,0.553303,0.0,,8c830550f15e8721500909111b926055
wall_ab,chaine_k5,p2c,1,8,45845,5,5,1,1,0.650352,1.070644,0.441849,0.0,,8c830550f15e8721500909111b926055
wall_ab,chaine_k5,p2c,2,8,45845,5,5,1,1,0.753746,1.070166,0.504743,0.0,,8c830550f15e8721500909111b926055
wall_ab,chaine_k5,p2c,2,4,45845,5,5,1,1,0.934505,1.091208,0.63182,0.0,,8c830550f15e8721500909111b926055
wall_ab,chaine_k5,p2c,0,8,45845,5,5,1,1,0.721781,1.103857,0.471259,0.0,,8c830550f15e8721500909111b926055
wall_ab,chaine_k5,p2c,0,4,45845,5,5,1,1,1.067596,1.137762,0.722389,0.0,,8c830550f15e8721500909111b926055
wall_ab,chaine_k5,p2c,1,4,45845,5,5,1,1,1.092529,1.117015,0.802178,0.0,,8c830550f15e8721500909111b926055
wall_ab,chaine_k5,p2c,1,8,45845,5,5,1,1,0.534284,1.022067,0.373742,0.0,,8c830550f15e8721500909111b926055
wall_ab,chaine_k5,p2c,2,8,45845,5,5,1,1,0.573445,1.067183,0.371082,0.0,,8c830550f15e8721500909111b926055
wall_ab,chaine_k5,p2c,2,4,45845,5,5,1,1,1.047836,1.073694,0.74492,0.0,,8c830550f15e8721500909111b926055
wall_ab,chaine_k5,p2c,0,8,45845,5,5,1,1,0.485239,1.030376,0.331096,0.0,,8c830550f15e8721500909111b926055
wall_ab,chaine_k5,p2c,0,4,45845,5,5,1,1,0.970577,1.07545,0.722539,0.0,,8c830550f15e8721500909111b926055
wall_ab,chaine_k5,p2c,1,4,45845,5,5,1,1,0.718596,1.078481,0.500628,0.0,,8c830550f15e8721500909111b926055
wall_ab,chaine_k5,p2c,1,8,45845,5,5,1,1,0.470419,1.061987,0.303505,0.0,,8c830550f15e8721500909111b926055
wall_ab,chaine_k5,p2c,2,8,45845,5,5,1,1,0.426559,1.037893,0.292179,0.0,,8c830550f15e8721500909111b926055
wall_ab,chaine_k5,p2c,2,4,45845,5,5,1,1,0.69782,1.078594,0.518022,0.0,,8c830550f15e8721500909111b926055
wall_ab,chaine_k5,p2c,0,8,45845,5,5,1,1,0.587494,1.085937,0.380793,0.0,,8c830550f15e8721500909111b926055
wall_ab,chaine_k5,p2c,0,4,45845,5,5,1,1,0.81818,1.066601,0.584565,0.0,,8c830550f15e8721500909111b926055
wall_ab,chaine_k5,p2c,1,4,45845,5,5,1,1,1.074277,1.142163,0.737611,0.0,,8c830550f15e8721500909111b926055
wall_ab,chaine_k5,p2c,1,8,45845,5,5,1,1,0.692529,1.0914,0.478905,0.0,,8c830550f15e8721500909111b926055
wall_ab,chaine_k5,p2c,2,8,45845,5,5,1,1,0.711966,1.120409,0.510756,0.0,,8c830550f15e8721500909111b926055
wall_ab,chaine_k5,p2c,2,4,45845,5,5,1,1,0.789044,1.0827,0.581742,0.0,,8c830550f15e8721500909111b926055
wall_ab,chaine_k5,p2c,0,8,45845,5,5,1,1,0.505106,1.09801,0.333601,0.0,,8c830550f15e8721500909111b926055
wall_ab,chaine_k5,p2c,0,4,45845,5,5,1,1,0.715896,1.062374,0.538924,0.0,,8c830550f15e8721500909111b926055
wall_ab,chaine_k5,p2c,1,4,45845,5,5,1,1,0.755152,1.098642,0.583344,0.0,,8c830550f15e8721500909111b926055
wall_ab,chaine_k5,p2c,1,8,45845,5,5,1,1,0.468054,1.064941,0.325144,0.0,,8c830550f15e8721500909111b926055
wall_ab,chaine_k5,p2c,2,8,45845,5,5,1,1,0.536255,1.069038,0.404486,0.0,,8c830550f15e8721500909111b926055
wall_ab,chaine_k5,p2c,2,4,45845,5,5,1,1,0.736144,1.120731,0.538766,0.0,,8c830550f15e8721500909111b926055
