scene,seed,n,noise,method,ari,ami,cov,ari_cov,ari_fill
spherical_n2000_g16_hard_noise0,2026092800,2000,0.0,tower_k2_z1,0.8487642869554655,0.8925978564171727,0.926,0.9591187843172287,0.9416419876111839
spherical_n2000_g16_hard_noise0,2026092800,2000,0.0,hdbscan_default,0.34635069862038276,0.7261216848073963,0.6925,0.9935246813653684,0.9652436263017502
spherical_n2000_g16_hard_noise0,2026092800,2000,0.0,eom_z1_ms2_sqrt,0.7891614325044698,0.875728194076411,0.92,0.896031050759104,0.8908463822829048
spherical_n2000_g16_hard_noise0,2026092800,2000,0.0,eom_z3_ms2_sqrt,0.7830882011592484,0.8688243410538694,0.893,0.9617009139998683,0.946236555954458
spherical_n2000_g16_hard_noise0,2026092800,2000,0.0,eom_z1_ms3_sqrt,0.7139509729113854,0.8438736171416507,0.879,0.902106020844562,0.8927704544273154
spherical_n2000_g16_hard_noise0,2026092800,2000,0.0,eom_z3_ms3_sqrt,0.6881450287649118,0.8375723942254693,0.8505,0.9660803924491765,0.9482891169905535
spherical_n2000_g16_hard_noise0,2026092801,2000,0.0,tower_k2_z1,0.8403319791289882,0.8851070473830706,0.9225,0.9606436833805888,0.9381145827328016
spherical_n2000_g16_hard_noise0,2026092801,2000,0.0,hdbscan_default,0.38504470662620144,0.7424545822596657,0.713,0.9943622518675714,0.9600785627585929
spherical_n2000_g16_hard_noise0,2026092801,2000,0.0,eom_z1_ms2_sqrt,0.7548056305031607,0.864061102362941,0.896,0.9082020171922313,0.8918266017407072
spherical_n2000_g16_hard_noise0,2026092801,2000,0.0,eom_z3_ms2_sqrt,0.7453935231802225,0.8563154789187597,0.873,0.975668833881378,0.9431474559738945
spherical_n2000_g16_hard_noise0,2026092801,2000,0.0,eom_z1_ms3_sqrt,0.675607048525704,0.8327134742639426,0.8575,0.9121512318501426,0.8898908046756384
spherical_n2000_g16_hard_noise0,2026092801,2000,0.0,eom_z3_ms3_sqrt,0.658842963016092,0.8290645423413,0.8365,0.9786083694748451,0.9411051069785082
spherical_n2000_g16_hard_noise0,2026092802,2000,0.0,tower_k2_z1,0.8276254882205701,0.8864161763173225,0.91,0.9666000917887639,0.9475760939410992
spherical_n2000_g16_hard_noise0,2026092802,2000,0.0,hdbscan_default,0.3841283767909855,0.7393037750097597,0.7135,0.9899386768073171,0.9612476072047959
spherical_n2000_g16_hard_noise0,2026092802,2000,0.0,eom_z1_ms2_sqrt,0.7730077241134559,0.8637245101752663,0.886,0.9674617661363205,0.9491392711508024
spherical_n2000_g16_hard_noise0,2026092802,2000,0.0,eom_z3_ms2_sqrt,0.7730077241134559,0.8637245101752663,0.886,0.9674617661363205,0.9491392711508024
spherical_n2000_g16_hard_noise0,2026092802,2000,0.0,eom_z1_ms3_sqrt,0.6437834442097788,0.8206913671188476,0.8755,0.8070763061844053,0.7971340520850528
spherical_n2000_g16_hard_noise0,2026092802,2000,0.0,eom_z3_ms3_sqrt,0.6734706366211314,0.8316914417739798,0.843,0.9749417519357697,0.953260734711434
spherical_n2000_g16_hard_noise0,2026092803,2000,0.0,tower_k2_z1,0.8840198554407052,0.9147292190911769,0.939,0.9667003277338807,0.9519753501069366
spherical_n2000_g16_hard_noise0,2026092803,2000,0.0,hdbscan_default,0.3722903318866157,0.7221491819728606,0.7175,0.9317485485587463,0.9032075443215164
spherical_n2000_g16_hard_noise0,2026092803,2000,0.0,eom_z1_ms2_sqrt,0.7963294309477906,0.8712199484232869,0.9075,0.9389419340129027,0.9147838127437893
spherical_n2000_g16_hard_noise0,2026092803,2000,0.0,eom_z3_ms2_sqrt,0.7963294309477906,0.8712199484232869,0.9075,0.9389419340129027,0.9147838127437893
spherical_n2000_g16_hard_noise0,2026092803,2000,0.0,eom_z1_ms3_sqrt,0.6781185458008183,0.8361816202357032,0.894,0.812202338010231,0.8027061616564735
spherical_n2000_g16_hard_noise0,2026092803,2000,0.0,eom_z3_ms3_sqrt,0.7004032579601165,0.8371840050287082,0.8625,0.9463866545370768,0.9173390269795518
spherical_n2000_g16_hard_noise0,2026092804,2000,0.0,tower_k2_z1,0.7637570862277301,0.8616969351411163,0.885,0.9562327614437893,0.9283996130554351
spherical_n2000_g16_hard_noise0,2026092804,2000,0.0,hdbscan_default,0.3559617106679554,0.7349998401297524,0.6915,0.9972815017586892,0.9498016563566638
spherical_n2000_g16_hard_noise0,2026092804,2000,0.0,eom_z1_ms2_sqrt,0.642142373962536,0.825235479191742,0.8775,0.7905001574426573,0.7806778656003919
spherical_n2000_g16_hard_noise0,2026092804,2000,0.0,eom_z3_ms2_sqrt,0.642142373962536,0.825235479191742,0.8775,0.7905001574426573,0.7806778656003919
spherical_n2000_g16_hard_noise0,2026092804,2000,0.0,eom_z1_ms3_sqrt,0.5874047239949662,0.8035939631086153,0.843,0.798234708525474,0.7848650009423135
spherical_n2000_g16_hard_noise0,2026092804,2000,0.0,eom_z3_ms3_sqrt,0.5874047239949662,0.8035939631086153,0.843,0.798234708525474,0.7848650009423135
spherical_n2000_g16_medium_noise0,2026092800,2000,0.0,tower_k2_z1,0.9435250171285614,0.9506518552587179,0.968,0.9832124435916779,0.9767448641361592
spherical_n2000_g16_medium_noise0,2026092800,2000,0.0,hdbscan_default,0.6932861996126447,0.8494355159706077,0.8465,0.9965641732985945,0.9871945158504466
spherical_n2000_g16_medium_noise0,2026092800,2000,0.0,eom_z1_ms2_sqrt,0.9301497595004061,0.945064017946989,0.955,0.9900736952518457,0.9819764410748286
spherical_n2000_g16_medium_noise0,2026092800,2000,0.0,eom_z3_ms2_sqrt,0.9301497595004061,0.945064017946989,0.955,0.9900736952518457,0.9819764410748286
spherical_n2000_g16_medium_noise0,2026092800,2000,0.0,eom_z1_ms3_sqrt,0.89235806147761,0.9254552423117717,0.933,0.9922997432614356,0.9840656260894038
spherical_n2000_g16_medium_noise0,2026092800,2000,0.0,eom_z3_ms3_sqrt,0.89235806147761,0.9254552423117717,0.933,0.9922997432614356,0.9840656260894038
spherical_n2000_g16_medium_noise0,2026092801,2000,0.0,tower_k2_z1,0.9424032825107731,0.9510207632344457,0.9655,0.9851942592455223,0.9767590052554539
spherical_n2000_g16_medium_noise0,2026092801,2000,0.0,hdbscan_default,0.6388695221014035,0.825889456139359,0.839,0.9240954074199957,0.922538520822825
spherical_n2000_g16_medium_noise0,2026092801,2000,0.0,eom_z1_ms2_sqrt,0.8969734194065153,0.9452087117627982,0.9725,0.9271319685036313,0.9255151678851217
spherical_n2000_g16_medium_noise0,2026092801,2000,0.0,eom_z3_ms2_sqrt,0.9177674207576613,0.9372876717019353,0.946,0.9904700525210407,0.9820070047203892
spherical_n2000_g16_medium_noise0,2026092801,2000,0.0,eom_z1_ms3_sqrt,0.8679506104204658,0.9268623971439395,0.9515,0.9268438443408927,0.9255103134201883
spherical_n2000_g16_medium_noise0,2026092801,2000,0.0,eom_z3_ms3_sqrt,0.8715135058006551,0.9156040820232892,0.921,0.9925569223907234,0.9820025030583472
spherical_n2000_g16_medium_noise0,2026092802,2000,0.0,tower_k2_z1,0.9479770432247927,0.9533963371591888,0.9705,0.9843512640404253,0.9788436771830985
spherical_n2000_g16_medium_noise0,2026092802,2000,0.0,hdbscan_default,0.5999414975309414,0.8198145742535801,0.808,0.9935794144428295,0.9756657113895193
spherical_n2000_g16_medium_noise0,2026092802,2000,0.0,eom_z1_ms2_sqrt,0.8859397710340016,0.937413548411754,0.966,0.9229928818406589,0.9211193255908694
spherical_n2000_g16_medium_noise0,2026092802,2000,0.0,eom_z3_ms2_sqrt,0.9243319436934165,0.9392975374161543,0.9525,0.9882795041028232,0.9809608509958042
spherical_n2000_g16_medium_noise0,2026092802,2000,0.0,eom_z1_ms3_sqrt,0.8622074375444789,0.9206707730231315,0.9485,0.9247277971803759,0.9201535060359063
spherical_n2000_g16_medium_noise0,2026092802,2000,0.0,eom_z3_ms3_sqrt,0.8812201824626207,0.9184394057466567,0.9275,0.9904033226082566,0.9799377492881957
spherical_n2000_g16_medium_noise0,2026092803,2000,0.0,tower_k2_z1,0.9527847074670138,0.9552596551075511,0.9755,0.9822896701934891,0.979324541466169
spherical_n2000_g16_medium_noise0,2026092803,2000,0.0,hdbscan_default,0.6562749062781532,0.8389399435801695,0.8305,0.9964336118297957,0.9830118009334584
spherical_n2000_g16_medium_noise0,2026092803,2000,0.0,eom_z1_ms2_sqrt,0.9283697729460606,0.9418123009843125,0.956,0.9869463546690486,0.978808854585505
spherical_n2000_g16_medium_noise0,2026092803,2000,0.0,eom_z3_ms2_sqrt,0.9283697729460606,0.9418123009843125,0.956,0.9869463546690486,0.978808854585505
spherical_n2000_g16_medium_noise0,2026092803,2000,0.0,eom_z1_ms3_sqrt,0.8788626743751884,0.9181965918249955,0.927,0.9889024988225501,0.9809146427526324
spherical_n2000_g16_medium_noise0,2026092803,2000,0.0,eom_z3_ms3_sqrt,0.8788626743751884,0.9181965918249955,0.927,0.9889024988225501,0.9809146427526324
spherical_n2000_g16_medium_noise0,2026092804,2000,0.0,tower_k2_z1,0.9402480251941691,0.9488159461408842,0.9655,0.9832024117522089,0.9715160065721888
spherical_n2000_g16_medium_noise0,2026092804,2000,0.0,hdbscan_default,0.5910029829473664,0.8193760458799569,0.8035,0.9976091322036235,0.9798720009686914
spherical_n2000_g16_medium_noise0,2026092804,2000,0.0,eom_z1_ms2_sqrt,0.8561164808158167,0.9156798403405072,0.945,0.9241322540520841,0.9175391611977757
spherical_n2000_g16_medium_noise0,2026092804,2000,0.0,eom_z3_ms2_sqrt,0.8870453028209793,0.9204070899523655,0.933,0.9856460658952092,0.9777209382520479
spherical_n2000_g16_medium_noise0,2026092804,2000,0.0,eom_z1_ms3_sqrt,0.8088619833159402,0.8952815717766514,0.9155,0.9278481413248792,0.9185042130726876
spherical_n2000_g16_medium_noise0,2026092804,2000,0.0,eom_z3_ms3_sqrt,0.8184402701830352,0.8964784591379266,0.897,0.9929902345045086,0.9798009499769212
spherical_n2000_g2_medium_noise0,2026092800,2000,0.0,tower_k2_z1,0.7380493556660022,0.6759852207955427,0.8735,0.9670518979246497,0.9574614921771986
spherical_n2000_g2_medium_noise0,2026092800,2000,0.0,hdbscan_default,0.5927431440996048,0.5983113966946012,0.772,0.9948220089291049,0.9643061447872767
spherical_n2000_g2_medium_noise0,2026092800,2000,0.0,eom_z1_ms2_sqrt,0.662208255582535,0.6294745641865935,0.823,0.9758316167251364,0.9603801840668088
spherical_n2000_g2_medium_noise0,2026092800,2000,0.0,eom_z3_ms2_sqrt,0.662208255582535,0.6294745641865935,0.823,0.9758316167251364,0.9603801840668088
spherical_n2000_g2_medium_noise0,2026092800,2000,0.0,eom_z1_ms3_sqrt,0.6110384599291016,0.5984072847054661,0.7895,0.97982390944613,0.9564622257986337
spherical_n2000_g2_medium_noise0,2026092800,2000,0.0,eom_z3_ms3_sqrt,0.6110384599291016,0.5984072847054661,0.7895,0.97982390944613,0.9564622257986337
spherical_n2000_g2_medium_noise0,2026092801,2000,0.0,tower_k2_z1,0.7709593698738744,0.7083377667695752,0.886,0.982038136580291,0.9633535034003886
spherical_n2000_g2_medium_noise0,2026092801,2000,0.0,hdbscan_default,0.5715556126187458,0.5844411759870967,0.758,0.9947264370979295,0.9741560726192984
spherical_n2000_g2_medium_noise0,2026092801,2000,0.0,eom_z1_ms2_sqrt,0.7964388010034655,0.7203673266619425,0.9065,0.9693335635178834,0.966272127779555
spherical_n2000_g2_medium_noise0,2026092801,2000,0.0,eom_z3_ms2_sqrt,0.7964388010034655,0.7203673266619425,0.9065,0.9693335635178834,0.966272127779555
spherical_n2000_g2_medium_noise0,2026092801,2000,0.0,eom_z1_ms3_sqrt,0.7646166115302385,0.7031787094833031,0.8835,0.9797187717930415,0.966272128049648
spherical_n2000_g2_medium_noise0,2026092801,2000,0.0,eom_z3_ms3_sqrt,0.7646166115302385,0.7031787094833031,0.8835,0.9797187717930415,0.966272128049648
spherical_n2000_g2_medium_noise0,2026092802,2000,0.0,tower_k2_z1,0.5077119259214798,0.5292205817573158,0.642,0.883331034297935,0.6917056590609723
spherical_n2000_g2_medium_noise0,2026092802,2000,0.0,hdbscan_default,0.6575154191517328,0.6425814765016825,0.812,0.9975369448892458,0.9800900400798999
spherical_n2000_g2_medium_noise0,2026092802,2000,0.0,eom_z1_ms2_sqrt,0.7422425270301544,0.692589220018509,0.8665,0.9884859689676911,0.9860420175803913
spherical_n2000_g2_medium_noise0,2026092802,2000,0.0,eom_z3_ms2_sqrt,0.7422425270301544,0.692589220018509,0.8665,0.9884859689676911,0.9860420175803913
spherical_n2000_g2_medium_noise0,2026092802,2000,0.0,eom_z1_ms3_sqrt,0.6805327071120706,0.6480409146330023,0.83,0.9879808526166328,0.9860420175803913
spherical_n2000_g2_medium_noise0,2026092802,2000,0.0,eom_z3_ms3_sqrt,0.6805327071120706,0.6480409146330023,0.83,0.9879808526166328,0.9860420175803913
spherical_n2000_g2_medium_noise0,2026092803,2000,0.0,tower_k2_z1,0.5002420272677898,0.5244248092208269,0.6295,0.9143868222323124,0.8014720664289969
spherical_n2000_g2_medium_noise0,2026092803,2000,0.0,hdbscan_default,0.5601321533740343,0.5807966951504546,0.7495,0.9973315535537747,0.9820720315405045
spherical_n2000_g2_medium_noise0,2026092803,2000,0.0,eom_z1_ms2_sqrt,0.8107969982834307,0.7472412183020231,0.9055,0.9889807801420849,0.9721820843068502
spherical_n2000_g2_medium_noise0,2026092803,2000,0.0,eom_z3_ms2_sqrt,0.8107969982834307,0.7472412183020231,0.9055,0.9889807801420849,0.9721820843068502
spherical_n2000_g2_medium_noise0,2026092803,2000,0.0,eom_z1_ms3_sqrt,0.7576310515785115,0.7058369132701423,0.8745,0.9908676127961277,0.9761320602511947
spherical_n2000_g2_medium_noise0,2026092803,2000,0.0,eom_z3_ms3_sqrt,0.7576310515785115,0.7058369132701423,0.8745,0.9908676127961277,0.9761320602511947
spherical_n2000_g2_medium_noise0,2026092804,2000,0.0,tower_k2_z1,0.8100636158906986,0.7376811409484622,0.91,0.9771665104057566,0.9712314509143396
spherical_n2000_g2_medium_noise0,2026092804,2000,0.0,hdbscan_default,0.6684131111391481,0.6541099099417536,0.8165,1.0,0.9900200075125025
spherical_n2000_g2_medium_noise0,2026092804,2000,0.0,eom_z1_ms2_sqrt,0.8190426020652254,0.7525536877568184,0.9115,0.9846912810623522,0.9820720315405045
spherical_n2000_g2_medium_noise0,2026092804,2000,0.0,eom_z3_ms2_sqrt,0.8190426020652254,0.7525536877568184,0.9115,0.9846912810623522,0.9820720315405045
spherical_n2000_g2_medium_noise0,2026092804,2000,0.0,eom_z1_ms3_sqrt,0.7800622946194727,0.7253703592585371,0.8865,0.9909910254185615,0.9800900400400401
spherical_n2000_g2_medium_noise0,2026092804,2000,0.0,eom_z3_ms3_sqrt,0.7800622946194727,0.7253703592585371,0.8865,0.9909910254185615,0.9800900400400401
spherical_n2000_g32_medium_noise0,2026092800,2000,0.0,tower_k2_z1,0.8971295158598181,0.949909541139366,0.9815,0.917489009156419,0.9062314391402899
spherical_n2000_g32_medium_noise0,2026092800,2000,0.0,hdbscan_default,0.030974696619921294,0.3599716569150193,0.9935,0.03099029083138434,0.031592543976985646
spherical_n2000_g32_medium_noise0,2026092800,2000,0.0,eom_z1_ms2_sqrt,0.8801606607912786,0.9410775940288392,0.9665,0.9241752604154818,0.9127079777399429
spherical_n2000_g32_medium_noise0,2026092800,2000,0.0,eom_z3_ms2_sqrt,0.8801606607912786,0.9410775940288392,0.9665,0.9241752604154818,0.9127079777399429
spherical_n2000_g32_medium_noise0,2026092800,2000,0.0,eom_z1_ms3_sqrt,0.7638695791098669,0.9013558085988527,0.949,0.8291315636705184,0.813228884382588
spherical_n2000_g32_medium_noise0,2026092800,2000,0.0,eom_z3_ms3_sqrt,0.7716871909429807,0.9033269336888458,0.943,0.8513943449679461,0.8352671073225293
spherical_n2000_g32_medium_noise0,2026092801,2000,0.0,tower_k2_z1,0.8827514169304169,0.9386592082784048,0.968,0.9244197773631121,0.9078331593723915
spherical_n2000_g32_medium_noise0,2026092801,2000,0.0,hdbscan_default,0.03223066124411406,0.3615773859842511,0.983,0.032291091119325765,0.03168754299944749
spherical_n2000_g32_medium_noise0,2026092801,2000,0.0,eom_z1_ms2_sqrt,0.7785045026980979,0.9035765439784222,0.953,0.8385166377050594,0.8308317287713984
spherical_n2000_g32_medium_noise0,2026092801,2000,0.0,eom_z3_ms2_sqrt,0.7827141590795875,0.9022229918229027,0.9455,0.8600227492787945,0.8511998330068477
spherical_n2000_g32_medium_noise0,2026092801,2000,0.0,eom_z1_ms3_sqrt,0.6917335350756401,0.869316538976322,0.915,0.8272683689264558,0.80649468630483
spherical_n2000_g32_medium_noise0,2026092801,2000,0.0,eom_z3_ms3_sqrt,0.6985692066903072,0.8722288858271655,0.9115,0.8491456681923675,0.8295857189459328
spherical_n2000_g32_medium_noise0,2026092802,2000,0.0,tower_k2_z1,0.9008432012983868,0.9376810994044363,0.969,0.9436420594364043,0.9325760933785338
spherical_n2000_g32_medium_noise0,2026092802,2000,0.0,hdbscan_default,0.03109939013748136,0.35858445054181626,0.9895,0.031134767803644783,0.03168754299944749
spherical_n2000_g32_medium_noise0,2026092802,2000,0.0,eom_z1_ms2_sqrt,0.803480356673089,0.900595852687425,0.9375,0.9069258018999149,0.8927299039109486
spherical_n2000_g32_medium_noise0,2026092802,2000,0.0,eom_z3_ms2_sqrt,0.803480356673089,0.900595852687425,0.9375,0.9069258018999149,0.8927299039109486
spherical_n2000_g32_medium_noise0,2026092802,2000,0.0,eom_z1_ms3_sqrt,0.03919823738303876,0.41546334974304217,0.9975,0.03920615193584073,0.03907142867460588
spherical_n2000_g32_medium_noise0,2026092802,2000,0.0,eom_z3_ms3_sqrt,0.6825708329519762,0.8672233654944412,0.908,0.8380476090305429,0.8186844817584674
spherical_n2000_g32_medium_noise0,2026092803,2000,0.0,tower_k2_z1,0.8564400997313385,0.932141731298934,0.9725,0.8887791655041118,0.8746260016465506
spherical_n2000_g32_medium_noise0,2026092803,2000,0.0,hdbscan_default,0.032077753822280966,0.35123390581575864,0.9695,0.03221576016766063,0.03170149364050139
spherical_n2000_g32_medium_noise0,2026092803,2000,0.0,eom_z1_ms2_sqrt,0.800602355653055,0.9078457270135778,0.9395,0.8936718638589544,0.8807610464660317
spherical_n2000_g32_medium_noise0,2026092803,2000,0.0,eom_z3_ms2_sqrt,0.800602355653055,0.9078457270135778,0.9395,0.8936718638589544,0.8807610464660317
spherical_n2000_g32_medium_noise0,2026092803,2000,0.0,eom_z1_ms3_sqrt,0.5745185715708074,0.8515312122101024,0.935,0.6299428458639603,0.6090457423214872
spherical_n2000_g32_medium_noise0,2026092803,2000,0.0,eom_z3_ms3_sqrt,0.71590832040784,0.877761214963288,0.9105,0.8710914148492019,0.852133495060162
spherical_n2000_g32_medium_noise0,2026092804,2000,0.0,tower_k2_z1,0.9169296390151022,0.9509890710109343,0.9745,0.9497667304522388,0.9408093040834328
spherical_n2000_g32_medium_noise0,2026092804,2000,0.0,hdbscan_default,0.031543718113158016,0.36623438529040403,0.998,0.03155127254278276,0.03168754299944749
spherical_n2000_g32_medium_noise0,2026092804,2000,0.0,eom_z1_ms2_sqrt,0.03168754299944749,0.3682523445745865,1.0,0.03168754299944749,0.03168754299944749
spherical_n2000_g32_medium_noise0,2026092804,2000,0.0,eom_z3_ms2_sqrt,0.8261192720069761,0.9154702133493203,0.938,0.9286653688954736,0.9126647106246186
spherical_n2000_g32_medium_noise0,2026092804,2000,0.0,eom_z1_ms3_sqrt,0.03168754299944749,0.3682523445745865,1.0,0.03168754299944749,0.03168754299944749
spherical_n2000_g32_medium_noise0,2026092804,2000,0.0,eom_z3_ms3_sqrt,0.7356081847958862,0.8864790177554523,0.908,0.9124056431197887,0.8869516753634379
spherical_n2000_g4_hard_noise0,2026092800,2000,0.0,tower_k2_z1,0.8131256643506908,0.7824749583854896,0.9025,0.9485994584830806,0.9378328996875013
spherical_n2000_g4_hard_noise0,2026092800,2000,0.0,hdbscan_default,0.5923117779222891,0.6780928410974838,0.746,0.9823582829173539,0.9566762201462863
spherical_n2000_g4_hard_noise0,2026092800,2000,0.0,eom_z1_ms2_sqrt,0.7374279908600222,0.739935105974552,0.8455,0.9602138443445583,0.9409960984788509
spherical_n2000_g4_hard_noise0,2026092800,2000,0.0,eom_z3_ms2_sqrt,0.7374279908600222,0.739935105974552,0.8455,0.9602138443445583,0.9409960984788509
spherical_n2000_g4_hard_noise0,2026092800,2000,0.0,eom_z1_ms3_sqrt,0.6746190507217733,0.7072035310516689,0.8045,0.9661292661464268,0.9435723269107558
spherical_n2000_g4_hard_noise0,2026092800,2000,0.0,eom_z3_ms3_sqrt,0.6746190507217733,0.7072035310516689,0.8045,0.9661292661464268,0.9435723269107558
spherical_n2000_g4_hard_noise0,2026092801,2000,0.0,tower_k2_z1,0.7477840058615486,0.7547930006634661,0.8455,0.9711665263087582,0.9435433551407679
spherical_n2000_g4_hard_noise0,2026092801,2000,0.0,hdbscan_default,0.45423993840713156,0.619664049158355,0.643,0.9949880724885154,0.934828687044632
spherical_n2000_g4_hard_noise0,2026092801,2000,0.0,eom_z1_ms2_sqrt,0.7516079774589032,0.7586813674487289,0.847,0.971378877176678,0.9487883752256046
spherical_n2000_g4_hard_noise0,2026092801,2000,0.0,eom_z3_ms2_sqrt,0.7516079774589032,0.7586813674487289,0.847,0.971378877176678,0.9487883752256046
spherical_n2000_g4_hard_noise0,2026092801,2000,0.0,eom_z1_ms3_sqrt,0.703298836170204,0.7343809050160135,0.8145,0.9782111578365305,0.9513595205610123
spherical_n2000_g4_hard_noise0,2026092801,2000,0.0,eom_z3_ms3_sqrt,0.703298836170204,0.7343809050160135,0.8145,0.9782111578365305,0.9513595205610123
spherical_n2000_g4_hard_noise0,2026092802,2000,0.0,tower_k2_z1,0.6028321491952369,0.6571629184812139,0.7625,0.9012112488724277,0.8365399887530901
spherical_n2000_g4_hard_noise0,2026092802,2000,0.0,hdbscan_default,0.5201610598153622,0.6458934072890713,0.703,0.9890676547069298,0.9513078029418903
spherical_n2000_g4_hard_noise0,2026092802,2000,0.0,eom_z1_ms2_sqrt,0.8020084541083908,0.7817546924259993,0.89,0.9576849687018822,0.9475727119315785
spherical_n2000_g4_hard_noise0,2026092802,2000,0.0,eom_z3_ms2_sqrt,0.8020084541083908,0.7817546924259993,0.89,0.9576849687018822,0.9475727119315785
spherical_n2000_g4_hard_noise0,2026092802,2000,0.0,eom_z1_ms3_sqrt,0.7480767267815274,0.7500008863270843,0.853,0.9634838520049483,0.9462620320402025
spherical_n2000_g4_hard_noise0,2026092802,2000,0.0,eom_z3_ms3_sqrt,0.7480767267815274,0.7500008863270843,0.853,0.9634838520049483,0.9462620320402025
spherical_n2000_g4_hard_noise0,2026092803,2000,0.0,tower_k2_z1,0.7308353954213651,0.737398790699152,0.8405,0.9506926406583176,0.9153732604443168
spherical_n2000_g4_hard_noise0,2026092803,2000,0.0,hdbscan_default,0.4938114060978896,0.6312744400352819,0.681,0.9847432400893844,0.9307641839572981
spherical_n2000_g4_hard_noise0,2026092803,2000,0.0,eom_z1_ms2_sqrt,0.7118602008173245,0.7271913069842475,0.825,0.9534897432496218,0.9244847148925316
spherical_n2000_g4_hard_noise0,2026092803,2000,0.0,eom_z3_ms2_sqrt,0.7118602008173245,0.7271913069842475,0.825,0.9534897432496218,0.9244847148925316
spherical_n2000_g4_hard_noise0,2026092803,2000,0.0,eom_z1_ms3_sqrt,0.6487268818980381,0.6948901128235979,0.7825,0.9592124131326423,0.9269395087615936
spherical_n2000_g4_hard_noise0,2026092803,2000,0.0,eom_z3_ms3_sqrt,0.6487268818980381,0.6948901128235979,0.7825,0.9592124131326423,0.9269395087615936
spherical_n2000_g4_hard_noise0,2026092804,2000,0.0,tower_k2_z1,0.7674401391491947,0.7607397637173187,0.869,0.948942071735978,0.9261979690898141
spherical_n2000_g4_hard_noise0,2026092804,2000,0.0,hdbscan_default,0.426628463172041,0.605302393603655,0.6285,0.9943249670585107,0.9396827054187894
spherical_n2000_g4_hard_noise0,2026092804,2000,0.0,eom_z1_ms2_sqrt,0.7718543708349125,0.7560513706275082,0.8745,0.949585950219133,0.9231992024881222
spherical_n2000_g4_hard_noise0,2026092804,2000,0.0,eom_z3_ms2_sqrt,0.7718543708349125,0.7560513706275082,0.8745,0.949585950219133,0.9231992024881222
spherical_n2000_g4_hard_noise0,2026092804,2000,0.0,eom_z1_ms3_sqrt,0.7170626446049437,0.730007549202934,0.835,0.9581929081553098,0.9296616801585926
spherical_n2000_g4_hard_noise0,2026092804,2000,0.0,eom_z3_ms3_sqrt,0.7170626446049437,0.730007549202934,0.835,0.9581929081553098,0.9296616801585926
spherical_n2000_g4_medium_noise0,2026092800,2000,0.0,tower_k2_z1,0.9062010410368175,0.880425448345489,0.9455,0.9782491064764698,0.9734979881935616
spherical_n2000_g4_medium_noise0,2026092800,2000,0.0,hdbscan_default,0.7288650462872422,0.7612919583406837,0.8235,0.9937608487122388,0.9722609262589484
spherical_n2000_g4_medium_noise0,2026092800,2000,0.0,eom_z1_ms2_sqrt,0.8841480631917965,0.8576049482109432,0.9295,0.98156648130474,0.9748709754978587
spherical_n2000_g4_medium_noise0,2026092800,2000,0.0,eom_z3_ms2_sqrt,0.8841480631917965,0.8576049482109432,0.9295,0.98156648130474,0.9748709754978587
spherical_n2000_g4_medium_noise0,2026092800,2000,0.0,eom_z1_ms3_sqrt,0.8412155803068653,0.8241465312602361,0.9,0.983865747900645,0.974869522572257
spherical_n2000_g4_medium_noise0,2026092800,2000,0.0,eom_z3_ms3_sqrt,0.8412155803068653,0.8241465312602361,0.9,0.983865747900645,0.974869522572257
spherical_n2000_g4_medium_noise0,2026092801,2000,0.0,tower_k2_z1,0.8751206931287663,0.8583215560489017,0.918,0.985682824931335,0.9755294713288798
spherical_n2000_g4_medium_noise0,2026092801,2000,0.0,hdbscan_default,0.706255049624704,0.7520744516649203,0.809,0.9984555761937258,0.980105035105289
spherical_n2000_g4_medium_noise0,2026092801,2000,0.0,eom_z1_ms2_sqrt,0.8247778260935151,0.8228341342748087,0.882,0.9866596010831171,0.98406419072642
spherical_n2000_g4_medium_noise0,2026092801,2000,0.0,eom_z3_ms2_sqrt,0.8247778260935151,0.8228341342748087,0.882,0.9866596010831171,0.98406419072642
spherical_n2000_g4_medium_noise0,2026092801,2000,0.0,eom_z1_ms3_sqrt,0.7936025850156727,0.8029183898170196,0.86,0.987938460211109,0.9814175946638964
spherical_n2000_g4_medium_noise0,2026092801,2000,0.0,eom_z3_ms3_sqrt,0.7936025850156727,0.8029183898170196,0.86,0.987938460211109,0.9814175946638964
spherical_n2000_g4_medium_noise0,2026092802,2000,0.0,tower_k2_z1,0.7914378812113514,0.7997499456951496,0.838,0.9519029537902393,0.8907426611470782
spherical_n2000_g4_medium_noise0,2026092802,2000,0.0,hdbscan_default,0.7456729809299808,0.770479397336927,0.8355,0.9952826321623429,0.9840681647524179
spherical_n2000_g4_medium_noise0,2026092802,2000,0.0,eom_z1_ms2_sqrt,0.8936207866217994,0.8741752020594991,0.9325,0.9859329916620163,0.9801220691357502
spherical_n2000_g4_medium_noise0,2026092802,2000,0.0,eom_z3_ms2_sqrt,0.8936207866217994,0.8741752020594991,0.9325,0.9859329916620163,0.9801220691357502
spherical_n2000_g4_medium_noise0,2026092802,2000,0.0,eom_z1_ms3_sqrt,0.8548473744361951,0.8415701014026153,0.9065,0.9856598793925763,0.9788093866342914
spherical_n2000_g4_medium_noise0,2026092802,2000,0.0,eom_z3_ms3_sqrt,0.8548473744361951,0.8415701014026153,0.9065,0.9856598793925763,0.9788093866342914
spherical_n2000_g4_medium_noise0,2026092803,2000,0.0,tower_k2_z1,0.8666874850281444,0.8415197273048582,0.918,0.9814149402940231,0.962356040883206
spherical_n2000_g4_medium_noise0,2026092803,2000,0.0,hdbscan_default,0.681849425974461,0.7398393559300215,0.7895,0.9966475737610908,0.9748522140270869
spherical_n2000_g4_medium_noise0,2026092803,2000,0.0,eom_z1_ms2_sqrt,0.8516488714625806,0.830907043895616,0.9075,0.982561976707177,0.965620609701115
spherical_n2000_g4_medium_noise0,2026092803,2000,0.0,eom_z3_ms2_sqrt,0.8516488714625806,0.830907043895616,0.9075,0.982561976707177,0.965620609701115
spherical_n2000_g4_medium_noise0,2026092803,2000,0.0,eom_z1_ms3_sqrt,0.8021328596957465,0.7992520374785401,0.8735,0.986296755657731,0.9695668760962189
spherical_n2000_g4_medium_noise0,2026092803,2000,0.0,eom_z3_ms3_sqrt,0.8021328596957465,0.7992520374785401,0.8735,0.986296755657731,0.9695668760962189
spherical_n2000_g4_medium_noise0,2026092804,2000,0.0,tower_k2_z1,0.8978792580144248,0.8746682904969163,0.937,0.9838393776163163,0.974839446703209
spherical_n2000_g4_medium_noise0,2026092804,2000,0.0,hdbscan_default,0.6591201460537656,0.7286717564367977,0.7755,0.9967588985136421,0.9748571517594417
spherical_n2000_g4_medium_noise0,2026092804,2000,0.0,eom_z1_ms2_sqrt,0.873352617405673,0.8512688781582582,0.921,0.982974691825237,0.9683266877818252
spherical_n2000_g4_medium_noise0,2026092804,2000,0.0,eom_z3_ms2_sqrt,0.873352617405673,0.8512688781582582,0.921,0.982974691825237,0.9683266877818252
spherical_n2000_g4_medium_noise0,2026092804,2000,0.0,eom_z1_ms3_sqrt,0.8208370407349662,0.8105494822817007,0.8865,0.9838714653235477,0.9656780036853765
spherical_n2000_g4_medium_noise0,2026092804,2000,0.0,eom_z3_ms3_sqrt,0.8208370407349662,0.8105494822817007,0.8865,0.9838714653235477,0.9656780036853765
spherical_n2000_g8_easy_noise0,2026092800,2000,0.0,tower_k2_z1,0.9959991808602291,0.9948199276373064,0.9995,0.9965690925032534,0.9965725263264187
spherical_n2000_g8_easy_noise0,2026092800,2000,0.0,hdbscan_default,0.9699524418179353,0.9647080488109337,0.976,0.9988373581530726,0.9965754778903658
spherical_n2000_g8_easy_noise0,2026092800,2000,0.0,eom_z1_ms2_sqrt,0.9930644189114396,0.9897290378956841,0.995,0.9988485267357246,0.9977131466410794
spherical_n2000_g8_easy_noise0,2026092800,2000,0.0,eom_z3_ms2_sqrt,0.9930644189114396,0.9897290378956841,0.995,0.9988485267357246,0.9977131466410794
spherical_n2000_g8_easy_noise0,2026092800,2000,0.0,eom_z1_ms3_sqrt,0.9853576110842404,0.9803129157174412,0.9885,0.9988404440720855,0.9977131466410794
spherical_n2000_g8_easy_noise0,2026092800,2000,0.0,eom_z3_ms3_sqrt,0.9853576110842404,0.9803129157174412,0.9885,0.9988404440720855,0.9977131466410794
spherical_n2000_g8_easy_noise0,2026092801,2000,0.0,tower_k2_z1,0.9948554157388341,0.9928494942260783,0.9985,0.996565138668953,0.9965708550168062
spherical_n2000_g8_easy_noise0,2026092801,2000,0.0,hdbscan_default,0.9589999385654349,0.9516655003766294,0.969,0.9976575812464872,0.9942955017926094
spherical_n2000_g8_easy_noise0,2026092801,2000,0.0,eom_z1_ms2_sqrt,0.9959727971059952,0.9935209382864078,0.9975,0.9988542822320824,0.9977154285714286
spherical_n2000_g8_easy_noise0,2026092801,2000,0.0,eom_z3_ms2_sqrt,0.9959727971059952,0.9935209382864078,0.9975,0.9988542822320824,0.9977154285714286
spherical_n2000_g8_easy_noise0,2026092801,2000,0.0,eom_z1_ms3_sqrt,0.9901754065811654,0.9857277539620994,0.9935,0.997706374551782,0.9965708550168062
spherical_n2000_g8_easy_noise0,2026092801,2000,0.0,eom_z3_ms3_sqrt,0.9901754065811654,0.9857277539620994,0.9935,0.997706374551782,0.9965708550168062
spherical_n2000_g8_easy_noise0,2026092802,2000,0.0,tower_k2_z1,0.9965702128941122,0.9952718351709227,0.9995,0.9971402093329009,0.9971407706914611
spherical_n2000_g8_easy_noise0,2026092802,2000,0.0,hdbscan_default,0.9684152272997296,0.9626082983459961,0.975,0.9988444904275406,0.9977108489638915
spherical_n2000_g8_easy_noise0,2026092802,2000,0.0,eom_z1_ms2_sqrt,0.9931567211955487,0.9911996431924339,0.995,0.9988647940404156,0.9988554225106263
spherical_n2000_g8_easy_noise0,2026092802,2000,0.0,eom_z3_ms2_sqrt,0.9931567211955487,0.9911996431924339,0.995,0.9988647940404156,0.9988554225106263
spherical_n2000_g8_easy_noise0,2026092802,2000,0.0,eom_z1_ms3_sqrt,0.9902647498602738,0.987674624557927,0.9925,0.9988684181930412,0.9988554225106263
spherical_n2000_g8_easy_noise0,2026092802,2000,0.0,eom_z3_ms3_sqrt,0.9902647498602738,0.987674624557927,0.9925,0.9988684181930412,0.9988554225106263
spherical_n2000_g8_easy_noise0,2026092803,2000,0.0,tower_k2_z1,0.9954161837473452,0.9933677766304096,0.998,0.9977062704348751,0.9977108489638915
spherical_n2000_g8_easy_noise0,2026092803,2000,0.0,hdbscan_default,0.9585674292308172,0.9538876475233123,0.9675,0.9988511884736023,0.9942886304493336
spherical_n2000_g8_easy_noise0,2026092803,2000,0.0,eom_z1_ms2_sqrt,0.9942579477653984,0.9915083636388925,0.997,0.9977062878442737,0.9965685790043048
spherical_n2000_g8_easy_noise0,2026092803,2000,0.0,eom_z3_ms2_sqrt,0.9942579477653984,0.9915083636388925,0.997,0.9977062878442737,0.9965685790043048
spherical_n2000_g8_easy_noise0,2026092803,2000,0.0,eom_z1_ms3_sqrt,0.9925054967286813,0.9888709339979712,0.9955,0.9977016823002651,0.9965685790043048
spherical_n2000_g8_easy_noise0,2026092803,2000,0.0,eom_z3_ms3_sqrt,0.9925054967286813,0.9888709339979712,0.9955,0.9977016823002651,0.9965685790043048
spherical_n2000_g8_easy_noise0,2026092804,2000,0.0,tower_k2_z1,0.9965748043092473,0.9954404623455699,0.999,0.9977108583362937,0.9977108489638915
spherical_n2000_g8_easy_noise0,2026092804,2000,0.0,hdbscan_default,0.9578566727080637,0.9547195809026633,0.966,1.0,0.9988554225106263
spherical_n2000_g8_easy_noise0,2026092804,2000,0.0,eom_z1_ms2_sqrt,0.9959911999985723,0.9943175143503193,0.9975,0.9988519869008088,0.9988554225106263
spherical_n2000_g8_easy_noise0,2026092804,2000,0.0,eom_z3_ms2_sqrt,0.9959911999985723,0.9943175143503193,0.9975,0.9988519869008088,0.9988554225106263
spherical_n2000_g8_easy_noise0,2026092804,2000,0.0,eom_z1_ms3_sqrt,0.9903226349731661,0.988143959091228,0.9925,0.9988428527873745,0.9988554225106263
spherical_n2000_g8_easy_noise0,2026092804,2000,0.0,eom_z3_ms3_sqrt,0.9903226349731661,0.988143959091228,0.9925,0.9988428527873745,0.9988554225106263
spherical_n2000_g8_extreme_noise0,2026092800,2000,0.0,tower_k2_z1,0.6358578373466842,0.742211993111,0.8105,0.9279038323748214,0.8937616908640151
spherical_n2000_g8_extreme_noise0,2026092800,2000,0.0,hdbscan_default,0.1530011227633534,0.4048600696090479,0.878,0.16583734744229625,0.1732613578201019
spherical_n2000_g8_extreme_noise0,2026092800,2000,0.0,eom_z1_ms2_sqrt,0.5538317753116958,0.7133307152967506,0.763,0.9316947355364326,0.8769125002674089
spherical_n2000_g8_extreme_noise0,2026092800,2000,0.0,eom_z3_ms2_sqrt,0.5538317753116958,0.7133307152967506,0.763,0.9316947355364326,0.8769125002674089
spherical_n2000_g8_extreme_noise0,2026092800,2000,0.0,eom_z1_ms3_sqrt,0.0746366387126551,0.2626818913620671,0.9405,0.07658012453834012,0.07662001589089851
spherical_n2000_g8_extreme_noise0,2026092800,2000,0.0,eom_z3_ms3_sqrt,0.46759911585155833,0.6825652324493932,0.7125,0.9425662126809404,0.8798945161596133
spherical_n2000_g8_extreme_noise0,2026092801,2000,0.0,tower_k2_z1,0.6400180492028469,0.74617430727849,0.8065,0.9295452291449678,0.8789956942802746
spherical_n2000_g8_extreme_noise0,2026092801,2000,0.0,hdbscan_default,0.14616593163810376,0.38380528145123666,0.8495,0.163260886469397,0.1698335276977704
spherical_n2000_g8_extreme_noise0,2026092801,2000,0.0,eom_z1_ms2_sqrt,0.6457761292528563,0.7501888353456851,0.8085,0.9352394897669063,0.8871334504419225
spherical_n2000_g8_extreme_noise0,2026092801,2000,0.0,eom_z3_ms2_sqrt,0.6457761292528563,0.7501888353456851,0.8085,0.9352394897669063,0.8871334504419225
spherical_n2000_g8_extreme_noise0,2026092801,2000,0.0,eom_z1_ms3_sqrt,0.5854528172020694,0.7144517500913677,0.821,0.808582682238181,0.7837658814436109
spherical_n2000_g8_extreme_noise0,2026092801,2000,0.0,eom_z3_ms3_sqrt,0.5676492698772599,0.7207630776878151,0.767,0.9415035476629918,0.8933646137869157
spherical_n2000_g8_extreme_noise0,2026092802,2000,0.0,tower_k2_z1,0.6294320947949527,0.7445591384600326,0.799,0.9245810349298716,0.8734252822151832
spherical_n2000_g8_extreme_noise0,2026092802,2000,0.0,hdbscan_default,0.15315625238259456,0.3962312879416801,0.862,0.1689513546640365,0.17575644668847348
spherical_n2000_g8_extreme_noise0,2026092802,2000,0.0,eom_z1_ms2_sqrt,0.17138733903072523,0.4594975094468711,0.954,0.17568415468197907,0.173255881690648
spherical_n2000_g8_extreme_noise0,2026092802,2000,0.0,eom_z3_ms2_sqrt,0.5823330340805213,0.7255202102570916,0.7695,0.9320097146861565,0.8654615876986961
spherical_n2000_g8_extreme_noise0,2026092802,2000,0.0,eom_z1_ms3_sqrt,0.16872971206805115,0.44337452192678917,0.933,0.17544722668259966,0.17409588727662692
spherical_n2000_g8_extreme_noise0,2026092802,2000,0.0,eom_z3_ms3_sqrt,0.5089820035872995,0.6977776104508815,0.728,0.9409288450105648,0.8707838597435662
spherical_n2000_g8_extreme_noise0,2026092803,2000,0.0,tower_k2_z1,0.4940790384034942,0.6950043095446965,0.71,0.9413344698514264,0.8523998322126733
spherical_n2000_g8_extreme_noise0,2026092803,2000,0.0,hdbscan_default,0.14712717488798893,0.3874037352703863,0.857,0.162953777262651,0.17399446675871288
spherical_n2000_g8_extreme_noise0,2026092803,2000,0.0,eom_z1_ms2_sqrt,0.16235697205187932,0.4402204574336895,0.943,0.16719155684893397,0.17226917920632273
spherical_n2000_g8_extreme_noise0,2026092803,2000,0.0,eom_z3_ms2_sqrt,0.4883720045564463,0.6817589169902899,0.7225,0.9320328303406139,0.8630030462608523
spherical_n2000_g8_extreme_noise0,2026092803,2000,0.0,eom_z1_ms3_sqrt,0.15979107863205402,0.42331038517445235,0.917,0.1678010164282028,0.1730874287328078
spherical_n2000_g8_extreme_noise0,2026092803,2000,0.0,eom_z3_ms3_sqrt,0.15979107863205402,0.42331038517445235,0.917,0.1678010164282028,0.1730874287328078
spherical_n2000_g8_extreme_noise0,2026092804,2000,0.0,tower_k2_z1,0.6491486133858143,0.7496326028565872,0.817,0.9192430418773465,0.8744148837076622
spherical_n2000_g8_extreme_noise0,2026092804,2000,0.0,hdbscan_default,0.15811606732115363,0.4023351968026193,0.8565,0.17606004415268567,0.17662201372381514
spherical_n2000_g8_extreme_noise0,2026092804,2000,0.0,eom_z1_ms2_sqrt,0.5618960297422698,0.7132220747862568,0.768,0.9270975146631902,0.876064366668551
spherical_n2000_g8_extreme_noise0,2026092804,2000,0.0,eom_z3_ms2_sqrt,0.5618960297422698,0.7132220747862568,0.768,0.9270975146631902,0.876064366668551
spherical_n2000_g8_extreme_noise0,2026092804,2000,0.0,eom_z1_ms3_sqrt,0.4862982708100304,0.6878362108925509,0.7235,0.9404531699877409,0.8771767247122007
spherical_n2000_g8_extreme_noise0,2026092804,2000,0.0,eom_z3_ms3_sqrt,0.4862982708100304,0.6878362108925509,0.7235,0.9404531699877409,0.8771767247122007
spherical_n2000_g8_hard_noise0,2026092800,2000,0.0,tower_k2_z1,0.8311355048128718,0.8582353226153634,0.8995,0.9706952576241854,0.9451732843620774
spherical_n2000_g8_hard_noise0,2026092800,2000,0.0,hdbscan_default,0.16875481122985977,0.46375128345667044,0.949,0.17339287063840578,0.17669523915870256
spherical_n2000_g8_hard_noise0,2026092800,2000,0.0,eom_z1_ms2_sqrt,0.8264369625324808,0.853219866880472,0.8965,0.9718654584963418,0.9539580306435619
spherical_n2000_g8_hard_noise0,2026092800,2000,0.0,eom_z3_ms2_sqrt,0.8264369625324808,0.853219866880472,0.8965,0.9718654584963418,0.9539580306435619
spherical_n2000_g8_hard_noise0,2026092800,2000,0.0,eom_z1_ms3_sqrt,0.7685298267263578,0.8254412243815001,0.8625,0.9750181445713939,0.9529288710874388
spherical_n2000_g8_hard_noise0,2026092800,2000,0.0,eom_z3_ms3_sqrt,0.7685298267263578,0.8254412243815001,0.8625,0.9750181445713939,0.9529288710874388
spherical_n2000_g8_hard_noise0,2026092801,2000,0.0,tower_k2_z1,0.801612432899408,0.8334072758651041,0.888,0.9593431773189925,0.9370911263744359
spherical_n2000_g8_hard_noise0,2026092801,2000,0.0,hdbscan_default,0.4601278475065341,0.7070541039110618,0.69,0.9941827880476188,0.9483786150444703
spherical_n2000_g8_hard_noise0,2026092801,2000,0.0,eom_z1_ms2_sqrt,0.795452193777275,0.832950260294889,0.882,0.9651306575989202,0.9385140518765374
spherical_n2000_g8_hard_noise0,2026092801,2000,0.0,eom_z3_ms2_sqrt,0.795452193777275,0.832950260294889,0.882,0.9651306575989202,0.9385140518765374
spherical_n2000_g8_hard_noise0,2026092801,2000,0.0,eom_z1_ms3_sqrt,0.7284365392941028,0.8043976526976219,0.842,0.9741363344700714,0.9394936702698644
spherical_n2000_g8_hard_noise0,2026092801,2000,0.0,eom_z3_ms3_sqrt,0.7284365392941028,0.8043976526976219,0.842,0.9741363344700714,0.9394936702698644
spherical_n2000_g8_hard_noise0,2026092802,2000,0.0,tower_k2_z1,0.8097743825077527,0.8435682161943271,0.889,0.9669909337081404,0.9305040868866176
spherical_n2000_g8_hard_noise0,2026092802,2000,0.0,hdbscan_default,0.16973944924230844,0.45559625326006614,0.9415,0.17540975198200395,0.17580890657163334
spherical_n2000_g8_hard_noise0,2026092802,2000,0.0,eom_z1_ms2_sqrt,0.17726088491778844,0.49785747612546183,0.9825,0.17870803952107944,0.17667702178113812
spherical_n2000_g8_hard_noise0,2026092802,2000,0.0,eom_z3_ms2_sqrt,0.7185245640825467,0.8014615897176365,0.8385,0.9625188257151093,0.9244953739996341
spherical_n2000_g8_hard_noise0,2026092802,2000,0.0,eom_z1_ms3_sqrt,0.17647708112761465,0.4886759216070988,0.9715,0.17895411540165176,0.1766955740969308
spherical_n2000_g8_hard_noise0,2026092802,2000,0.0,eom_z3_ms3_sqrt,0.6458644813603882,0.7769658966330988,0.7945,0.9755407173235578,0.9288218324030008
spherical_n2000_g8_hard_noise0,2026092803,2000,0.0,tower_k2_z1,0.7819870518766394,0.8215436483602547,0.879,0.9571485412467192,0.9307131133112528
spherical_n2000_g8_hard_noise0,2026092803,2000,0.0,hdbscan_default,0.16371250240922583,0.44633972136937206,0.9325,0.1699046856834403,0.17667702178113812
spherical_n2000_g8_hard_noise0,2026092803,2000,0.0,eom_z1_ms2_sqrt,0.17346786296295952,0.49832969187655923,0.986,0.17458800330096122,0.17584323357675014
spherical_n2000_g8_hard_noise0,2026092803,2000,0.0,eom_z3_ms2_sqrt,0.6902306732629774,0.7927169081581045,0.819,0.9766624168119791,0.9374241072559574
spherical_n2000_g8_hard_noise0,2026092803,2000,0.0,eom_z1_ms3_sqrt,0.17128907000861168,0.483289420442696,0.9725,0.17358487256939673,0.17584323357675014
spherical_n2000_g8_hard_noise0,2026092803,2000,0.0,eom_z3_ms3_sqrt,0.6118867269615331,0.7621832802773779,0.777,0.9812037814027771,0.9374495896391092
spherical_n2000_g8_hard_noise0,2026092804,2000,0.0,tower_k2_z1,0.7763115351282639,0.8280447860082535,0.8695,0.9599144547427185,0.9346062156854299
spherical_n2000_g8_hard_noise0,2026092804,2000,0.0,hdbscan_default,0.17361073963826407,0.46815772439661135,0.9505,0.17831207183546008,0.17755149158508907
spherical_n2000_g8_hard_noise0,2026092804,2000,0.0,eom_z1_ms2_sqrt,0.7373477690742645,0.8183523612480202,0.8395,0.9800596805698639,0.943219294305034
spherical_n2000_g8_hard_noise0,2026092804,2000,0.0,eom_z3_ms2_sqrt,0.7373477690742645,0.8183523612480202,0.8395,0.9800596805698639,0.943219294305034
spherical_n2000_g8_hard_noise0,2026092804,2000,0.0,eom_z1_ms3_sqrt,0.17564157275300274,0.49500523579535577,0.9785,0.17746246313269373,0.1775693244466387
spherical_n2000_g8_hard_noise0,2026092804,2000,0.0,eom_z3_ms3_sqrt,0.6745391254092589,0.794334000308308,0.8045,0.985842544417515,0.941068701849331
spherical_n2000_g8_medium_noise0,2026092800,2000,0.0,tower_k2_z1,0.9365993541320293,0.9304859320891904,0.9625,0.9825373420547951,0.9739110373992901
spherical_n2000_g8_medium_noise0,2026092800,2000,0.0,hdbscan_default,0.7323889559450488,0.8225358495313206,0.8345,0.9924113607509458,0.9784393778541611
spherical_n2000_g8_medium_noise0,2026092800,2000,0.0,eom_z1_ms2_sqrt,0.8994646503403093,0.9045414930669219,0.934,0.9856867599104806,0.9761798947719534
spherical_n2000_g8_medium_noise0,2026092800,2000,0.0,eom_z3_ms2_sqrt,0.8994646503403093,0.9045414930669219,0.934,0.9856867599104806,0.9761798947719534
spherical_n2000_g8_medium_noise0,2026092800,2000,0.0,eom_z1_ms3_sqrt,0.850112440949064,0.8807377958466651,0.8995,0.99271299832477,0.9750813398057663
spherical_n2000_g8_medium_noise0,2026092800,2000,0.0,eom_z3_ms3_sqrt,0.850112440949064,0.8807377958466651,0.8995,0.99271299832477,0.9750813398057663
spherical_n2000_g8_medium_noise0,2026092801,2000,0.0,tower_k2_z1,0.9060283199384118,0.9052137795173174,0.944,0.9759943964773177,0.9627125615077857
spherical_n2000_g8_medium_noise0,2026092801,2000,0.0,hdbscan_default,0.7200015736815641,0.8190652080245563,0.8275,0.9961415070610754,0.9772594234614617
spherical_n2000_g8_medium_noise0,2026092801,2000,0.0,eom_z1_ms2_sqrt,0.9084228071821803,0.9076468252667054,0.9405,0.9867873958667054,0.9705708151562119
spherical_n2000_g8_medium_noise0,2026092801,2000,0.0,eom_z3_ms2_sqrt,0.9084228071821803,0.9076468252667054,0.9405,0.9867873958667054,0.9705708151562119
spherical_n2000_g8_medium_noise0,2026092801,2000,0.0,eom_z1_ms3_sqrt,0.864435162223507,0.8795753425745239,0.9125,0.9877873127331896,0.9717052214209153
spherical_n2000_g8_medium_noise0,2026092801,2000,0.0,eom_z3_ms3_sqrt,0.864435162223507,0.8795753425745239,0.9125,0.9877873127331896,0.9717052214209153
spherical_n2000_g8_medium_noise0,2026092802,2000,0.0,tower_k2_z1,0.921648489238334,0.9158450264862518,0.954,0.9794431986783965,0.9682898267418613
spherical_n2000_g8_medium_noise0,2026092802,2000,0.0,hdbscan_default,0.1758100525691127,0.5040308103187047,0.9875,0.17682672772245533,0.17671342656093114
spherical_n2000_g8_medium_noise0,2026092802,2000,0.0,eom_z1_ms2_sqrt,0.9206529445898671,0.9160109297269365,0.9515,0.98234476183555,0.9716956567391766
spherical_n2000_g8_medium_noise0,2026092802,2000,0.0,eom_z3_ms2_sqrt,0.9206529445898671,0.9160109297269365,0.9515,0.98234476183555,0.9716956567391766
spherical_n2000_g8_medium_noise0,2026092802,2000,0.0,eom_z1_ms3_sqrt,0.8913557147076311,0.8955858671595016,0.93,0.9856449643490577,0.9717185938082695
spherical_n2000_g8_medium_noise0,2026092802,2000,0.0,eom_z3_ms3_sqrt,0.8913557147076311,0.8955858671595016,0.93,0.9856449643490577,0.9717185938082695
spherical_n2000_g8_medium_noise0,2026092803,2000,0.0,tower_k2_z1,0.9151640468910558,0.9118911843379537,0.9535,0.9734999323953508,0.9667236377975528
spherical_n2000_g8_medium_noise0,2026092803,2000,0.0,hdbscan_default,0.173495607619652,0.48906906018923196,0.975,0.1756316194507898,0.1775693244466387
spherical_n2000_g8_medium_noise0,2026092803,2000,0.0,eom_z1_ms2_sqrt,0.8604875010004063,0.880963052031479,0.909,0.987921067038925,0.9773043564590062
spherical_n2000_g8_medium_noise0,2026092803,2000,0.0,eom_z3_ms2_sqrt,0.8604875010004063,0.880963052031479,0.909,0.987921067038925,0.9773043564590062
spherical_n2000_g8_medium_noise0,2026092803,2000,0.0,eom_z1_ms3_sqrt,0.8050119149851835,0.8546578037200536,0.8755,0.9901559157847624,0.9773025709879013
spherical_n2000_g8_medium_noise0,2026092803,2000,0.0,eom_z3_ms3_sqrt,0.8050119149851835,0.8546578037200536,0.8755,0.9901559157847624,0.9773025709879013
spherical_n2000_g8_medium_noise0,2026092804,2000,0.0,tower_k2_z1,0.9193687623115833,0.9143074072245816,0.9525,0.9793496997599594,0.9728266190296425
spherical_n2000_g8_medium_noise0,2026092804,2000,0.0,hdbscan_default,0.1770354220335787,0.5026380344566231,0.9845,0.17831775290710852,0.1775693244466387
spherical_n2000_g8_medium_noise0,2026092804,2000,0.0,eom_z1_ms2_sqrt,0.8937863890839135,0.901810597559505,0.93,0.9868601156078277,0.9807212274092809
spherical_n2000_g8_medium_noise0,2026092804,2000,0.0,eom_z3_ms2_sqrt,0.8937863890839135,0.901810597559505,0.93,0.9868601156078277,0.9807212274092809
spherical_n2000_g8_medium_noise0,2026092804,2000,0.0,eom_z1_ms3_sqrt,0.853540811204825,0.882168047231429,0.902,0.9914014123989965,0.9852171353505885
spherical_n2000_g8_medium_noise0,2026092804,2000,0.0,eom_z3_ms3_sqrt,0.853540811204825,0.882168047231429,0.902,0.9914014123989965,0.9852171353505885
spherical_n2000_g8_medium_noise0p1,2026092800,2000,0.1,tower_k2_z1,0.8435600649035311,0.859902996909507,0.8875,0.944225296562541,0.8350621245789239
spherical_n2000_g8_medium_noise0p1,2026092800,2000,0.1,hdbscan_default,0.6524082847366448,0.784527633101117,0.777,0.9671684436619258,0.8419254472692588
spherical_n2000_g8_medium_noise0p1,2026092800,2000,0.1,eom_z1_ms2_sqrt,0.8368419700230345,0.8550631263026541,0.8875,0.9400564670445466,0.8375983667630486
spherical_n2000_g8_medium_noise0p1,2026092800,2000,0.1,eom_z3_ms2_sqrt,0.8368419700230345,0.8550631263026541,0.8875,0.9400564670445466,0.8375983667630486
spherical_n2000_g8_medium_noise0p1,2026092800,2000,0.1,eom_z1_ms3_sqrt,0.7908185603203076,0.8334373045222685,0.8565,0.948019574683922,0.8354745801570264
spherical_n2000_g8_medium_noise0p1,2026092800,2000,0.1,eom_z3_ms3_sqrt,0.7908185603203076,0.8334373045222685,0.8565,0.948019574683922,0.8354745801570264
spherical_n2000_g8_medium_noise0p1,2026092801,2000,0.1,tower_k2_z1,0.7992711705963053,0.8361872409804731,0.856,0.9396880274365096,0.8151612686055656
spherical_n2000_g8_medium_noise0p1,2026092801,2000,0.1,hdbscan_default,0.5427732179949268,0.7432021714236939,0.7165,0.9782152964491705,0.8219893580238127
spherical_n2000_g8_medium_noise0p1,2026092801,2000,0.1,eom_z1_ms2_sqrt,0.7946155317521041,0.8330432965666611,0.8505,0.9487833692672248,0.821117850308938
spherical_n2000_g8_medium_noise0p1,2026092801,2000,0.1,eom_z3_ms2_sqrt,0.7946155317521041,0.8330432965666611,0.8505,0.9487833692672248,0.821117850308938
spherical_n2000_g8_medium_noise0p1,2026092801,2000,0.1,eom_z1_ms3_sqrt,0.7513764442939735,0.8135224644596115,0.826,0.9533520637986499,0.82216259767677
spherical_n2000_g8_medium_noise0p1,2026092801,2000,0.1,eom_z3_ms3_sqrt,0.7513764442939735,0.8135224644596115,0.826,0.9533520637986499,0.82216259767677
spherical_n2000_g8_medium_noise0p1,2026092802,2000,0.1,tower_k2_z1,0.8430605311305057,0.856176910055809,0.8875,0.9440411663817163,0.8400769951016337
spherical_n2000_g8_medium_noise0p1,2026092802,2000,0.1,hdbscan_default,0.6343670822243633,0.7787735845567596,0.76,0.9745517931056854,0.8363579573363671
spherical_n2000_g8_medium_noise0p1,2026092802,2000,0.1,eom_z1_ms2_sqrt,0.7976828301625298,0.8356319962375394,0.8535,0.9494238316015496,0.8300598100691988
spherical_n2000_g8_medium_noise0p1,2026092802,2000,0.1,eom_z3_ms2_sqrt,0.7976828301625298,0.8356319962375394,0.8535,0.9494238316015496,0.8300598100691988
spherical_n2000_g8_medium_noise0p1,2026092802,2000,0.1,eom_z1_ms3_sqrt,0.7420482017866967,0.8131648827085796,0.8215,0.95630844323831,0.8332871264912357
spherical_n2000_g8_medium_noise0p1,2026092802,2000,0.1,eom_z3_ms3_sqrt,0.7420482017866967,0.8131648827085796,0.8215,0.95630844323831,0.8332871264912357
spherical_n2000_g8_medium_noise0p1,2026092803,2000,0.1,tower_k2_z1,0.8115192434039642,0.8401152437723624,0.8575,0.9540941972347052,0.8255961729353168
spherical_n2000_g8_medium_noise0p1,2026092803,2000,0.1,hdbscan_default,0.5680203810827253,0.7530791990053688,0.7285,0.9822506090063516,0.8287478014501428
spherical_n2000_g8_medium_noise0p1,2026092803,2000,0.1,eom_z1_ms2_sqrt,0.7591696348987773,0.8230170101063853,0.8235,0.9595728310010119,0.8200038279698004
spherical_n2000_g8_medium_noise0p1,2026092803,2000,0.1,eom_z3_ms2_sqrt,0.7591696348987773,0.8230170101063853,0.8235,0.9595728310010119,0.8200038279698004
spherical_n2000_g8_medium_noise0p1,2026092803,2000,0.1,eom_z1_ms3_sqrt,0.6887851963530724,0.7983851649021682,0.785,0.9721441646165238,0.824297606558759
spherical_n2000_g8_medium_noise0p1,2026092803,2000,0.1,eom_z3_ms3_sqrt,0.6887851963530724,0.7983851649021682,0.785,0.9721441646165238,0.824297606558759
spherical_n2000_g8_medium_noise0p1,2026092804,2000,0.1,tower_k2_z1,0.8444277251524979,0.8546702603869059,0.8985,0.9323111321347395,0.8365119542185406
spherical_n2000_g8_medium_noise0p1,2026092804,2000,0.1,hdbscan_default,0.6847829021168843,0.8025010710307626,0.784,0.9757658258376473,0.8317028014741774
spherical_n2000_g8_medium_noise0p1,2026092804,2000,0.1,eom_z1_ms2_sqrt,0.8130793394332462,0.8395975592741978,0.8745,0.9377748386295118,0.8317340140292957
spherical_n2000_g8_medium_noise0p1,2026092804,2000,0.1,eom_z3_ms2_sqrt,0.8130793394332462,0.8395975592741978,0.8745,0.9377748386295118,0.8317340140292957
spherical_n2000_g8_medium_noise0p1,2026092804,2000,0.1,eom_z1_ms3_sqrt,0.762999360086499,0.8214252633936333,0.84,0.9491002955303869,0.8338395946003975
spherical_n2000_g8_medium_noise0p1,2026092804,2000,0.1,eom_z3_ms3_sqrt,0.762999360086499,0.8214252633936333,0.84,0.9491002955303869,0.8338395946003975
spherical_n2000_g8_medium_noise0p3,2026092800,2000,0.3,tower_k2_z1,0.6540891758112763,0.7711229181371368,0.7855,0.7717421971640259,0.443705926123459
spherical_n2000_g8_medium_noise0p3,2026092800,2000,0.3,hdbscan_default,0.5711927236046456,0.7165190279637775,0.625,0.8944662898480147,0.4465832043315011
spherical_n2000_g8_medium_noise0p3,2026092800,2000,0.3,eom_z1_ms2_sqrt,0.6269609763595718,0.755207943863555,0.792,0.7487134108405438,0.4423044580897972
spherical_n2000_g8_medium_noise0p3,2026092800,2000,0.3,eom_z3_ms2_sqrt,0.6269609763595718,0.755207943863555,0.792,0.7487134108405438,0.4423044580897972
spherical_n2000_g8_medium_noise0p3,2026092800,2000,0.3,eom_z1_ms3_sqrt,0.6349622565286013,0.7565595105978572,0.767,0.7798865975984342,0.4429757535791235
spherical_n2000_g8_medium_noise0p3,2026092800,2000,0.3,eom_z3_ms3_sqrt,0.6349622565286013,0.7565595105978572,0.767,0.7798865975984342,0.4429757535791235
spherical_n2000_g8_medium_noise0p3,2026092801,2000,0.3,tower_k2_z1,0.609014241249342,0.7416223370331525,0.75,0.7745326587729563,0.4389470143225002
spherical_n2000_g8_medium_noise0p3,2026092801,2000,0.3,hdbscan_default,0.5586820440036534,0.7103975517509127,0.613,0.8998204546707016,0.43990367822531157
spherical_n2000_g8_medium_noise0p3,2026092801,2000,0.3,eom_z1_ms2_sqrt,0.611903924610391,0.7366752404396817,0.7165,0.8098207298948817,0.43620331174538873
spherical_n2000_g8_medium_noise0p3,2026092801,2000,0.3,eom_z3_ms2_sqrt,0.611903924610391,0.7366752404396817,0.7165,0.8098207298948817,0.43620331174538873
spherical_n2000_g8_medium_noise0p3,2026092801,2000,0.3,eom_z1_ms3_sqrt,0.5984218550095474,0.7277565859512445,0.683,0.8388704693331849,0.4383439610260789
spherical_n2000_g8_medium_noise0p3,2026092801,2000,0.3,eom_z3_ms3_sqrt,0.5984218550095474,0.7277565859512445,0.683,0.8388704693331849,0.4383439610260789
spherical_n2000_g8_medium_noise0p3,2026092802,2000,0.3,tower_k2_z1,0.6617012716121988,0.7770742964537819,0.761,0.8012572599734582,0.44486003390295364
spherical_n2000_g8_medium_noise0p3,2026092802,2000,0.3,hdbscan_default,0.5855091054796127,0.7256430027780592,0.624,0.9041304391378984,0.4461401880355861
spherical_n2000_g8_medium_noise0p3,2026092802,2000,0.3,eom_z1_ms2_sqrt,0.6777825796756622,0.7703293468157272,0.7205,0.841551345196587,0.4437251423198558
spherical_n2000_g8_medium_noise0p3,2026092802,2000,0.3,eom_z3_ms2_sqrt,0.6777825796756622,0.7703293468157272,0.7205,0.841551345196587,0.4437251423198558
spherical_n2000_g8_medium_noise0p3,2026092802,2000,0.3,eom_z1_ms3_sqrt,0.66530146392731,0.7600677255419426,0.6835,0.8743324144418722,0.44225852992354486
spherical_n2000_g8_medium_noise0p3,2026092802,2000,0.3,eom_z3_ms3_sqrt,0.66530146392731,0.7600677255419426,0.6835,0.8743324144418722,0.44225852992354486
spherical_n2000_g8_medium_noise0p3,2026092803,2000,0.3,tower_k2_z1,0.6826388659607249,0.7749726583623104,0.7295,0.8378238927369708,0.44070547839359764
spherical_n2000_g8_medium_noise0p3,2026092803,2000,0.3,hdbscan_default,0.5694117658195514,0.7153861710024146,0.602,0.9189651365838722,0.4377601321792852
spherical_n2000_g8_medium_noise0p3,2026092803,2000,0.3,eom_z1_ms2_sqrt,0.6287285913564395,0.7478291912330706,0.693,0.84791879565134,0.4354865624542744
spherical_n2000_g8_medium_noise0p3,2026092803,2000,0.3,eom_z3_ms2_sqrt,0.6287285913564395,0.7478291912330706,0.693,0.84791879565134,0.4354865624542744
spherical_n2000_g8_medium_noise0p3,2026092803,2000,0.3,eom_z1_ms3_sqrt,0.6052737011127493,0.7401408152957097,0.6585,0.8748136493600721,0.43985057084868867
spherical_n2000_g8_medium_noise0p3,2026092803,2000,0.3,eom_z3_ms3_sqrt,0.6052737011127493,0.7401408152957097,0.6585,0.8748136493600721,0.43985057084868867
spherical_n2000_g8_medium_noise0p3,2026092804,2000,0.3,tower_k2_z1,0.6012953485327318,0.7513041966182333,0.797,0.7367700909400647,0.43940671121340763
spherical_n2000_g8_medium_noise0p3,2026092804,2000,0.3,hdbscan_default,0.5525996792203339,0.7122725482239425,0.628,0.8752177930714459,0.4416382680626986
spherical_n2000_g8_medium_noise0p3,2026092804,2000,0.3,eom_z1_ms2_sqrt,0.6346462343693788,0.7502405556310482,0.739,0.8058578601250581,0.44064121548067053
spherical_n2000_g8_medium_noise0p3,2026092804,2000,0.3,eom_z3_ms2_sqrt,0.6346462343693788,0.7502405556310482,0.739,0.8058578601250581,0.44064121548067053
spherical_n2000_g8_medium_noise0p3,2026092804,2000,0.3,eom_z1_ms3_sqrt,0.6183400494711816,0.7382744610791192,0.703,0.8347964356015753,0.4401926112100339
spherical_n2000_g8_medium_noise0p3,2026092804,2000,0.3,eom_z3_ms3_sqrt,0.6183400494711816,0.7382744610791192,0.703,0.8347964356015753,0.4401926112100339
