scene,family,intrinsic_dimension,n,groups,level,separation,noise_fraction,seed,replicate,points,noise_points,digest,method,parameter,ari,ami,coverage,clusters,noise,seconds
spherical_n500_g16_hard_noise0,spherical,3,500,16,hard,4.6,0.0,2026092800,0,500,0,2d37c77d6b9e6e2743fb3ede34515c542976822ced9ce792e8546e17e4fbc6a4,tower_k2_z1_gabriel,22.361,0.7428698078901167,0.8837895882093311,0.974,13,13,0.31640678199983086
spherical_n500_g16_hard_noise0,spherical,3,500,16,hard,4.6,0.0,2026092801,1,500,0,b44c228cdd23b7b2d71fdb62eb64d99c3c320cbe1e8bdf07360f754988f062b1,tower_k2_z1_gabriel,22.361,0.9286048552422453,0.9374998612043345,0.97,16,15,0.34593915100049344
spherical_n500_g16_hard_noise0,spherical,3,500,16,hard,4.6,0.0,2026092802,2,500,0,252c0a9afbfdf05d9ffa535533666b9529a1e090107dca1f5a83635ccf418be5,tower_k2_z1_gabriel,22.361,0.8594629873067692,0.9196574649599832,0.924,15,38,0.4309810380000272
spherical_n500_g16_hard_noise0,spherical,3,500,16,hard,4.6,0.0,2026092803,3,500,0,a68307e668d143f22e0436896295f48f30632eb3671f7aa403358d54bbc92059,tower_k2_z1_gabriel,22.361,0.7704674977000542,0.8619782042603098,0.952,14,24,0.37405759299872443
spherical_n500_g16_hard_noise0,spherical,3,500,16,hard,4.6,0.0,2026092804,4,500,0,2018421b9518518540be31fd13dc37412e395244b0a4b883076bec2d38437700,tower_k2_z1_gabriel,22.361,0.9422710788637282,0.9478701886894901,0.974,16,13,0.37767499599794974
spherical_n500_g16_medium_noise0,spherical,3,500,16,medium,5.2,0.0,2026092800,0,500,0,fe67e8a00030fe845be9edf4fe11b73d293ba7491d5a667024ac1feb1596ef35,tower_k2_z1_gabriel,22.361,0.9640358789817798,0.9717652077942681,0.99,16,5,0.4088877889989817
spherical_n500_g16_medium_noise0,spherical,3,500,16,medium,5.2,0.0,2026092801,1,500,0,03383cf1d9382a31956e2a98ab3756dfed592903240b7b51e0546ca822c8567a,tower_k2_z1_gabriel,22.361,0.9629272439101325,0.9684468188277834,0.986,16,7,0.39934776999871247
spherical_n500_g16_medium_noise0,spherical,3,500,16,medium,5.2,0.0,2026092802,2,500,0,191b9a676082a08f01224e9f42c22a14de24ae1beecfd70ffb5037fdc9896928,tower_k2_z1_gabriel,22.361,0.9506882534159729,0.9580029678092653,0.986,16,7,0.37022185800014995
spherical_n500_g16_medium_noise0,spherical,3,500,16,medium,5.2,0.0,2026092803,3,500,0,4a328a208a891a48de0c65452e0ab0a5c02f7dd84f96b9ab153716a51b7c9c42,tower_k2_z1_gabriel,22.361,0.9323783368760292,0.9476862424150901,0.982,16,9,0.2948531110014301
spherical_n500_g16_medium_noise0,spherical,3,500,16,medium,5.2,0.0,2026092804,4,500,0,c89a73cfab536b574be3fc73f9d6567b07fc8ab560692d41b728df3cfe9f521b,tower_k2_z1_gabriel,22.361,0.9719917351846269,0.9757700077922882,0.994,16,3,0.2876916839995829
spherical_n500_g4_hard_noise0,spherical,3,500,4,hard,4.6,0.0,2026092800,0,500,0,8f9dcd2ce7ecc5b2e9da9447d1d293be697868a9753b4abb37ce4adf3e94d26d,tower_k2_z1_gabriel,22.361,0.8088639783826156,0.783299987891565,0.904,7,48,0.3897825539970654
spherical_n500_g4_hard_noise0,spherical,3,500,4,hard,4.6,0.0,2026092801,1,500,0,0ea6ff55070f6b341cdc5277482e20ac5af3126b9fe40f2c7c726444d05fa1c3,tower_k2_z1_gabriel,22.361,0.6056603053006603,0.6487114934884625,0.828,7,86,0.42537795300086145
spherical_n500_g4_hard_noise0,spherical,3,500,4,hard,4.6,0.0,2026092802,2,500,0,6fb5c3eacd8d14e28d23ba1ee5acd00a060eb4cfe64a631b4f5c6877250c8cbf,tower_k2_z1_gabriel,22.361,0.7764418156343634,0.7766899663400025,0.866,5,67,0.4896637659985572
spherical_n500_g4_hard_noise0,spherical,3,500,4,hard,4.6,0.0,2026092803,3,500,0,313130dcfa0e5b01470242cd23e786e3f43a8f021842cbe4bd67f7d34a162575,tower_k2_z1_gabriel,22.361,0.8629961976009268,0.8394487139631016,0.924,6,38,0.3335974139990867
spherical_n500_g4_hard_noise0,spherical,3,500,4,hard,4.6,0.0,2026092804,4,500,0,82da3ca3ca65933aaf50179eb82f2ecc5d2e5a9cc240d4e2fd8c37b10bb17a5a,tower_k2_z1_gabriel,22.361,0.7295521833111922,0.7673819441508887,0.86,5,70,0.4113174630001595
spherical_n500_g4_medium_noise0,spherical,3,500,4,medium,5.2,0.0,2026092800,0,500,0,b00b9e7d314414becd46b5e0bdb4b190701f8dec4326a69c4f9976dfda5e524c,tower_k2_z1_gabriel,22.361,0.9441237267471551,0.918964429768457,0.98,5,10,0.4938953880009649
spherical_n500_g4_medium_noise0,spherical,3,500,4,medium,5.2,0.0,2026092801,1,500,0,738a9eb9728053c960898c81f96efad61306c2054c0e0ffe65ef829bb104655c,tower_k2_z1_gabriel,22.361,0.7978232549586037,0.7959424053073528,0.902,8,49,0.5232284189987695
spherical_n500_g4_medium_noise0,spherical,3,500,4,medium,5.2,0.0,2026092802,2,500,0,9453606ef09ca12920099e502f3b2780b2c395367b25eab2c0b826a54ad15ca9,tower_k2_z1_gabriel,22.361,0.9329165062170889,0.9051446525479092,0.97,4,15,0.463935763000336
spherical_n500_g4_medium_noise0,spherical,3,500,4,medium,5.2,0.0,2026092803,3,500,0,50b8f5ebe722bb9101d48d768621d3ec5a9f1b2f748281510c86ae9d9fe0086b,tower_k2_z1_gabriel,22.361,0.9492031608577942,0.9247303080911443,0.978,6,11,0.2786831470002653
spherical_n500_g4_medium_noise0,spherical,3,500,4,medium,5.2,0.0,2026092804,4,500,0,5544fdb698e90488515ababd2680374b32f6c7db8263136a3e4bcc560105e849,tower_k2_z1_gabriel,22.361,0.8537550311128608,0.8588282330394996,0.938,7,31,0.30531528600113234
spherical_n500_g8_medium_noise0,spherical,3,500,8,medium,5.2,0.0,2026092800,0,500,0,2bb3f6f91ed3d576f7dce4b28c1e54bca5b9a56fff37f1a13254276a3005540d,tower_k2_z1_gabriel,22.361,0.9329656956197737,0.9319753043417686,0.972,9,14,0.32822171400039224
spherical_n500_g8_medium_noise0,spherical,3,500,8,medium,5.2,0.0,2026092801,1,500,0,fc3d0696d4407401e13d3bbc0e28cb787c30a20042015e6472d525de3e228034,tower_k2_z1_gabriel,22.361,0.8610376962807672,0.8826889759168504,0.916,9,42,0.28557425100007094
spherical_n500_g8_medium_noise0,spherical,3,500,8,medium,5.2,0.0,2026092802,2,500,0,96f7001ef63b06f0bd078662fb3cb4a6510c0507a7291095c0d1b1b442ca2ae0,tower_k2_z1_gabriel,22.361,0.9555394174246663,0.9521479918336377,0.978,8,11,0.34096299900193117
spherical_n500_g8_medium_noise0,spherical,3,500,8,medium,5.2,0.0,2026092803,3,500,0,69053dd0bbec20fd7298d48d5bf90f22018068b94b40450be9e10e6dfd533975,tower_k2_z1_gabriel,22.361,0.9674565169682212,0.9641990681146536,0.986,9,7,0.39535096699910355
spherical_n500_g8_medium_noise0,spherical,3,500,8,medium,5.2,0.0,2026092804,4,500,0,bc696ba7d4b08090982a890ef234cc31fea2f59c5726857301269312ec15bd53,tower_k2_z1_gabriel,22.361,0.9316053767749825,0.9283104705160817,0.976,8,12,0.30075826900065294
