scene,seed,n,oracle_restricted,oracle_ext,best
filaments_n2000_g8_easy_noise0,2026092800,2000,0.8706,0.9815,"(100, 1, 'leaf')"
filaments_n2000_g8_easy_noise0,2026092801,2000,0.9954,0.9954,"(5, 5, 'eom')"
filaments_n2000_g8_easy_noise0,2026092802,2000,1.0,1.0,"(5, 1, 'eom')"
filaments_n2000_g8_easy_noise0,2026092803,2000,0.9994,1.0,"(5, 1, 'eom')"
filaments_n2000_g8_easy_noise0,2026092804,2000,1.0,1.0,"(5, 1, 'eom')"
filaments_n2000_g8_extreme_noise0,2026092800,2000,0.1281,0.2532,"(50, 1, 'eom')"
filaments_n2000_g8_extreme_noise0,2026092801,2000,0.1429,0.3662,"(50, 1, 'eom')"
filaments_n2000_g8_extreme_noise0,2026092802,2000,0.2381,0.407,"(100, 1, 'leaf')"
filaments_n2000_g8_extreme_noise0,2026092803,2000,0.263,0.4117,"(75, 1, 'eom')"
filaments_n2000_g8_extreme_noise0,2026092804,2000,0.1451,0.4306,"(100, 1, 'eom')"
filaments_n2000_g8_hard_noise0,2026092800,2000,0.4875,0.6096,"(100, 1, 'leaf')"
filaments_n2000_g8_hard_noise0,2026092801,2000,0.0765,0.4961,"(100, 1, 'leaf')"
filaments_n2000_g8_hard_noise0,2026092802,2000,0.0768,0.5128,"(100, 1, 'leaf')"
filaments_n2000_g8_hard_noise0,2026092803,2000,0.4704,0.4793,"(75, 1, 'leaf')"
filaments_n2000_g8_hard_noise0,2026092804,2000,0.6542,0.7122,"(100, 1, 'leaf')"
filaments_n2000_g8_medium_noise0,2026092800,2000,0.8083,0.8517,"(75, 1, 'eom')"
filaments_n2000_g8_medium_noise0,2026092801,2000,0.9001,0.9628,"(10, 1, 'eom')"
filaments_n2000_g8_medium_noise0,2026092802,2000,0.8311,0.9276,"(100, 1, 'leaf')"
filaments_n2000_g8_medium_noise0,2026092803,2000,0.7591,0.9295,"(100, 1, 'leaf')"
filaments_n2000_g8_medium_noise0,2026092804,2000,0.9831,0.9831,"(5, 5, 'eom')"
hierarchical_n2000_g8_easy_noise0,2026092800,2000,1.0,1.0,"(5, 1, 'eom')"
hierarchical_n2000_g8_easy_noise0,2026092801,2000,1.0,1.0,"(5, 1, 'eom')"
hierarchical_n2000_g8_easy_noise0,2026092802,2000,0.9972,0.9983,"(5, 1, 'eom')"
hierarchical_n2000_g8_easy_noise0,2026092803,2000,0.9972,1.0,"(100, 1, 'eom')"
hierarchical_n2000_g8_easy_noise0,2026092804,2000,1.0,1.0,"(5, 1, 'eom')"
hierarchical_n2000_g8_extreme_noise0,2026092800,2000,1.0,1.0,"(75, None, 'eom')"
hierarchical_n2000_g8_extreme_noise0,2026092801,2000,1.0,1.0,"(75, None, 'eom')"
hierarchical_n2000_g8_extreme_noise0,2026092802,2000,0.8706,1.0,"(100, 1, 'leaf')"
hierarchical_n2000_g8_extreme_noise0,2026092803,2000,0.8706,0.9674,"(100, 1, 'leaf')"
hierarchical_n2000_g8_extreme_noise0,2026092804,2000,0.9332,1.0,"(100, 1, 'eom')"
hierarchical_n2000_g8_hard_noise0,2026092800,2000,1.0,1.0,"(50, None, 'eom')"
hierarchical_n2000_g8_hard_noise0,2026092801,2000,1.0,1.0,"(50, None, 'eom')"
hierarchical_n2000_g8_hard_noise0,2026092802,2000,0.8706,1.0,"(100, 1, 'leaf')"
hierarchical_n2000_g8_hard_noise0,2026092803,2000,0.8706,1.0,"(100, 1, 'eom')"
hierarchical_n2000_g8_hard_noise0,2026092804,2000,1.0,1.0,"(75, None, 'eom')"
hierarchical_n2000_g8_medium_noise0,2026092800,2000,1.0,1.0,"(30, None, 'eom')"
hierarchical_n2000_g8_medium_noise0,2026092801,2000,1.0,1.0,"(30, None, 'eom')"
hierarchical_n2000_g8_medium_noise0,2026092802,2000,0.8706,1.0,"(100, 1, 'leaf')"
hierarchical_n2000_g8_medium_noise0,2026092803,2000,0.8706,1.0,"(100, 1, 'eom')"
hierarchical_n2000_g8_medium_noise0,2026092804,2000,1.0,1.0,"(50, None, 'eom')"
shells_n2000_g8_easy_noise0,2026092800,2000,1.0,1.0,"(5, 1, 'eom')"
shells_n2000_g8_easy_noise0,2026092801,2000,1.0,1.0,"(5, 1, 'eom')"
shells_n2000_g8_easy_noise0,2026092802,2000,1.0,1.0,"(5, 1, 'eom')"
shells_n2000_g8_easy_noise0,2026092803,2000,1.0,1.0,"(5, 1, 'eom')"
shells_n2000_g8_easy_noise0,2026092804,2000,1.0,1.0,"(5, 1, 'eom')"
shells_n2000_g8_extreme_noise0,2026092800,2000,1.0,1.0,"(5, 1, 'eom')"
shells_n2000_g8_extreme_noise0,2026092801,2000,1.0,1.0,"(5, 1, 'eom')"
shells_n2000_g8_extreme_noise0,2026092802,2000,1.0,1.0,"(5, 1, 'eom')"
shells_n2000_g8_extreme_noise0,2026092803,2000,1.0,1.0,"(5, 1, 'eom')"
shells_n2000_g8_extreme_noise0,2026092804,2000,1.0,1.0,"(5, 1, 'eom')"
shells_n2000_g8_hard_noise0,2026092800,2000,1.0,1.0,"(5, 1, 'eom')"
shells_n2000_g8_hard_noise0,2026092801,2000,1.0,1.0,"(5, 1, 'eom')"
shells_n2000_g8_hard_noise0,2026092802,2000,1.0,1.0,"(5, 1, 'eom')"
shells_n2000_g8_hard_noise0,2026092803,2000,1.0,1.0,"(5, 1, 'eom')"
shells_n2000_g8_hard_noise0,2026092804,2000,1.0,1.0,"(5, 1, 'eom')"
shells_n2000_g8_medium_noise0,2026092800,2000,1.0,1.0,"(5, 1, 'eom')"
shells_n2000_g8_medium_noise0,2026092801,2000,1.0,1.0,"(5, 1, 'eom')"
shells_n2000_g8_medium_noise0,2026092802,2000,1.0,1.0,"(5, 1, 'eom')"
shells_n2000_g8_medium_noise0,2026092803,2000,1.0,1.0,"(5, 1, 'eom')"
shells_n2000_g8_medium_noise0,2026092804,2000,1.0,1.0,"(5, 1, 'eom')"
spherical_n2000_g16_hard_noise0,2026092800,2000,0.5376,0.7892,"(15, 1, 'eom')"
spherical_n2000_g16_hard_noise0,2026092801,2000,0.5431,0.7548,"(10, 1, 'eom')"
spherical_n2000_g16_hard_noise0,2026092802,2000,0.5825,0.773,"(15, 1, 'eom')"
spherical_n2000_g16_hard_noise0,2026092803,2000,0.5771,0.8021,"(75, 1, 'leaf')"
spherical_n2000_g16_hard_noise0,2026092804,2000,0.5187,0.6563,"(30, 1, 'leaf')"
spherical_n2000_g16_medium_noise0,2026092800,2000,0.8144,0.9301,"(15, 1, 'eom')"
spherical_n2000_g16_medium_noise0,2026092801,2000,0.8086,0.9178,"(30, 1, 'leaf')"
spherical_n2000_g16_medium_noise0,2026092802,2000,0.8049,0.9243,"(50, 1, 'leaf')"
spherical_n2000_g16_medium_noise0,2026092803,2000,0.7883,0.9284,"(30, 1, 'eom')"
spherical_n2000_g16_medium_noise0,2026092804,2000,0.7694,0.887,"(30, 1, 'leaf')"
spherical_n2000_g2_medium_noise0,2026092800,2000,0.5927,0.6622,"(15, 1, 'eom')"
spherical_n2000_g2_medium_noise0,2026092801,2000,0.6818,0.7964,"(15, 1, 'eom')"
spherical_n2000_g2_medium_noise0,2026092802,2000,0.6575,0.7422,"(20, 1, 'eom')"
spherical_n2000_g2_medium_noise0,2026092803,2000,0.6247,0.8108,"(15, 1, 'eom')"
spherical_n2000_g2_medium_noise0,2026092804,2000,0.6732,0.819,"(20, 1, 'eom')"
spherical_n2000_g32_medium_noise0,2026092800,2000,0.6535,0.8908,"(30, 1, 'leaf')"
spherical_n2000_g32_medium_noise0,2026092801,2000,0.5757,0.8013,"(10, 1, 'eom')"
spherical_n2000_g32_medium_noise0,2026092802,2000,0.5874,0.821,"(15, 1, 'eom')"
spherical_n2000_g32_medium_noise0,2026092803,2000,0.6049,0.805,"(20, 1, 'eom')"
spherical_n2000_g32_medium_noise0,2026092804,2000,0.0325,0.8338,"(30, 1, 'eom')"
spherical_n2000_g4_hard_noise0,2026092800,2000,0.6267,0.7374,"(10, 1, 'eom')"
spherical_n2000_g4_hard_noise0,2026092801,2000,0.5462,0.7533,"(15, 1, 'eom')"
spherical_n2000_g4_hard_noise0,2026092802,2000,0.5933,0.802,"(20, 1, 'eom')"
spherical_n2000_g4_hard_noise0,2026092803,2000,0.5163,0.7119,"(20, 1, 'eom')"
spherical_n2000_g4_hard_noise0,2026092804,2000,0.4266,0.7719,"(20, 1, 'eom')"
spherical_n2000_g4_medium_noise0,2026092800,2000,0.7922,0.8841,"(10, 1, 'eom')"
spherical_n2000_g4_medium_noise0,2026092801,2000,0.7203,0.826,"(15, 1, 'eom')"
spherical_n2000_g4_medium_noise0,2026092802,2000,0.7514,0.8936,"(15, 1, 'eom')"
spherical_n2000_g4_medium_noise0,2026092803,2000,0.6823,0.8516,"(10, 1, 'eom')"
spherical_n2000_g4_medium_noise0,2026092804,2000,0.734,0.8734,"(10, 1, 'eom')"
spherical_n2000_g8_easy_noise0,2026092800,2000,0.9754,0.9931,"(5, 1, 'eom')"
spherical_n2000_g8_easy_noise0,2026092801,2000,0.9877,0.996,"(5, 1, 'eom')"
spherical_n2000_g8_easy_noise0,2026092802,2000,0.9809,0.9932,"(5, 1, 'eom')"
spherical_n2000_g8_easy_noise0,2026092803,2000,0.9871,0.9943,"(10, 1, 'eom')"
spherical_n2000_g8_easy_noise0,2026092804,2000,0.9846,0.996,"(15, 1, 'eom')"
spherical_n2000_g8_extreme_noise0,2026092800,2000,0.153,0.5538,"(50, 1, 'eom')"
spherical_n2000_g8_extreme_noise0,2026092801,2000,0.1605,0.6476,"(15, 1, 'eom')"
spherical_n2000_g8_extreme_noise0,2026092802,2000,0.1712,0.5823,"(75, 1, 'leaf')"
spherical_n2000_g8_extreme_noise0,2026092803,2000,0.1582,0.4884,"(50, 1, 'leaf')"
spherical_n2000_g8_extreme_noise0,2026092804,2000,0.1613,0.5619,"(20, 1, 'eom')"
spherical_n2000_g8_hard_noise0,2026092800,2000,0.5764,0.8264,"(20, 1, 'eom')"
spherical_n2000_g8_hard_noise0,2026092801,2000,0.466,0.7955,"(15, 1, 'eom')"
spherical_n2000_g8_hard_noise0,2026092802,2000,0.1732,0.7185,"(75, 1, 'leaf')"
spherical_n2000_g8_hard_noise0,2026092803,2000,0.1703,0.6902,"(50, 1, 'leaf')"
spherical_n2000_g8_hard_noise0,2026092804,2000,0.5137,0.7373,"(30, 1, 'eom')"
spherical_n2000_g8_medium_noise0,2026092800,2000,0.786,0.8995,"(20, 1, 'eom')"
spherical_n2000_g8_medium_noise0,2026092801,2000,0.8009,0.9084,"(15, 1, 'eom')"
spherical_n2000_g8_medium_noise0,2026092802,2000,0.772,0.9207,"(15, 1, 'eom')"
spherical_n2000_g8_medium_noise0,2026092803,2000,0.7114,0.8605,"(15, 1, 'eom')"
spherical_n2000_g8_medium_noise0,2026092804,2000,0.7713,0.8938,"(15, 1, 'eom')"
spherical_n2000_g8_medium_noise0p1,2026092800,2000,0.7168,0.8368,"(10, 1, 'eom')"
spherical_n2000_g8_medium_noise0p1,2026092801,2000,0.6534,0.7946,"(15, 1, 'eom')"
spherical_n2000_g8_medium_noise0p1,2026092802,2000,0.7045,0.7977,"(10, 1, 'eom')"
spherical_n2000_g8_medium_noise0p1,2026092803,2000,0.6281,0.7642,"(10, 1, 'eom')"
spherical_n2000_g8_medium_noise0p1,2026092804,2000,0.725,0.8131,"(15, 1, 'eom')"
spherical_n2000_g8_medium_noise0p3,2026092800,2000,0.6101,0.6291,"(10, 5, 'eom')"
spherical_n2000_g8_medium_noise0p3,2026092801,2000,0.6014,0.6119,"(30, 1, 'eom')"
spherical_n2000_g8_medium_noise0p3,2026092802,2000,0.5921,0.6778,"(15, 1, 'eom')"
spherical_n2000_g8_medium_noise0p3,2026092803,2000,0.6158,0.6287,"(20, 1, 'eom')"
spherical_n2000_g8_medium_noise0p3,2026092804,2000,0.5526,0.6346,"(30, 1, 'eom')"
spherical_n500_g16_hard_noise0,2026092800,500,0.572,0.8862,"(10, 1, 'eom')"
spherical_n500_g16_hard_noise0,2026092801,500,0.5692,0.8342,"(10, 1, 'eom')"
spherical_n500_g16_hard_noise0,2026092802,500,0.6349,0.8501,"(15, 1, 'leaf')"
spherical_n500_g16_hard_noise0,2026092803,500,0.5118,0.7311,"(10, 1, 'eom')"
spherical_n500_g16_hard_noise0,2026092804,500,0.6984,0.8596,"(15, 1, 'leaf')"
spherical_n500_g16_medium_noise0,2026092800,500,0.8289,0.9746,"(10, 1, 'eom')"
spherical_n500_g16_medium_noise0,2026092801,500,0.8674,0.9698,"(10, 1, 'eom')"
spherical_n500_g16_medium_noise0,2026092802,500,0.8486,0.9407,"(10, 1, 'eom')"
spherical_n500_g16_medium_noise0,2026092803,500,0.7322,0.9229,"(10, 1, 'eom')"
spherical_n500_g16_medium_noise0,2026092804,500,0.8632,0.9731,"(10, 1, 'eom')"
spherical_n500_g4_hard_noise0,2026092800,500,0.5691,0.6694,"(20, 1, 'eom')"
spherical_n500_g4_hard_noise0,2026092801,500,0.4546,0.5987,"(15, 1, 'eom')"
spherical_n500_g4_hard_noise0,2026092802,500,0.6082,0.6512,"(30, 1, 'leaf')"
spherical_n500_g4_hard_noise0,2026092803,500,0.4941,0.6961,"(10, 1, 'eom')"
spherical_n500_g4_hard_noise0,2026092804,500,0.6347,0.8128,"(10, 1, 'eom')"
spherical_n500_g4_medium_noise0,2026092800,500,0.7575,0.909,"(10, 1, 'eom')"
spherical_n500_g4_medium_noise0,2026092801,500,0.7656,0.8417,"(15, 1, 'eom')"
spherical_n500_g4_medium_noise0,2026092802,500,0.8175,0.8913,"(15, 1, 'eom')"
spherical_n500_g4_medium_noise0,2026092803,500,0.8276,0.9349,"(10, 1, 'eom')"
spherical_n500_g4_medium_noise0,2026092804,500,0.7536,0.8812,"(10, 1, 'eom')"
spherical_n500_g8_medium_noise0,2026092800,500,0.8318,0.9511,"(5, 1, 'eom')"
spherical_n500_g8_medium_noise0,2026092801,500,0.7106,0.8456,"(20, 1, 'leaf')"
spherical_n500_g8_medium_noise0,2026092802,500,0.8336,0.9373,"(5, 1, 'eom')"
spherical_n500_g8_medium_noise0,2026092803,500,0.8605,0.9813,"(10, 1, 'eom')"
spherical_n500_g8_medium_noise0,2026092804,500,0.1783,0.9016,"(10, 1, 'eom')"
