regime,communities,separation,k,min_cluster_size,exp_z,method,cases,ari_all_mean,ari_all_min,ari_all_max,ari_inliers_noise_singletons_mean,ari_inliers_noise_singletons_min,ari_inliers_noise_singletons_max,coverage_mean,coverage_min,coverage_max,clusters_mean,clusters_min,clusters_max,noise_count_mean,noise_count_min,noise_count_max,matched_macro_f1_mean,matched_macro_f1_min,matched_macro_f1_max
anisotropic,8,4,5,20,1,hdbscan_common,2,0.1856470411104481,0.0664081349078098,0.30488594731308644,0.2858610851055322,0.07076461886957067,0.5009575513414938,0.7025,0.6158333333333333,0.7891666666666667,5,2,8,357,253,461,0.44102237574706377,0.14251862326614204,0.7395261282279855
anisotropic,8,4,5,20,1,hdbscan_standard,2,0.0660472541225369,0.06580226837529828,0.06629223986977552,0.06894484398241027,0.06783467233118601,0.07005501563363453,0.8233333333333334,0.79,0.8566666666666667,2,2,2,212,172,252,0.14376259933829616,0.1424856487657189,0.14503954991087345
anisotropic,8,4,5,20,1,hgp_exclusive_point_routing,2,0.19766074212964285,0.07444267644236022,0.3208788078169255,0.19912632416615028,0.0744437495000069,0.32380889883229363,0.9554166666666667,0.9241666666666667,0.9866666666666667,2.5,2,3,53.5,16,91,0.19377542488372812,0.15532962310552875,0.23222122666192746
anisotropic,8,4,5,20,1,hgp_first_coverage,2,0.19698873358671237,0.07556681952903845,0.3184106476443863,0.19897386194835806,0.07556809657454781,0.3223796273221683,0.9504166666666667,0.9141666666666667,0.9866666666666667,2.5,2,3,59.5,16,103,0.19399405913209758,0.1557799608406804,0.23220815742351475
anisotropic,8,4,5,20,1,hgp_weighted_full_vote,2,0.19703352829402215,0.07444267644236022,0.31962438014568406,0.19844111318192442,0.0744437495000069,0.3224384768638419,0.9570833333333333,0.9275,0.9866666666666667,2.5,2,3,51.5,16,87,0.19375731037914445,0.15532962310552875,0.23218499765276018
anisotropic,8,4,5,20,2,hdbscan_common,2,0.25232625642448087,0.19976656553587532,0.30488594731308644,0.4233262328167787,0.3456949142920636,0.5009575513414938,0.5970833333333334,0.5783333333333334,0.6158333333333333,8,8,8,483.5,461,506,0.5943361964420834,0.44914626465618124,0.7395261282279855
anisotropic,8,4,5,20,2,hgp_exclusive_point_routing,2,0.4558354550202911,0.31732318043607494,0.5943477296045072,0.549723672415411,0.42803369298869814,0.6714136518421239,0.765,0.7158333333333333,0.8141666666666667,12.5,10,15,282,223,341,0.7154041684219785,0.6170267136211414,0.8137816232228158
anisotropic,8,4,5,20,2,hgp_first_coverage,2,0.4755104940922135,0.3706590958453668,0.5803618923390602,0.5324337493166562,0.40064288068281706,0.6642246179504954,0.8029166666666667,0.8025,0.8033333333333333,10,10,10,236.5,236,237,0.6385516429458935,0.46811521425862024,0.8089880716331668
anisotropic,8,4,5,20,2,hgp_weighted_full_vote,2,0.19703352829402215,0.07444267644236022,0.31962438014568406,0.19844111318192442,0.0744437495000069,0.3224384768638419,0.9570833333333333,0.9275,0.9866666666666667,2.5,2,3,51.5,16,87,0.19375731037914445,0.15532962310552875,0.23218499765276018
anisotropic,8,4,5,50,1,hdbscan_common,2,0.0666799127168165,0.0664081349078098,0.06695169052582321,0.06963650305879637,0.06850838724802209,0.07076461886957067,0.8225,0.7891666666666667,0.8558333333333333,2,2,2,213,173,253,0.14379468241645546,0.14251862326614204,0.14507074156676888
anisotropic,8,4,5,50,1,hdbscan_standard,2,0.0660472541225369,0.06580226837529828,0.06629223986977552,0.06894484398241027,0.06783467233118601,0.07005501563363453,0.8233333333333334,0.79,0.8566666666666667,2,2,2,212,172,252,0.14376259933829616,0.1424856487657189,0.14503954991087345
anisotropic,8,4,5,50,1,hgp_exclusive_point_routing,2,0.19766074212964285,0.07444267644236022,0.3208788078169255,0.19912632416615028,0.0744437495000069,0.32380889883229363,0.9554166666666667,0.9241666666666667,0.9866666666666667,2.5,2,3,53.5,16,91,0.19377542488372812,0.15532962310552875,0.23222122666192746
anisotropic,8,4,5,50,1,hgp_first_coverage,2,0.19698873358671237,0.07556681952903845,0.3184106476443863,0.19897386194835806,0.07556809657454781,0.3223796273221683,0.9504166666666667,0.9141666666666667,0.9866666666666667,2.5,2,3,59.5,16,103,0.19399405913209758,0.1557799608406804,0.23220815742351475
anisotropic,8,4,5,50,1,hgp_weighted_full_vote,2,0.19703352829402215,0.07444267644236022,0.31962438014568406,0.19844111318192442,0.0744437495000069,0.3224384768638419,0.9570833333333333,0.9275,0.9866666666666667,2.5,2,3,51.5,16,87,0.19375731037914445,0.15532962310552875,0.23218499765276018
anisotropic,8,4,5,50,2,hdbscan_common,2,0.0666799127168165,0.0664081349078098,0.06695169052582321,0.06963650305879637,0.06850838724802209,0.07076461886957067,0.8225,0.7891666666666667,0.8558333333333333,2,2,2,213,173,253,0.14379468241645546,0.14251862326614204,0.14507074156676888
anisotropic,8,4,5,50,2,hgp_exclusive_point_routing,2,0.4755451472114487,0.3208788078169255,0.6302114866059718,0.5130811438177605,0.32380889883229363,0.7023533888032274,0.875,0.8258333333333333,0.9241666666666667,6,3,9,150,91,209,0.5381129272897895,0.23222122666192746,0.8440046279176515
anisotropic,8,4,5,50,2,hgp_first_coverage,2,0.46704722526175557,0.3184106476443863,0.6156838028791248,0.5086747951637528,0.3223796273221683,0.6949699630053373,0.8641666666666667,0.8141666666666667,0.9141666666666667,6,3,9,163,103,223,0.5352982702915806,0.23220815742351475,0.8383883831596465
anisotropic,8,4,5,50,2,hgp_weighted_full_vote,2,0.19703352829402215,0.07444267644236022,0.31962438014568406,0.19844111318192442,0.0744437495000069,0.3224384768638419,0.9570833333333333,0.9275,0.9866666666666667,2.5,2,3,51.5,16,87,0.19375731037914445,0.15532962310552875,0.23218499765276018
spherical,2,8,5,20,1,hdbscan_common,3,1.0,1.0,1.0,1.0,1.0,1.0,1.0,1.0,1.0,2,2,2,0,0,0,1.0,1.0,1.0
spherical,2,8,5,20,1,hdbscan_standard,3,1.0,1.0,1.0,1.0,1.0,1.0,1.0,1.0,1.0,2,2,2,0,0,0,1.0,1.0,1.0
spherical,2,8,5,20,1,hgp_exclusive_point_routing,3,1.0,1.0,1.0,1.0,1.0,1.0,1.0,1.0,1.0,2,2,2,0,0,0,1.0,1.0,1.0
spherical,2,8,5,20,1,hgp_first_coverage,3,1.0,1.0,1.0,1.0,1.0,1.0,1.0,1.0,1.0,2,2,2,0,0,0,1.0,1.0,1.0
spherical,2,8,5,20,1,hgp_weighted_full_vote,3,1.0,1.0,1.0,1.0,1.0,1.0,1.0,1.0,1.0,2,2,2,0,0,0,1.0,1.0,1.0
spherical,2,8,5,20,2,hdbscan_common,3,1.0,1.0,1.0,1.0,1.0,1.0,1.0,1.0,1.0,2,2,2,0,0,0,1.0,1.0,1.0
spherical,2,8,5,20,2,hgp_exclusive_point_routing,3,1.0,1.0,1.0,1.0,1.0,1.0,1.0,1.0,1.0,2,2,2,0,0,0,1.0,1.0,1.0
spherical,2,8,5,20,2,hgp_first_coverage,3,1.0,1.0,1.0,1.0,1.0,1.0,1.0,1.0,1.0,2,2,2,0,0,0,1.0,1.0,1.0
spherical,2,8,5,20,2,hgp_weighted_full_vote,3,1.0,1.0,1.0,1.0,1.0,1.0,1.0,1.0,1.0,2,2,2,0,0,0,1.0,1.0,1.0
spherical,2,8,5,50,1,hdbscan_common,3,1.0,1.0,1.0,1.0,1.0,1.0,1.0,1.0,1.0,2,2,2,0,0,0,1.0,1.0,1.0
spherical,2,8,5,50,1,hdbscan_standard,3,1.0,1.0,1.0,1.0,1.0,1.0,1.0,1.0,1.0,2,2,2,0,0,0,1.0,1.0,1.0
spherical,2,8,5,50,1,hgp_exclusive_point_routing,3,1.0,1.0,1.0,1.0,1.0,1.0,1.0,1.0,1.0,2,2,2,0,0,0,1.0,1.0,1.0
spherical,2,8,5,50,1,hgp_first_coverage,3,1.0,1.0,1.0,1.0,1.0,1.0,1.0,1.0,1.0,2,2,2,0,0,0,1.0,1.0,1.0
spherical,2,8,5,50,1,hgp_weighted_full_vote,3,1.0,1.0,1.0,1.0,1.0,1.0,1.0,1.0,1.0,2,2,2,0,0,0,1.0,1.0,1.0
spherical,2,8,5,50,2,hdbscan_common,3,1.0,1.0,1.0,1.0,1.0,1.0,1.0,1.0,1.0,2,2,2,0,0,0,1.0,1.0,1.0
spherical,2,8,5,50,2,hgp_exclusive_point_routing,3,1.0,1.0,1.0,1.0,1.0,1.0,1.0,1.0,1.0,2,2,2,0,0,0,1.0,1.0,1.0
spherical,2,8,5,50,2,hgp_first_coverage,3,1.0,1.0,1.0,1.0,1.0,1.0,1.0,1.0,1.0,2,2,2,0,0,0,1.0,1.0,1.0
spherical,2,8,5,50,2,hgp_weighted_full_vote,3,1.0,1.0,1.0,1.0,1.0,1.0,1.0,1.0,1.0,2,2,2,0,0,0,1.0,1.0,1.0
spherical,8,4,5,20,1,hdbscan_common,3,0.22390753302740501,0.15261916974303702,0.36142724946597676,0.28731939737875856,0.16023802568224027,0.5401283910423742,0.7852777777777777,0.6516666666666666,0.8883333333333333,4.666666666666667,3,8,257.6666666666667,134,418,0.4286493077141336,0.2625156940768177,0.7568586961963446
spherical,8,4,5,20,1,hdbscan_standard,3,0.22431856204650197,0.15186418949044309,0.36336940239153587,0.28694614196562146,0.16018589338809652,0.5399565239896228,0.7869444444444444,0.655,0.8891666666666667,4.666666666666667,3,8,255.66666666666666,133,414,0.42856107166402413,0.26247354706288534,0.7564135432421841
spherical,8,4,5,20,1,hgp_exclusive_point_routing,3,0.5061320817893589,0.1721586010896236,0.7183132464612648,0.5329427647834055,0.17218065370990393,0.7636294427890521,0.9058333333333334,0.8625,0.99,6,3,8,113,12,165,0.638371328683917,0.28254683027160465,0.8845504856113569
spherical,8,4,5,20,1,hgp_first_coverage,3,0.49477846330612996,0.1721646425914062,0.6978289941807718,0.5273698773395676,0.17219807353144953,0.7526115326998372,0.8958333333333334,0.8483333333333334,0.9891666666666666,6,3,8,125,13,182,0.6348381512012988,0.28120742239231444,0.8783690281541559
spherical,8,4,5,20,1,hgp_weighted_full_vote,3,0.17292122729064277,0.1721586010896236,0.17351380649007123,0.1732040462793536,0.17218065370990393,0.17404092055065673,0.9688888888888889,0.9525,0.99,3,3,3,37.333333333333336,12,57,0.2812938792184427,0.28030162405162407,0.28254683027160465
spherical,8,4,5,20,2,hdbscan_common,3,0.22390753302740501,0.15261916974303702,0.36142724946597676,0.28731939737875856,0.16023802568224027,0.5401283910423742,0.7852777777777777,0.6516666666666666,0.8883333333333333,4.666666666666667,3,8,257.6666666666667,134,418,0.4286493077141336,0.2625156940768177,0.7568586961963446
spherical,8,4,5,20,2,hgp_exclusive_point_routing,3,0.5064488533897745,0.1721586010896236,0.7183132464612648,0.5330691707351192,0.17218065370990393,0.7636294427890521,0.9061111111111111,0.8625,0.99,6,3,8,112.66666666666667,12,165,0.6385080025141775,0.28254683027160465,0.8845504856113569
spherical,8,4,5,20,2,hgp_first_coverage,3,0.49477846330612996,0.1721646425914062,0.6978289941807718,0.5273698773395676,0.17219807353144953,0.7526115326998372,0.8958333333333334,0.8483333333333334,0.9891666666666666,6,3,8,125,13,182,0.6348381512012988,0.28120742239231444,0.8783690281541559
spherical,8,4,5,20,2,hgp_weighted_full_vote,3,0.5133612156181703,0.1721586010896236,0.7321710548691314,0.5373722816954342,0.17218065370990393,0.7720308708108724,0.9102777777777777,0.87,0.99,6,3,8,107.66666666666667,12,156,0.6406289046951474,0.28254683027160465,0.8886031879208336
spherical,8,4,5,50,1,hdbscan_common,3,0.22495867214408408,0.15261916974303702,0.3645806668160139,0.2811725768738829,0.16023802568224027,0.5216879295277473,0.7916666666666666,0.6708333333333333,0.8883333333333333,4.333333333333333,3,7,250,134,395,0.39770511738315084,0.2625156940768177,0.6640261252033962
spherical,8,4,5,50,1,hdbscan_standard,3,0.2252521109803703,0.15186418949044309,0.36617004919314083,0.2810492592658929,0.16018589338809652,0.5222658758904372,0.7927777777777778,0.6725,0.8891666666666667,4.333333333333333,3,7,248.66666666666666,133,393,0.39785234406850406,0.26247354706288534,0.664287360455624
spherical,8,4,5,50,1,hgp_exclusive_point_routing,3,0.5061320817893589,0.1721586010896236,0.7183132464612648,0.5329427647834055,0.17218065370990393,0.7636294427890521,0.9058333333333334,0.8625,0.99,6,3,8,113,12,165,0.638371328683917,0.28254683027160465,0.8845504856113569
spherical,8,4,5,50,1,hgp_first_coverage,3,0.49477846330612996,0.1721646425914062,0.6978289941807718,0.5273698773395676,0.17219807353144953,0.7526115326998372,0.8958333333333334,0.8483333333333334,0.9891666666666666,6,3,8,125,13,182,0.6348381512012988,0.28120742239231444,0.8783690281541559
spherical,8,4,5,50,1,hgp_weighted_full_vote,3,0.17292122729064277,0.1721586010896236,0.17351380649007123,0.1732040462793536,0.17218065370990393,0.17404092055065673,0.9688888888888889,0.9525,0.99,3,3,3,37.333333333333336,12,57,0.2812938792184427,0.28030162405162407,0.28254683027160465
spherical,8,4,5,50,2,hdbscan_common,3,0.22390753302740501,0.15261916974303702,0.36142724946597676,0.28731939737875856,0.16023802568224027,0.5401283910423742,0.7852777777777777,0.6516666666666666,0.8883333333333333,4.666666666666667,3,8,257.6666666666667,134,418,0.4286493077141336,0.2625156940768177,0.7568586961963446
spherical,8,4,5,50,2,hgp_exclusive_point_routing,3,0.5064488533897745,0.1721586010896236,0.7183132464612648,0.5330691707351192,0.17218065370990393,0.7636294427890521,0.9061111111111111,0.8625,0.99,6,3,8,112.66666666666667,12,165,0.6385080025141775,0.28254683027160465,0.8845504856113569
spherical,8,4,5,50,2,hgp_first_coverage,3,0.49477846330612996,0.1721646425914062,0.6978289941807718,0.5273698773395676,0.17219807353144953,0.7526115326998372,0.8958333333333334,0.8483333333333334,0.9891666666666666,6,3,8,125,13,182,0.6348381512012988,0.28120742239231444,0.8783690281541559
spherical,8,4,5,50,2,hgp_weighted_full_vote,3,0.17243670375655704,0.1716377036899763,0.17351380649007123,0.1727185356022598,0.17193403254621872,0.17404092055065673,0.9688888888888889,0.9525,0.99,3,3,3,37.333333333333336,12,57,0.28113987204941976,0.28030162405162407,0.28254683027160465
spherical,16,2,5,20,1,hdbscan_common,3,0.019687074166180284,0.012366884424546316,0.023359704856133843,0.018367325669589298,0.010866019678743436,0.02375254161419838,0.6847222222222222,0.59,0.8341666666666666,2.3333333333333335,2,3,378.3333333333333,199,492,0.05394124340274583,0.04036051619647324,0.0730449535978266
spherical,16,2,5,20,1,hdbscan_standard,3,0.019609850851448275,0.012404892721071382,0.023359704856133843,0.01830454933097832,0.011010108575220398,0.02375254161419838,0.6852777777777778,0.5908333333333333,0.835,2.3333333333333335,2,3,377.6666666666667,198,491,0.054192754436865866,0.040347236031020084,0.0730449535978266
spherical,16,2,5,20,1,hgp_exclusive_point_routing,3,0.020003087485773844,0.009735647501308195,0.038849513431904695,0.01992917552257554,0.009514208643880499,0.03972303492111062,0.8633333333333334,0.7708333333333334,0.925,2.6666666666666665,2,4,164,90,275,0.0798579610065838,0.05301535087719298,0.1298878080616186
spherical,16,2,5,20,1,hgp_first_coverage,3,0.020053599284711086,0.009573603694993858,0.03890334165846114,0.01989932494719654,0.009293552080932648,0.039949938291312055,0.8480555555555556,0.7466666666666667,0.9158333333333334,2.6666666666666665,2,4,182.33333333333334,101,304,0.07773603767001361,0.05101684485518408,0.12604595198403248
spherical,16,2,5,20,1,hgp_weighted_full_vote,3,0.02257325192548021,0.009624892350085403,0.03239116296124492,0.01697855112949473,0.00944740303216768,0.023937426960702276,0.8161111111111111,0.7375,0.8966666666666666,2,2,2,220.66666666666666,124,315,0.05019395135720432,0.04427181965549108,0.05664758553100499
spherical,16,2,5,20,2,hdbscan_common,3,0.019687074166180284,0.012366884424546316,0.023359704856133843,0.018367325669589298,0.010866019678743436,0.02375254161419838,0.6847222222222222,0.59,0.8341666666666666,2.3333333333333335,2,3,378.3333333333333,199,492,0.05394124340274583,0.04036051619647324,0.0730449535978266
spherical,16,2,5,20,2,hgp_exclusive_point_routing,3,0.04070295316308366,0.011424101524108646,0.06555437778634567,0.10412859905788016,0.010550283002735491,0.1667927805411958,0.6583333333333333,0.51,0.925,9.666666666666666,2,17,410,90,588,0.20047329001472117,0.05301535087719298,0.30058120440522623
spherical,16,2,5,20,2,hgp_first_coverage,3,0.03568821445689397,0.011683852500678256,0.06011180667596545,0.09883625165958324,0.01045448446934492,0.15904631193948957,0.6305555555555555,0.4583333333333333,0.9158333333333334,9,2,15,443.3333333333333,101,650,0.19624515145407315,0.05101684485518408,0.297133422819231
spherical,16,2,5,20,2,hgp_weighted_full_vote,3,0.02238396352818277,0.009624892350085403,0.03239116296124492,0.01921566028757043,0.00944740303216768,0.024262150869841334,0.8311111111111111,0.7375,0.8966666666666666,2.3333333333333335,2,3,202.66666666666666,124,315,0.06603405258141652,0.04427181965549108,0.09718275255775348
spherical,16,2,5,50,1,hdbscan_common,3,0.007013268977939597,0.0,0.013367539368851688,0.024795632097038764,0.0,0.04039598504466312,0.15361111111111111,0.0,0.2916666666666667,1.3333333333333333,0,2,1015.6666666666666,850,1200,0.02403125177471108,0.0,0.03861693660022149
spherical,16,2,5,50,1,hdbscan_standard,3,0.007075997953821673,0.0,0.013427871636676438,0.024816728956813517,0.0,0.040283619385822374,0.15416666666666667,0.0,0.2925,1.3333333333333333,0,2,1015,849,1200,0.023934059779096625,0.0,0.0384529532967033
spherical,16,2,5,50,1,hgp_exclusive_point_routing,3,0.024467757365781002,0.014999499055371901,0.03302449721591327,0.03729472671857463,0.024194595777573533,0.06328926741329,0.5975,0.21416666666666667,0.8483333333333334,2.6666666666666665,2,3,483,182,943,0.07129098336184445,0.0431177590490121,0.09719756576302174
spherical,16,2,5,50,1,hgp_first_coverage,3,0.024170614921078217,0.014111145783130878,0.03429010034963584,0.0365393128408273,0.022985228614403788,0.060679367286869165,0.5858333333333333,0.20916666666666667,0.8408333333333333,2.6666666666666665,2,3,497,191,949,0.06977409497019003,0.04286517962889854,0.094402016824849
spherical,16,2,5,50,1,hgp_weighted_full_vote,3,0.01818363362518278,0.0,0.05455090087554835,0.022446688653149287,0.0,0.06734006595944786,0.17472222222222222,0.0,0.5241666666666667,0.6666666666666666,0,2,990.3333333333334,571,1200,0.012758798398661569,0.0,0.038276395195984705
spherical,16,2,5,50,2,hdbscan_common,3,0.007013268977939597,0.0,0.013367539368851688,0.024795632097038764,0.0,0.04039598504466312,0.15361111111111111,0.0,0.2916666666666667,1.3333333333333333,0,2,1015.6666666666666,850,1200,0.02403125177471108,0.0,0.03861693660022149
spherical,16,2,5,50,2,hgp_exclusive_point_routing,3,0.02452062370261521,0.014999499055371901,0.03302449721591327,0.03735577556094353,0.024194595777573533,0.06328926741329,0.5977777777777777,0.21416666666666667,0.8491666666666666,2.6666666666666665,2,3,482.6666666666667,181,943,0.07150962776653536,0.0431177590490121,0.09785349897709449
spherical,16,2,5,50,2,hgp_first_coverage,3,0.024170614921078217,0.014111145783130878,0.03429010034963584,0.0365393128408273,0.022985228614403788,0.060679367286869165,0.5858333333333333,0.20916666666666667,0.8408333333333333,2.6666666666666665,2,3,497,191,949,0.06977409497019003,0.04286517962889854,0.094402016824849
spherical,16,2,5,50,2,hgp_weighted_full_vote,3,0.018298513575031077,0.0,0.05489554072509323,0.022680444181009646,0.0,0.06804133254302894,0.17472222222222222,0.0,0.5241666666666667,0.6666666666666666,0,2,990.3333333333334,571,1200,0.012735985012249604,0.0,0.038207955036748814
unbalanced,8,4,5,20,1,hdbscan_common,2,0.26863348139721954,0.2422399382693845,0.29502702452505464,0.27615759823504726,0.2440527018980021,0.30826249457209237,0.8970833333333333,0.8575,0.9366666666666666,3.5,3,4,123.5,76,171,0.3230742429530348,0.2836120695608011,0.3625364163452684
unbalanced,8,4,5,20,1,hdbscan_standard,2,0.2685461221462595,0.2422399382693845,0.29485230602313445,0.27597336619106827,0.2440527018980021,0.3078940304841345,0.8975,0.8583333333333333,0.9366666666666666,3.5,3,4,123,76,170,0.32294531486358036,0.2836120695608011,0.3622785601663596
unbalanced,8,4,5,20,1,hgp_exclusive_point_routing,2,0.5406003815048919,0.39001236464768724,0.6911883983620964,0.571112431450691,0.394859602711344,0.7473652601900379,0.865,0.8133333333333334,0.9166666666666666,7,6,8,162,100,224,0.6952162541566456,0.5466048091814294,0.8438276991318617
unbalanced,8,4,5,20,1,hgp_first_coverage,2,0.535887255061827,0.3938729133650661,0.6779015967585879,0.5679602888558829,0.39873768597200226,0.7371828917397636,0.8604166666666667,0.805,0.9158333333333334,7,6,8,167.5,101,234,0.6965647818649858,0.5516402928694351,0.8414892708605365
unbalanced,8,4,5,20,1,hgp_weighted_full_vote,2,0.3114853166557686,0.30472038613280494,0.3182502471787323,0.3116722380872997,0.304814833536696,0.31852964263790345,0.9741666666666666,0.9675,0.9808333333333333,4,4,4,31,23,39,0.4033555061890178,0.39712844309286227,0.4095825692851733
unbalanced,8,4,5,20,2,hdbscan_common,2,0.3473178095158832,0.29502702452505464,0.39960859450671177,0.40875945437858197,0.30826249457209237,0.5092564141850716,0.7591666666666668,0.6608333333333334,0.8575,5.5,4,7,289,171,407,0.481277048515555,0.3625364163452684,0.6000176806858415
unbalanced,8,4,5,20,2,hgp_exclusive_point_routing,2,0.5411840652736558,0.3901758969701327,0.692192233577179,0.5713386927387698,0.39502526830451434,0.7476521171730254,0.8658333333333332,0.815,0.9166666666666666,7,6,8,161,100,222,0.6966314036109305,0.5493388502187619,0.8439239570030989
unbalanced,8,4,5,20,2,hgp_first_coverage,2,0.535887255061827,0.3938729133650661,0.6779015967585879,0.5679602888558829,0.39873768597200226,0.7371828917397636,0.8604166666666667,0.805,0.9158333333333334,7,6,8,167.5,101,234,0.6965647818649858,0.5516402928694351,0.8414892708605365
unbalanced,8,4,5,20,2,hgp_weighted_full_vote,2,0.3109897044790664,0.30472038613280494,0.3172590228253278,0.3111757479121613,0.304814833536696,0.31753666228762667,0.9741666666666666,0.9675,0.9808333333333333,4,4,4,31,23,39,0.40371525518204066,0.3978479410789081,0.4095825692851733
unbalanced,8,4,5,50,1,hdbscan_common,2,0.23668038051641008,0.232054495660365,0.24130626537245514,0.23826693701087764,0.23642548922296844,0.24010838479878682,0.88,0.8608333333333333,0.8991666666666667,2,2,2,144,121,167,0.17408158059564394,0.17169394877334387,0.17646921241794397
unbalanced,8,4,5,50,1,hdbscan_standard,2,0.23662576380716635,0.23194526224187756,0.24130626537245514,0.23812116248505638,0.2361339401713259,0.24010838479878682,0.8804166666666666,0.8616666666666667,0.8991666666666667,2,2,2,143.5,121,166,0.17395265250618952,0.17143609259443504,0.17646921241794397
unbalanced,8,4,5,50,1,hgp_exclusive_point_routing,2,0.31071476271096177,0.30340236005535076,0.31802716536657283,0.31100402115783676,0.3035324651793886,0.318475577136285,0.9720833333333333,0.965,0.9791666666666666,4,4,4,33.5,25,42,0.4029406254482899,0.39812720325266393,0.4077540476439159
unbalanced,8,4,5,50,1,hgp_first_coverage,2,0.31205475608836497,0.3059431908414441,0.3181663213352859,0.3122961261263708,0.3060517515309924,0.3185405007217493,0.9720833333333334,0.9658333333333333,0.9783333333333334,4,4,4,33.5,26,41,0.40405223920534417,0.39819996751407655,0.4099045108966118
unbalanced,8,4,5,50,1,hgp_weighted_full_vote,2,0.23861060711620555,0.23608506152813727,0.24113615270427383,0.2334003458100532,0.23083345737949718,0.2359672342406092,0.93875,0.9333333333333333,0.9441666666666667,2,2,2,73.5,67,80,0.17737528180808057,0.17721883793734716,0.17753172567881398
unbalanced,8,4,5,50,2,hdbscan_common,2,0.23668038051641008,0.232054495660365,0.24130626537245514,0.23826693701087764,0.23642548922296844,0.24010838479878682,0.88,0.8608333333333333,0.8991666666666667,2,2,2,144,121,167,0.17408158059564394,0.17169394877334387,0.17646921241794397
unbalanced,8,4,5,50,2,hgp_exclusive_point_routing,2,0.31021924874089574,0.30340236005535076,0.3170361374264407,0.310507401444764,0.3035324651793886,0.31748233771013945,0.9720833333333333,0.965,0.9791666666666666,4,4,4,33.5,25,42,0.4033003744413128,0.3988467012387097,0.4077540476439159
unbalanced,8,4,5,50,2,hgp_first_coverage,2,0.31205475608836497,0.3059431908414441,0.3181663213352859,0.3122961261263708,0.3060517515309924,0.3185405007217493,0.9720833333333334,0.9658333333333333,0.9783333333333334,4,4,4,33.5,26,41,0.40405223920534417,0.39819996751407655,0.4099045108966118
unbalanced,8,4,5,50,2,hgp_weighted_full_vote,2,0.23861060711620555,0.23608506152813727,0.24113615270427383,0.2334003458100532,0.23083345737949718,0.2359672342406092,0.93875,0.9333333333333333,0.9441666666666667,2,2,2,73.5,67,80,0.17737528180808057,0.17721883793734716,0.17753172567881398
