test	label	kmax	sampled_sites	found	missing	cross_fail	extra	top_keys	top_population	extended	crl_unique	mutant_killed	dup_keys	extra_extended	all_sites
mhgp9_q2_judge_mutant_level	uniform_2000	5	50	0	1712	0	1712	0	6539	0	-	0	0	0	0
mhgp9_q3_judge_uniform_2000_k5	uniform_2000	5	20	2491	0	0	0	961	29083	0	961	1	0	0	0
mhgp9_q3_judge_fixture_cospheric	fixture_cospheric	5	417	38700	0	0	0	4782	4782	3	4782	1	0	0	1
mhgp9_q3_judge_mutant_shell_trim	fixture_cospheric	5	417	38697	3	0	3	4782	4782	3	4782	1	0	0	1
mhgp9_q2_judge_mutant_shell_dup	uniform_2000	5	50	0	1712	0	1798	0	6539	0	-	0	0	0	0
mhgp9_q3_judge_uniform_2000_u18_k5	uniform_2000_u18	5	20	2491	0	0	0	961	29083	0	961	1	0	0	0
mhgp9_q2_judge_uniform_2000_u18_k5	uniform_2000_u18	5	50	1712	0	0	0	311	6539	0	-	1	0	0	0
mhgp9_q2_judge_mutant_key	uniform_2000	5	50	0	1712	0	1712	0	6539	0	-	0	0	0	0
mhgp9_q2_judge_uniform_2000_k5	uniform_2000	5	50	1712	0	0	0	311	6539	0	-	1	0	0	0
mhgp9_q2_judge_fixture_cospheric	fixture_cospheric	5	417	12044	0	0	0	1038	1038	34	-	1	0	0	1
mhgp9_q3_judge_mutant_shell_dup	fixture_eq	5	34	0	369	0	369	0	52	0	0	0	0	0	1
mhgp9_q3_judge_mutant_level	fixture_eq	5	34	0	369	0	369	0	52	0	0	0	0	0	1
mhgp9_q3_judge_mutant_overprune	fixture_eq	5	34	369	0	0	0	52	52	0	0	1	0	0	1
mhgp9_q3_judge_fixture_eq	fixture_eq	5	34	369	0	0	0	52	52	0	0	1	0	0	1
mhgp9_q3_judge_mutant_drop_crl	fixture_crl	5	1	1	0	0	0	1	50	0	1	1	0	0	0
mhgp9_q3_judge_mutant_key	fixture_eq	5	34	0	369	0	369	0	52	0	0	0	0	0	1
mhgp9_q3_judge_fixture_crl	fixture_crl	5	1	1	0	0	0	1	50	0	1	1	0	0	0
mhgp9_q3_judge_mutant_drop_long	fixture_crl	5	1	1	0	0	0	1	50	0	1	1	0	0	0
mhgp9_q2_judge_mutant_shell_trim	fixture_cospheric	5	417	12010	34	0	2	1038	1038	34	-	1	0	7	1
mhgp9_q2_judge_mutant_ext_dup	fixture_cospheric	5	417	12044	0	0	0	1038	1038	34	-	1	1	1	1
mhgp9_q2_judge_mutant_ext_phantom	fixture_cospheric	5	417	12044	0	0	0	1038	1038	34	-	1	0	1	1
mhgp9_q3_judge_mutant_ext_dup	fixture_cospheric	5	417	38700	0	0	0	4782	4782	3	4782	1	1	1	1
mhgp9_q3_judge_mutant_ext_phantom	fixture_cospheric	5	417	38700	0	0	0	4782	4782	3	4782	1	0	1	1
mhgp9_q3_judge_clusters_8000_k10	clusters_8000	10	20	9359	0	0	0	1758	221263	0	13	1	0	0	0
mhgp9_q3_judge_terrain_8000_k10_compare	terrain_8000	10	10	1364	0	0	0	263	68617	0	262	1	0	0	0
mhgp9_q3_judge_lidar_s00_8000_k10	lidar_s00_8000.u32le	10	20	4953	0	0	0	954	152067	0	9	1	0	0	0
mhgp9_q2_judge_clusters_8000_k10	clusters_8000	10	50	3021	0	0	0	270	22691	1	-	1	0	0	0
mhgp9_q3_judge_lidar_s01_8000_k10	lidar_s01_8000.u32le	10	20	4557	0	0	0	799	95032	0	29	1	0	0	0
mhgp9_q3_judge_uniform_8000_k10	uniform_8000	10	20	9409	0	0	0	1868	277105	0	1868	1	0	0	0
mhgp9_q2_judge_uniform_8000_k10	uniform_8000	10	50	3460	0	0	0	312	26860	0	-	1	0	0	0
mhgp9_q2_judge_lidar_s00_8000_k10	lidar_s00_8000.u32le	10	50	2612	0	0	0	252	19695	3	-	1	0	0	0
mhgp9_q3_judge_lidar_s02_8000_k10	lidar_s02_8000.u32le	10	20	4271	0	0	0	793	104131	0	0	1	0	0	0
mhgp9_q3_judge_lidar_s01_8000_k5	lidar_s01_8000.u32le	5	20	1158	0	0	0	444	51946	0	5	1	0	0	0
mhgp9_q2_judge_lidar_s01_8000_k10	lidar_s01_8000.u32le	10	50	1947	0	0	0	183	14816	0	-	1	0	0	0
mhgp9_q3_judge_uniform_8000_k5	uniform_8000	5	20	2108	0	0	0	842	129793	0	842	1	0	0	0
mhgp9_q2_judge_uniform_8000_k5	uniform_8000	5	50	1804	0	0	0	360	27943	0	-	1	0	0	0
mhgp9_q3_judge_lidar_s02_8000_k5	lidar_s02_8000.u32le	5	20	1043	0	0	0	402	56747	0	0	1	0	0	0
mhgp9_q3_judge_lidar_s00_8000_k5	lidar_s00_8000.u32le	5	20	1273	0	0	0	484	71785	0	1	1	0	0	0
mhgp9_q2_judge_lidar_s02_8000_k10	lidar_s02_8000.u32le	10	50	2178	0	0	0	179	14958	4	-	1	0	0	0
mhgp9_q3_judge_clusters_8000_k5	clusters_8000	5	20	2249	0	0	0	842	109466	0	2	1	0	0	0
mhgp9_q3_judge_terrain_8000_u18_k10	terrain_8000_u18	10	20	2661	0	0	0	507	68617	0	507	1	0	0	0
mhgp9_q2_judge_lidar_s01_8000_k5	lidar_s01_8000.u32le	5	50	1077	0	0	0	195	17255	0	-	1	0	0	0
mhgp9_q2_judge_clusters_8000_k5	clusters_8000	5	50	1587	0	0	0	308	24344	1	-	1	0	0	0
mhgp9_q3_judge_terrain_8000_k10	terrain_8000	10	20	2661	0	0	0	507	68617	0	497	1	0	0	0
mhgp9_q2_judge_lidar_s02_8000_k5	lidar_s02_8000.u32le	5	50	1185	0	0	0	229	18253	2	-	1	0	0	0
mhgp9_q2_judge_lidar_s00_8000_k5	lidar_s00_8000.u32le	5	50	1278	0	0	0	231	20145	0	-	1	0	0	0
mhgp9_q2_judge_terrain_8000_k10	terrain_8000	10	50	1960	0	0	0	200	15221	0	-	1	0	0	0
mhgp9_q3_judge_terrain_8000_k5	terrain_8000	5	20	626	0	0	0	243	31478	0	156	1	0	0	0
mhgp9_q2_judge_terrain_8000_k5	terrain_8000	5	50	1011	0	0	0	196	15668	0	-	1	0	0	0
mhgp9_q2_judge_terrain_8000_u18_k10	terrain_8000_u18	10	50	1960	0	0	0	200	15221	0	-	1	0	0	0
