regime,communities,separation,k,min_cluster_size,exp_z,method,repetitions,ari_all_defined,ari_all_mean,ari_all_sd,ari_true_inliers_defined,ari_true_inliers_mean,ari_true_inliers_sd,ari_inliers_noise_singletons_defined,ari_inliers_noise_singletons_mean,ari_inliers_noise_singletons_sd,ari_classified_defined,ari_classified_mean,ari_classified_sd,nmi_all_defined,nmi_all_mean,nmi_all_sd,coverage_defined,coverage_mean,coverage_sd,clusters_defined,clusters_mean,clusters_sd,noise_count_defined,noise_count_mean,noise_count_sd,truth_classes_defined,truth_classes_mean,truth_classes_sd,predicted_clusters_defined,predicted_clusters_mean,predicted_clusters_sd,cluster_count_error_defined,cluster_count_error_mean,cluster_count_error_sd,cluster_count_absolute_error_defined,cluster_count_absolute_error_mean,cluster_count_absolute_error_sd,exact_classes_defined,exact_classes_mean,exact_classes_sd,exact_class_fraction_defined,exact_class_fraction_mean,exact_class_fraction_sd,matched_correct_points_defined,matched_correct_points_mean,matched_correct_points_sd,matched_macro_precision_defined,matched_macro_precision_mean,matched_macro_precision_sd,matched_macro_recall_defined,matched_macro_recall_mean,matched_macro_recall_sd,matched_macro_f1_defined,matched_macro_f1_mean,matched_macro_f1_sd,matched_micro_precision_defined,matched_micro_precision_mean,matched_micro_precision_sd,matched_micro_recall_defined,matched_micro_recall_mean,matched_micro_recall_sd,matched_micro_f1_defined,matched_micro_f1_mean,matched_micro_f1_sd,eligible_classes_defined,eligible_classes_mean,eligible_classes_sd,classes_below_min_cluster_size_defined,classes_below_min_cluster_size_mean,classes_below_min_cluster_size_sd,near_threshold_nodes_defined,near_threshold_nodes_mean,near_threshold_nodes_sd,vote_ties_defined,vote_ties_mean,vote_ties_sd,naive_gabriel_components_defined,naive_gabriel_components_mean,naive_gabriel_components_sd,final_point_clusters_below_mass_threshold_defined,final_point_clusters_below_mass_threshold_mean,final_point_clusters_below_mass_threshold_sd
anisotropic,8,4,5,20,1,hdbscan_common,2,2,0.1856470411104481,0.1686292783143045,2,0.1856470411104481,0.1686292783143045,2,0.2858610851055322,0.30419233976942334,2,0.51466979813494,0.6173107965920897,2,0.4088300903772624,0.2870189729387,2,0.7025,0.12256517540566825,2,5,4.242640687119285,2,357,147.07821048680188,2,8,0.0,2,5,4.242640687119285,2,-3,4.242640687119285,2,3,4.242640687119285,2,0,0.0,2,0.0,0.0,2,484,336.5828278447966,2,0.5589432120205926,0.5911157939534066,2,0.4033333333333333,0.28048568987066386,2,0.44102237574706377,0.4221480551777809,2,0.6183818139470416,0.5071569613733214,2,0.4033333333333333,0.28048568987066386,2,0.4869353665944997,0.36455371416106075,2,8,0.0,2,0,0.0,0,,,0,,,0,,,0,,
anisotropic,8,4,5,20,1,hdbscan_standard,2,2,0.0660472541225369,0.00034646216633296527,2,0.0660472541225369,0.00034646216633296527,2,0.06894484398241027,0.0015700198057234849,2,0.0745938062606393,0.0038564574742555283,2,0.2130879245736304,0.01459530539131369,2,0.8233333333333334,0.04714045207910316,2,2,0.0,2,212,56.568542494923804,2,8,0.0,2,2,0.0,2,-6,0.0,2,6,0.0,2,0,0.0,2,0.0,0.0,2,253.5,10.606601717798213,2,0.14255794464332505,0.002290685924716265,2,0.21125,0.008838834764831832,2,0.14376259933829616,0.0018058808182188732,2,0.2566923607348668,0.003961650808253455,2,0.21125,0.008838834764831853,2,0.23167056156785654,0.003705638678575071,2,8,0.0,2,0,0.0,0,,,0,,,0,,,0,,
anisotropic,8,4,5,20,1,hgp_first_coverage,2,2,0.19698873358671237,0.17171651762966283,2,0.19698873358671237,0.17171651762966283,2,0.19897386194835806,0.1745221070666745,2,0.2082616522551514,0.18716203385119623,2,0.41234593508498185,0.16684578864076585,2,0.9504166666666667,0.0512652416360247,2,2.5,0.7071067811865476,2,59.5,61.518289963229634,2,8,0.0,2,2.5,0.7071067811865476,2,-5.5,0.7071067811865476,2,5.5,0.7071067811865476,2,0,0.0,2,0.0,0.0,2,360.5,88.38834764831844,2,0.16982656968681953,0.03779926144041964,2,0.30041666666666667,0.07365695637359868,2,0.19399405913209758,0.05404289607758068,2,0.3186431360713494,0.09468717973515875,2,0.30041666666666667,0.07365695637359869,2,0.30915324336090555,0.08365531901934883,2,8,0.0,2,0,0.0,0,,,0,,,0,,,0,,
anisotropic,8,4,5,20,1,hgp_weighted_full_vote,2,2,0.19703352829402215,0.17336964531149116,2,0.19703352829402215,0.17336964531149116,2,0.19844111318192442,0.1753587534174768,2,0.20616298765962604,0.18579238278193025,2,0.41281747123895085,0.1733765808295621,2,0.9570833333333333,0.04183715122020409,2,2.5,0.7071067811865476,2,51.5,50.204581464244875,2,8,0.0,2,2.5,0.7071067811865476,2,-5.5,0.7071067811865476,2,5.5,0.7071067811865476,2,0,0.0,2,0.0,0.0,2,361,90.50966799187809,2,0.16969482582679352,0.037637629339622794,2,0.3008333333333333,0.07542472332656504,2,0.19375731037914445,0.05434495651297933,2,0.3163477240717807,0.09263541408451743,2,0.30083333333333334,0.07542472332656508,2,0.30832459225213776,0.08366985015665691,0,,,0,,,2,0,0.0,2,0,0.0,2,52.5,9.192388155425117,2,0,0.0
anisotropic,8,4,5,20,2,hdbscan_common,2,2,0.25232625642448087,0.07433062768880357,2,0.25232625642448087,0.07433062768880357,2,0.4233262328167787,0.10978726352255776,2,0.8120485180496512,0.19675377772755512,2,0.5512162708119779,0.08565450547342265,2,0.5970833333333334,0.026516504294495518,2,8,0.0,2,483.5,31.81980515339464,2,8,0.0,2,8,0.0,2,0,0.0,2,0,0.0,2,0,0.0,2,0.0,0.0,2,591.5,184.55486988968892,2,0.8073951942338377,0.23975163110895642,2,0.49291666666666667,0.1537957249080741,2,0.5943361964420834,0.2053295706516473,2,0.8206305350715392,0.2211340769864432,2,0.49291666666666667,0.1537957249080741,2,0.6157570961855059,0.1823722770451004,2,8,0.0,2,0,0.0,0,,,0,,,0,,,0,,
anisotropic,8,4,5,20,2,hgp_first_coverage,2,2,0.4755104940922135,0.14828226943447315,2,0.4755104940922135,0.14828226943447315,2,0.5324337493166562,0.18638043381890626,2,0.6802681787393436,0.27697314399878714,2,0.6545037643627918,0.09679672872162207,2,0.8029166666666667,0.0005892556509888032,2,10,0.0,2,236.5,0.7071067811865476,2,8,0.0,2,10,0.0,2,2,0.0,2,2,0.0,2,0,0.0,2,0.0,0.0,2,693,222.03152929257593,2,0.8118131463983358,0.2322915561494066,2,0.5775,0.18502627441047997,2,0.6385516429458935,0.2410335089719767,2,0.7191683578719682,0.2299148941047326,2,0.5775,0.18502627441047997,2,0.6405951035009054,0.20504279613749543,2,8,0.0,2,0,0.0,0,,,0,,,0,,,0,,
anisotropic,8,4,5,20,2,hgp_weighted_full_vote,2,2,0.19703352829402215,0.17336964531149116,2,0.19703352829402215,0.17336964531149116,2,0.19844111318192442,0.1753587534174768,2,0.20616298765962604,0.18579238278193025,2,0.41281747123895085,0.1733765808295621,2,0.9570833333333333,0.04183715122020409,2,2.5,0.7071067811865476,2,51.5,50.204581464244875,2,8,0.0,2,2.5,0.7071067811865476,2,-5.5,0.7071067811865476,2,5.5,0.7071067811865476,2,0,0.0,2,0.0,0.0,2,361,90.50966799187809,2,0.16969482582679352,0.037637629339622794,2,0.3008333333333333,0.07542472332656504,2,0.19375731037914445,0.05434495651297933,2,0.3163477240717807,0.09263541408451743,2,0.30083333333333334,0.07542472332656508,2,0.30832459225213776,0.08366985015665691,0,,,0,,,2,0,0.0,2,0,0.0,2,52.5,9.192388155425117,2,0,0.0
anisotropic,8,4,5,50,1,hdbscan_common,2,2,0.0666799127168165,0.0003843518634493335,2,0.0666799127168165,0.0003843518634493335,2,0.06963650305879637,0.0015953966795245167,2,0.07537853149883088,0.00394087051675132,2,0.21636264899162072,0.014828907015876735,2,0.8225,0.04714045207910316,2,2,0.0,2,213,56.568542494923804,2,8,0.0,2,2,0.0,2,-6,0.0,2,6,0.0,2,0,0.0,2,0.0,0.0,2,253.5,10.606601717798213,2,0.14258006033864656,0.002289377972392384,2,0.21125,0.008838834764831832,2,0.14379468241645546,0.0018046201567635328,2,0.2569529771152484,0.003980601506933042,2,0.21125,0.008838834764831853,2,0.23177650585010276,0.0037045927366666414,2,8,0.0,2,0,0.0,0,,,0,,,0,,,0,,
anisotropic,8,4,5,50,1,hdbscan_standard,2,2,0.0660472541225369,0.00034646216633296527,2,0.0660472541225369,0.00034646216633296527,2,0.06894484398241027,0.0015700198057234849,2,0.0745938062606393,0.0038564574742555283,2,0.2130879245736304,0.01459530539131369,2,0.8233333333333334,0.04714045207910316,2,2,0.0,2,212,56.568542494923804,2,8,0.0,2,2,0.0,2,-6,0.0,2,6,0.0,2,0,0.0,2,0.0,0.0,2,253.5,10.606601717798213,2,0.14255794464332505,0.002290685924716265,2,0.21125,0.008838834764831832,2,0.14376259933829616,0.0018058808182188732,2,0.2566923607348668,0.003961650808253455,2,0.21125,0.008838834764831853,2,0.23167056156785654,0.003705638678575071,2,8,0.0,2,0,0.0,0,,,0,,,0,,,0,,
anisotropic,8,4,5,50,1,hgp_first_coverage,2,2,0.19698873358671237,0.17171651762966283,2,0.19698873358671237,0.17171651762966283,2,0.19897386194835806,0.1745221070666745,2,0.2082616522551514,0.18716203385119623,2,0.41234593508498185,0.16684578864076585,2,0.9504166666666667,0.0512652416360247,2,2.5,0.7071067811865476,2,59.5,61.518289963229634,2,8,0.0,2,2.5,0.7071067811865476,2,-5.5,0.7071067811865476,2,5.5,0.7071067811865476,2,0,0.0,2,0.0,0.0,2,360.5,88.38834764831844,2,0.16982656968681953,0.03779926144041964,2,0.30041666666666667,0.07365695637359868,2,0.19399405913209758,0.05404289607758068,2,0.3186431360713494,0.09468717973515875,2,0.30041666666666667,0.07365695637359869,2,0.30915324336090555,0.08365531901934883,2,8,0.0,2,0,0.0,0,,,0,,,0,,,0,,
anisotropic,8,4,5,50,1,hgp_weighted_full_vote,2,2,0.19703352829402215,0.17336964531149116,2,0.19703352829402215,0.17336964531149116,2,0.19844111318192442,0.1753587534174768,2,0.20616298765962604,0.18579238278193025,2,0.41281747123895085,0.1733765808295621,2,0.9570833333333333,0.04183715122020409,2,2.5,0.7071067811865476,2,51.5,50.204581464244875,2,8,0.0,2,2.5,0.7071067811865476,2,-5.5,0.7071067811865476,2,5.5,0.7071067811865476,2,0,0.0,2,0.0,0.0,2,361,90.50966799187809,2,0.16969482582679352,0.037637629339622794,2,0.3008333333333333,0.07542472332656504,2,0.19375731037914445,0.05434495651297933,2,0.3163477240717807,0.09263541408451743,2,0.30083333333333334,0.07542472332656508,2,0.30832459225213776,0.08366985015665691,0,,,0,,,2,0,0.0,2,0,0.0,2,52.5,9.192388155425117,2,0,0.0
anisotropic,8,4,5,50,2,hdbscan_common,2,2,0.0666799127168165,0.0003843518634493335,2,0.0666799127168165,0.0003843518634493335,2,0.06963650305879637,0.0015953966795245167,2,0.07537853149883088,0.00394087051675132,2,0.21636264899162072,0.014828907015876735,2,0.8225,0.04714045207910316,2,2,0.0,2,213,56.568542494923804,2,8,0.0,2,2,0.0,2,-6,0.0,2,6,0.0,2,0,0.0,2,0.0,0.0,2,253.5,10.606601717798213,2,0.14258006033864656,0.002289377972392384,2,0.21125,0.008838834764831832,2,0.14379468241645546,0.0018046201567635328,2,0.2569529771152484,0.003980601506933042,2,0.21125,0.008838834764831853,2,0.23177650585010276,0.0037045927366666414,2,8,0.0,2,0,0.0,0,,,0,,,0,,,0,,
anisotropic,8,4,5,50,2,hgp_first_coverage,2,2,0.46704722526175557,0.21020386393120483,2,0.46704722526175557,0.21020386393120483,2,0.5086747951637528,0.26346115296614087,2,0.6191380669499442,0.3939049642694119,2,0.6336697387742206,0.1461533362125561,2,0.8641666666666667,0.07071067811865474,2,6,4.242640687119285,2,163,84.8528137423857,2,8,0.0,2,6,4.242640687119285,2,-2,4.242640687119285,2,3,2.8284271247461903,2,0,0.0,2,0.0,0.0,2,659.5,334.46150750123695,2,0.5841183999134298,0.5480978636464244,2,0.5495833333333333,0.27871792291769754,2,0.5352982702915806,0.42863414823921087,2,0.6513451126128857,0.37582446771821737,2,0.5495833333333333,0.27871792291769754,2,0.5957288060618702,0.3216237283970566,2,8,0.0,2,0,0.0,0,,,0,,,0,,,0,,
anisotropic,8,4,5,50,2,hgp_weighted_full_vote,2,2,0.19703352829402215,0.17336964531149116,2,0.19703352829402215,0.17336964531149116,2,0.19844111318192442,0.1753587534174768,2,0.20616298765962604,0.18579238278193025,2,0.41281747123895085,0.1733765808295621,2,0.9570833333333333,0.04183715122020409,2,2.5,0.7071067811865476,2,51.5,50.204581464244875,2,8,0.0,2,2.5,0.7071067811865476,2,-5.5,0.7071067811865476,2,5.5,0.7071067811865476,2,0,0.0,2,0.0,0.0,2,361,90.50966799187809,2,0.16969482582679352,0.037637629339622794,2,0.3008333333333333,0.07542472332656504,2,0.19375731037914445,0.05434495651297933,2,0.3163477240717807,0.09263541408451743,2,0.30083333333333334,0.07542472332656508,2,0.30832459225213776,0.08366985015665691,0,,,0,,,2,0,0.0,2,0,0.0,2,52.5,9.192388155425117,2,0,0.0
anisotropic,8,4,10,20,1,hdbscan_common,2,2,0.13484514301157263,0.09969359965897004,2,0.13484514301157263,0.09969359965897004,2,0.1633264413834942,0.13824690171120435,2,0.20736059535822643,0.1952812567244024,2,0.30829418829333294,0.12258541937286932,2,0.7704166666666667,0.11490485194281395,2,2.5,0.7071067811865476,2,275.5,137.88582233137677,2,8,0.0,2,2.5,0.7071067811865476,2,-5.5,0.7071067811865476,2,5.5,0.7071067811865476,2,0,0.0,2,0.0,0.0,2,290,50.91168824543142,2,0.17241461637452932,0.04012814193010226,2,0.24166666666666667,0.04242640687119285,2,0.17676540656008333,0.0495998575558825,2,0.3213640891913573,0.1029997187142841,2,0.24166666666666667,0.04242640687119285,2,0.2751402421939283,0.06578550955153062,2,8,0.0,2,0,0.0,0,,,0,,,0,,,0,,
anisotropic,8,4,10,20,1,hdbscan_standard,2,2,0.13498244088918385,0.09925926984536945,2,0.13498244088918385,0.09925926984536945,2,0.1630984888204011,0.1372308837933025,2,0.20666053450073585,0.1935215247063868,2,0.30716131405386604,0.11961935010065705,2,0.7716666666666667,0.11431559629182524,2,2.5,0.7071067811865476,2,274,137.17871555019022,2,8,0.0,2,2.5,0.7071067811865476,2,-5.5,0.7071067811865476,2,5.5,0.7071067811865476,2,0,0.0,2,0.0,0.0,2,290.5,50.204581464244875,2,0.1717796991463866,0.03923023337507852,2,0.24208333333333334,0.041837151220204045,2,0.17676538802003192,0.048853118929022304,2,0.32125586775573156,0.10180782804096965,2,0.24208333333333332,0.041837151220204066,2,0.27538013247852167,0.06499786255406144,2,8,0.0,2,0,0.0,0,,,0,,,0,,,0,,
anisotropic,8,4,10,20,1,hgp_first_coverage,2,2,0.5327577629797521,0.03309804812168322,2,0.5327577629797521,0.03309804812168322,2,0.5959547372513301,0.0574940432136901,2,0.7595690927315935,0.1121596257647623,2,0.6751073141918529,0.03478894051378713,2,0.8233333333333333,0.022391714737573974,2,10,1.4142135623730951,2,212,26.870057685088806,2,8,0.0,2,10,1.4142135623730951,2,2,1.4142135623730951,2,2,1.4142135623730951,2,0,0.0,2,0.0,0.0,2,778,74.95331880577403,2,0.8714420234020297,0.13651396235479446,2,0.6483333333333333,0.062461099004811726,2,0.725399718935045,0.10029685834333048,2,0.788772708686255,0.09731547266052377,2,0.6483333333333333,0.062461099004811726,2,0.7116260910055456,0.07725231797398603,2,8,0.0,2,0,0.0,0,,,0,,,0,,,0,,
anisotropic,8,4,10,20,1,hgp_weighted_full_vote,2,2,0.1957658316481978,0.17718864377906532,2,0.1957658316481978,0.17718864377906532,2,0.19689854603818896,0.1787701234951756,2,0.20346218849379208,0.18735701348563671,2,0.40786394579208846,0.18705499743348197,2,0.9595833333333333,0.02887352689845065,2,2.5,0.7071067811865476,2,48.5,34.64823227814083,2,8,0.0,2,2.5,0.7071067811865476,2,-5.5,0.7071067811865476,2,5.5,0.7071067811865476,2,0,0.0,2,0.0,0.0,2,357,96.16652224137046,2,0.16800542043393019,0.03539440134364686,2,0.2975,0.08013876853447535,2,0.1912201398452521,0.0553274148666964,2,0.3114278320023662,0.092884885890114,2,0.2975,0.0801387685344754,2,0.30427158709281615,0.08627493817051726,0,,,0,,,2,0,0.0,2,0,0.0,2,320,16.97056274847714,2,0,0.0
anisotropic,8,4,10,20,2,hdbscan_common,2,2,0.13484514301157263,0.09969359965897004,2,0.13484514301157263,0.09969359965897004,2,0.1633264413834942,0.13824690171120435,2,0.20736059535822643,0.1952812567244024,2,0.30829418829333294,0.12258541937286932,2,0.7704166666666667,0.11490485194281395,2,2.5,0.7071067811865476,2,275.5,137.88582233137677,2,8,0.0,2,2.5,0.7071067811865476,2,-5.5,0.7071067811865476,2,5.5,0.7071067811865476,2,0,0.0,2,0.0,0.0,2,290,50.91168824543142,2,0.17241461637452932,0.04012814193010226,2,0.24166666666666667,0.04242640687119285,2,0.17676540656008333,0.0495998575558825,2,0.3213640891913573,0.1029997187142841,2,0.24166666666666667,0.04242640687119285,2,0.2751402421939283,0.06578550955153062,2,8,0.0,2,0,0.0,0,,,0,,,0,,,0,,
anisotropic,8,4,10,20,2,hgp_first_coverage,2,2,0.5181332618628924,0.0537802159440866,2,0.5181332618628924,0.0537802159440866,2,0.5835420288612573,0.07504826376471337,2,0.7504402645345373,0.12506973840961308,2,0.6690771002779721,0.04331695081480839,2,0.8179166666666666,0.014731391274719766,2,10.5,0.7071067811865476,2,218.5,17.67766952966369,2,8,0.0,2,10.5,0.7071067811865476,2,2.5,0.7071067811865476,2,2.5,0.7071067811865476,2,0,0.0,2,0.0,0.0,2,760,100.40916292848975,2,0.8740488610088673,0.1328273372563005,2,0.6333333333333333,0.08367430244040809,2,0.7149253119437842,0.1151099067681872,2,0.7753720465206098,0.11626687083995933,2,0.6333333333333333,0.08367430244040809,2,0.6971641506888522,0.09770459010808424,2,8,0.0,2,0,0.0,0,,,0,,,0,,,0,,
anisotropic,8,4,10,20,2,hgp_weighted_full_vote,2,2,0.1957658316481978,0.17718864377906532,2,0.1957658316481978,0.17718864377906532,2,0.19689854603818896,0.1787701234951756,2,0.20346218849379208,0.18735701348563671,2,0.40786394579208846,0.18705499743348197,2,0.9595833333333333,0.02887352689845065,2,2.5,0.7071067811865476,2,48.5,34.64823227814083,2,8,0.0,2,2.5,0.7071067811865476,2,-5.5,0.7071067811865476,2,5.5,0.7071067811865476,2,0,0.0,2,0.0,0.0,2,357,96.16652224137046,2,0.16800542043393019,0.03539440134364686,2,0.2975,0.08013876853447535,2,0.1912201398452521,0.0553274148666964,2,0.3114278320023662,0.092884885890114,2,0.2975,0.0801387685344754,2,0.30427158709281615,0.08627493817051726,0,,,0,,,2,0,0.0,2,0,0.0,2,320,16.97056274847714,2,0,0.0
anisotropic,8,4,10,50,1,hdbscan_common,2,2,0.13484514301157263,0.09969359965897004,2,0.13484514301157263,0.09969359965897004,2,0.1633264413834942,0.13824690171120435,2,0.20736059535822643,0.1952812567244024,2,0.30829418829333294,0.12258541937286932,2,0.7704166666666667,0.11490485194281395,2,2.5,0.7071067811865476,2,275.5,137.88582233137677,2,8,0.0,2,2.5,0.7071067811865476,2,-5.5,0.7071067811865476,2,5.5,0.7071067811865476,2,0,0.0,2,0.0,0.0,2,290,50.91168824543142,2,0.17241461637452932,0.04012814193010226,2,0.24166666666666667,0.04242640687119285,2,0.17676540656008333,0.0495998575558825,2,0.3213640891913573,0.1029997187142841,2,0.24166666666666667,0.04242640687119285,2,0.2751402421939283,0.06578550955153062,2,8,0.0,2,0,0.0,0,,,0,,,0,,,0,,
anisotropic,8,4,10,50,1,hdbscan_standard,2,2,0.13498244088918385,0.09925926984536945,2,0.13498244088918385,0.09925926984536945,2,0.1630984888204011,0.1372308837933025,2,0.20666053450073585,0.1935215247063868,2,0.30716131405386604,0.11961935010065705,2,0.7716666666666667,0.11431559629182524,2,2.5,0.7071067811865476,2,274,137.17871555019022,2,8,0.0,2,2.5,0.7071067811865476,2,-5.5,0.7071067811865476,2,5.5,0.7071067811865476,2,0,0.0,2,0.0,0.0,2,290.5,50.204581464244875,2,0.1717796991463866,0.03923023337507852,2,0.24208333333333334,0.041837151220204045,2,0.17676538802003192,0.048853118929022304,2,0.32125586775573156,0.10180782804096965,2,0.24208333333333332,0.041837151220204066,2,0.27538013247852167,0.06499786255406144,2,8,0.0,2,0,0.0,0,,,0,,,0,,,0,,
anisotropic,8,4,10,50,1,hgp_first_coverage,2,2,0.5166937137775387,0.08377283827945646,2,0.5166937137775387,0.08377283827945646,2,0.5659208346324086,0.13762315715513154,2,0.6992991191117286,0.26448586095477983,2,0.6674918852914509,0.06401910566990734,2,0.8429166666666666,0.07719249027953141,2,7,2.8284271247461903,2,188.5,92.63098833543772,2,8,0.0,2,7,2.8284271247461903,2,-1,2.8284271247461903,2,2,1.4142135623730951,2,0,0.0,2,0.0,0.0,2,745.5,167.58430714121175,2,0.7036508599741769,0.3738065013208243,2,0.62125,0.13965358928434315,2,0.6353048724324273,0.25549822873500155,2,0.7477459704252475,0.23415596184433363,2,0.62125,0.13965358928434315,2,0.6779718248983616,0.17995469793639565,2,8,0.0,2,0,0.0,0,,,0,,,0,,,0,,
anisotropic,8,4,10,50,1,hgp_weighted_full_vote,2,2,0.1957658316481978,0.17718864377906532,2,0.1957658316481978,0.17718864377906532,2,0.19689854603818896,0.1787701234951756,2,0.20346218849379208,0.18735701348563671,2,0.40786394579208846,0.18705499743348197,2,0.9595833333333333,0.02887352689845065,2,2.5,0.7071067811865476,2,48.5,34.64823227814083,2,8,0.0,2,2.5,0.7071067811865476,2,-5.5,0.7071067811865476,2,5.5,0.7071067811865476,2,0,0.0,2,0.0,0.0,2,357,96.16652224137046,2,0.16800542043393019,0.03539440134364686,2,0.2975,0.08013876853447535,2,0.1912201398452521,0.0553274148666964,2,0.3114278320023662,0.092884885890114,2,0.2975,0.0801387685344754,2,0.30427158709281615,0.08627493817051726,0,,,0,,,2,0,0.0,2,0,0.0,2,320,16.97056274847714,2,0,0.0
anisotropic,8,4,10,50,2,hdbscan_common,2,2,0.13484514301157263,0.09969359965897004,2,0.13484514301157263,0.09969359965897004,2,0.1633264413834942,0.13824690171120435,2,0.20736059535822643,0.1952812567244024,2,0.30829418829333294,0.12258541937286932,2,0.7704166666666667,0.11490485194281395,2,2.5,0.7071067811865476,2,275.5,137.88582233137677,2,8,0.0,2,2.5,0.7071067811865476,2,-5.5,0.7071067811865476,2,5.5,0.7071067811865476,2,0,0.0,2,0.0,0.0,2,290,50.91168824543142,2,0.17241461637452932,0.04012814193010226,2,0.24166666666666667,0.04242640687119285,2,0.17676540656008333,0.0495998575558825,2,0.3213640891913573,0.1029997187142841,2,0.24166666666666667,0.04242640687119285,2,0.2751402421939283,0.06578550955153062,2,8,0.0,2,0,0.0,0,,,0,,,0,,,0,,
anisotropic,8,4,10,50,2,hgp_first_coverage,2,2,0.5537145728374961,0.03141743730616166,2,0.5537145728374961,0.03141743730616166,2,0.6194153895160843,0.061970432125525415,2,0.791398504297369,0.1342376613390236,2,0.6854114062894361,0.038677076043327104,2,0.8162499999999999,0.039480128616248875,2,8.5,0.7071067811865476,2,220.5,47.37615433949868,2,8,0.0,2,8.5,0.7071067811865476,2,0.5,0.7071067811865476,2,0.5,0.7071067811865476,2,0,0.0,2,0.0,0.0,2,812.5,72.8319984622144,2,0.847549967283411,0.170302432150724,2,0.6770833333333333,0.060693332051845315,2,0.7387897843232065,0.10914846283807669,2,0.8322765987198137,0.1146116008742392,2,0.6770833333333333,0.060693332051845315,2,0.7464865959809631,0.08306017944849266,2,8,0.0,2,0,0.0,0,,,0,,,0,,,0,,
anisotropic,8,4,10,50,2,hgp_weighted_full_vote,2,2,0.1957658316481978,0.17718864377906532,2,0.1957658316481978,0.17718864377906532,2,0.19689854603818896,0.1787701234951756,2,0.20346218849379208,0.18735701348563671,2,0.40786394579208846,0.18705499743348197,2,0.9595833333333333,0.02887352689845065,2,2.5,0.7071067811865476,2,48.5,34.64823227814083,2,8,0.0,2,2.5,0.7071067811865476,2,-5.5,0.7071067811865476,2,5.5,0.7071067811865476,2,0,0.0,2,0.0,0.0,2,357,96.16652224137046,2,0.16800542043393019,0.03539440134364686,2,0.2975,0.08013876853447535,2,0.1912201398452521,0.0553274148666964,2,0.3114278320023662,0.092884885890114,2,0.2975,0.0801387685344754,2,0.30427158709281615,0.08627493817051726,0,,,0,,,2,0,0.0,2,0,0.0,2,320,16.97056274847714,2,0,0.0
spherical,2,8,5,20,1,hdbscan_common,3,3,1.0,0.0,3,1.0,0.0,3,1.0,0.0,3,1.0,0.0,3,1.0,0.0,3,1.0,0.0,3,2,0.0,3,0,0.0,3,2,0.0,3,2,0.0,3,0,0.0,3,0,0.0,3,2,0.0,3,1.0,0.0,3,1200,0.0,3,1.0,0.0,3,1.0,0.0,3,1.0,0.0,3,1.0,0.0,3,1.0,0.0,3,1.0,0.0,3,2,0.0,3,0,0.0,0,,,0,,,0,,,0,,
spherical,2,8,5,20,1,hdbscan_standard,3,3,1.0,0.0,3,1.0,0.0,3,1.0,0.0,3,1.0,0.0,3,1.0,0.0,3,1.0,0.0,3,2,0.0,3,0,0.0,3,2,0.0,3,2,0.0,3,0,0.0,3,0,0.0,3,2,0.0,3,1.0,0.0,3,1200,0.0,3,1.0,0.0,3,1.0,0.0,3,1.0,0.0,3,1.0,0.0,3,1.0,0.0,3,1.0,0.0,3,2,0.0,3,0,0.0,0,,,0,,,0,,,0,,
spherical,2,8,5,20,1,hgp_first_coverage,3,3,1.0,0.0,3,1.0,0.0,3,1.0,0.0,3,1.0,0.0,3,1.0,0.0,3,1.0,0.0,3,2,0.0,3,0,0.0,3,2,0.0,3,2,0.0,3,0,0.0,3,0,0.0,3,2,0.0,3,1.0,0.0,3,1200,0.0,3,1.0,0.0,3,1.0,0.0,3,1.0,0.0,3,1.0,0.0,3,1.0,0.0,3,1.0,0.0,3,2,0.0,3,0,0.0,0,,,0,,,0,,,0,,
spherical,2,8,5,20,1,hgp_weighted_full_vote,3,3,1.0,0.0,3,1.0,0.0,3,1.0,0.0,3,1.0,0.0,3,1.0,0.0,3,1.0,0.0,3,2,0.0,3,0,0.0,3,2,0.0,3,2,0.0,3,0,0.0,3,0,0.0,3,2,0.0,3,1.0,0.0,3,1200,0.0,3,1.0,0.0,3,1.0,0.0,3,1.0,0.0,3,1.0,0.0,3,1.0,0.0,3,1.0,0.0,0,,,0,,,3,0,0.0,3,0,0.0,3,29.666666666666668,6.3508529610858835,3,0,0.0
spherical,2,8,5,20,2,hdbscan_common,3,3,1.0,0.0,3,1.0,0.0,3,1.0,0.0,3,1.0,0.0,3,1.0,0.0,3,1.0,0.0,3,2,0.0,3,0,0.0,3,2,0.0,3,2,0.0,3,0,0.0,3,0,0.0,3,2,0.0,3,1.0,0.0,3,1200,0.0,3,1.0,0.0,3,1.0,0.0,3,1.0,0.0,3,1.0,0.0,3,1.0,0.0,3,1.0,0.0,3,2,0.0,3,0,0.0,0,,,0,,,0,,,0,,
spherical,2,8,5,20,2,hgp_first_coverage,3,3,1.0,0.0,3,1.0,0.0,3,1.0,0.0,3,1.0,0.0,3,1.0,0.0,3,1.0,0.0,3,2,0.0,3,0,0.0,3,2,0.0,3,2,0.0,3,0,0.0,3,0,0.0,3,2,0.0,3,1.0,0.0,3,1200,0.0,3,1.0,0.0,3,1.0,0.0,3,1.0,0.0,3,1.0,0.0,3,1.0,0.0,3,1.0,0.0,3,2,0.0,3,0,0.0,0,,,0,,,0,,,0,,
spherical,2,8,5,20,2,hgp_weighted_full_vote,3,3,1.0,0.0,3,1.0,0.0,3,1.0,0.0,3,1.0,0.0,3,1.0,0.0,3,1.0,0.0,3,2,0.0,3,0,0.0,3,2,0.0,3,2,0.0,3,0,0.0,3,0,0.0,3,2,0.0,3,1.0,0.0,3,1200,0.0,3,1.0,0.0,3,1.0,0.0,3,1.0,0.0,3,1.0,0.0,3,1.0,0.0,3,1.0,0.0,0,,,0,,,3,0,0.0,3,0,0.0,3,29.666666666666668,6.3508529610858835,3,0,0.0
spherical,2,8,5,50,1,hdbscan_common,3,3,1.0,0.0,3,1.0,0.0,3,1.0,0.0,3,1.0,0.0,3,1.0,0.0,3,1.0,0.0,3,2,0.0,3,0,0.0,3,2,0.0,3,2,0.0,3,0,0.0,3,0,0.0,3,2,0.0,3,1.0,0.0,3,1200,0.0,3,1.0,0.0,3,1.0,0.0,3,1.0,0.0,3,1.0,0.0,3,1.0,0.0,3,1.0,0.0,3,2,0.0,3,0,0.0,0,,,0,,,0,,,0,,
spherical,2,8,5,50,1,hdbscan_standard,3,3,1.0,0.0,3,1.0,0.0,3,1.0,0.0,3,1.0,0.0,3,1.0,0.0,3,1.0,0.0,3,2,0.0,3,0,0.0,3,2,0.0,3,2,0.0,3,0,0.0,3,0,0.0,3,2,0.0,3,1.0,0.0,3,1200,0.0,3,1.0,0.0,3,1.0,0.0,3,1.0,0.0,3,1.0,0.0,3,1.0,0.0,3,1.0,0.0,3,2,0.0,3,0,0.0,0,,,0,,,0,,,0,,
spherical,2,8,5,50,1,hgp_first_coverage,3,3,1.0,0.0,3,1.0,0.0,3,1.0,0.0,3,1.0,0.0,3,1.0,0.0,3,1.0,0.0,3,2,0.0,3,0,0.0,3,2,0.0,3,2,0.0,3,0,0.0,3,0,0.0,3,2,0.0,3,1.0,0.0,3,1200,0.0,3,1.0,0.0,3,1.0,0.0,3,1.0,0.0,3,1.0,0.0,3,1.0,0.0,3,1.0,0.0,3,2,0.0,3,0,0.0,0,,,0,,,0,,,0,,
spherical,2,8,5,50,1,hgp_weighted_full_vote,3,3,1.0,0.0,3,1.0,0.0,3,1.0,0.0,3,1.0,0.0,3,1.0,0.0,3,1.0,0.0,3,2,0.0,3,0,0.0,3,2,0.0,3,2,0.0,3,0,0.0,3,0,0.0,3,2,0.0,3,1.0,0.0,3,1200,0.0,3,1.0,0.0,3,1.0,0.0,3,1.0,0.0,3,1.0,0.0,3,1.0,0.0,3,1.0,0.0,0,,,0,,,3,0,0.0,3,0,0.0,3,29.666666666666668,6.3508529610858835,3,0,0.0
spherical,2,8,5,50,2,hdbscan_common,3,3,1.0,0.0,3,1.0,0.0,3,1.0,0.0,3,1.0,0.0,3,1.0,0.0,3,1.0,0.0,3,2,0.0,3,0,0.0,3,2,0.0,3,2,0.0,3,0,0.0,3,0,0.0,3,2,0.0,3,1.0,0.0,3,1200,0.0,3,1.0,0.0,3,1.0,0.0,3,1.0,0.0,3,1.0,0.0,3,1.0,0.0,3,1.0,0.0,3,2,0.0,3,0,0.0,0,,,0,,,0,,,0,,
spherical,2,8,5,50,2,hgp_first_coverage,3,3,1.0,0.0,3,1.0,0.0,3,1.0,0.0,3,1.0,0.0,3,1.0,0.0,3,1.0,0.0,3,2,0.0,3,0,0.0,3,2,0.0,3,2,0.0,3,0,0.0,3,0,0.0,3,2,0.0,3,1.0,0.0,3,1200,0.0,3,1.0,0.0,3,1.0,0.0,3,1.0,0.0,3,1.0,0.0,3,1.0,0.0,3,1.0,0.0,3,2,0.0,3,0,0.0,0,,,0,,,0,,,0,,
spherical,2,8,5,50,2,hgp_weighted_full_vote,3,3,1.0,0.0,3,1.0,0.0,3,1.0,0.0,3,1.0,0.0,3,1.0,0.0,3,1.0,0.0,3,2,0.0,3,0,0.0,3,2,0.0,3,2,0.0,3,0,0.0,3,0,0.0,3,2,0.0,3,1.0,0.0,3,1200,0.0,3,1.0,0.0,3,1.0,0.0,3,1.0,0.0,3,1.0,0.0,3,1.0,0.0,3,1.0,0.0,0,,,0,,,3,0,0.0,3,0,0.0,3,29.666666666666668,6.3508529610858835,3,0,0.0
spherical,2,8,10,20,1,hdbscan_common,3,3,0.9994449066364444,0.0009614499086226006,3,0.9994449066364444,0.0009614499086226006,3,0.9994449066364444,0.0009614499086226006,3,1.0,0.0,3,0.9985245720842085,0.00255551611305622,3,0.9997222222222222,0.0004811252243246992,3,2,0.0,3,0.3333333333333333,0.5773502691896257,3,2,0.0,3,2,0.0,3,0,0.0,3,0,0.0,3,1.6666666666666667,0.5773502691896257,3,0.8333333333333334,0.28867513459481287,3,1199.6666666666667,0.5773502691896257,3,1.0,0.0,3,0.9997222222222222,0.0004811252243246992,3,0.9998609952738393,0.00024076324820250557,3,1.0,0.0,3,0.9997222222222222,0.0004811252243246992,3,0.999861053216618,0.00024066288836582523,3,2,0.0,3,0,0.0,0,,,0,,,0,,,0,,
spherical,2,8,10,20,1,hdbscan_standard,3,3,0.9994449066364444,0.0009614499086226006,3,0.9994449066364444,0.0009614499086226006,3,0.9994449066364444,0.0009614499086226006,3,1.0,0.0,3,0.9985245720842085,0.00255551611305622,3,0.9997222222222222,0.0004811252243246992,3,2,0.0,3,0.3333333333333333,0.5773502691896257,3,2,0.0,3,2,0.0,3,0,0.0,3,0,0.0,3,1.6666666666666667,0.5773502691896257,3,0.8333333333333334,0.28867513459481287,3,1199.6666666666667,0.5773502691896257,3,1.0,0.0,3,0.9997222222222222,0.0004811252243246992,3,0.9998609952738393,0.00024076324820250557,3,1.0,0.0,3,0.9997222222222222,0.0004811252243246992,3,0.999861053216618,0.00024066288836582523,3,2,0.0,3,0,0.0,0,,,0,,,0,,,0,,
spherical,2,8,10,20,1,hgp_first_coverage,3,3,1.0,0.0,3,1.0,0.0,3,1.0,0.0,3,1.0,0.0,3,1.0,0.0,3,1.0,0.0,3,2,0.0,3,0,0.0,3,2,0.0,3,2,0.0,3,0,0.0,3,0,0.0,3,2,0.0,3,1.0,0.0,3,1200,0.0,3,1.0,0.0,3,1.0,0.0,3,1.0,0.0,3,1.0,0.0,3,1.0,0.0,3,1.0,0.0,3,2,0.0,3,0,0.0,0,,,0,,,0,,,0,,
spherical,2,8,10,20,1,hgp_weighted_full_vote,3,3,1.0,0.0,3,1.0,0.0,3,1.0,0.0,3,1.0,0.0,3,1.0,0.0,3,1.0,0.0,3,2,0.0,3,0,0.0,3,2,0.0,3,2,0.0,3,0,0.0,3,0,0.0,3,2,0.0,3,1.0,0.0,3,1200,0.0,3,1.0,0.0,3,1.0,0.0,3,1.0,0.0,3,1.0,0.0,3,1.0,0.0,3,1.0,0.0,0,,,0,,,3,0,0.0,3,0,0.0,3,223.66666666666666,14.294521094927712,3,0,0.0
spherical,2,8,10,20,2,hdbscan_common,3,3,0.9994449066364444,0.0009614499086226006,3,0.9994449066364444,0.0009614499086226006,3,0.9994449066364444,0.0009614499086226006,3,1.0,0.0,3,0.9985245720842085,0.00255551611305622,3,0.9997222222222222,0.0004811252243246992,3,2,0.0,3,0.3333333333333333,0.5773502691896257,3,2,0.0,3,2,0.0,3,0,0.0,3,0,0.0,3,1.6666666666666667,0.5773502691896257,3,0.8333333333333334,0.28867513459481287,3,1199.6666666666667,0.5773502691896257,3,1.0,0.0,3,0.9997222222222222,0.0004811252243246992,3,0.9998609952738393,0.00024076324820250557,3,1.0,0.0,3,0.9997222222222222,0.0004811252243246992,3,0.999861053216618,0.00024066288836582523,3,2,0.0,3,0,0.0,0,,,0,,,0,,,0,,
spherical,2,8,10,20,2,hgp_first_coverage,3,3,1.0,0.0,3,1.0,0.0,3,1.0,0.0,3,1.0,0.0,3,1.0,0.0,3,1.0,0.0,3,2,0.0,3,0,0.0,3,2,0.0,3,2,0.0,3,0,0.0,3,0,0.0,3,2,0.0,3,1.0,0.0,3,1200,0.0,3,1.0,0.0,3,1.0,0.0,3,1.0,0.0,3,1.0,0.0,3,1.0,0.0,3,1.0,0.0,3,2,0.0,3,0,0.0,0,,,0,,,0,,,0,,
spherical,2,8,10,20,2,hgp_weighted_full_vote,3,3,1.0,0.0,3,1.0,0.0,3,1.0,0.0,3,1.0,0.0,3,1.0,0.0,3,1.0,0.0,3,2,0.0,3,0,0.0,3,2,0.0,3,2,0.0,3,0,0.0,3,0,0.0,3,2,0.0,3,1.0,0.0,3,1200,0.0,3,1.0,0.0,3,1.0,0.0,3,1.0,0.0,3,1.0,0.0,3,1.0,0.0,3,1.0,0.0,0,,,0,,,3,0,0.0,3,0,0.0,3,223.66666666666666,14.294521094927712,3,0,0.0
spherical,2,8,10,50,1,hdbscan_common,3,3,0.9994449066364444,0.0009614499086226006,3,0.9994449066364444,0.0009614499086226006,3,0.9994449066364444,0.0009614499086226006,3,1.0,0.0,3,0.9985245720842085,0.00255551611305622,3,0.9997222222222222,0.0004811252243246992,3,2,0.0,3,0.3333333333333333,0.5773502691896257,3,2,0.0,3,2,0.0,3,0,0.0,3,0,0.0,3,1.6666666666666667,0.5773502691896257,3,0.8333333333333334,0.28867513459481287,3,1199.6666666666667,0.5773502691896257,3,1.0,0.0,3,0.9997222222222222,0.0004811252243246992,3,0.9998609952738393,0.00024076324820250557,3,1.0,0.0,3,0.9997222222222222,0.0004811252243246992,3,0.999861053216618,0.00024066288836582523,3,2,0.0,3,0,0.0,0,,,0,,,0,,,0,,
spherical,2,8,10,50,1,hdbscan_standard,3,3,0.9994449066364444,0.0009614499086226006,3,0.9994449066364444,0.0009614499086226006,3,0.9994449066364444,0.0009614499086226006,3,1.0,0.0,3,0.9985245720842085,0.00255551611305622,3,0.9997222222222222,0.0004811252243246992,3,2,0.0,3,0.3333333333333333,0.5773502691896257,3,2,0.0,3,2,0.0,3,0,0.0,3,0,0.0,3,1.6666666666666667,0.5773502691896257,3,0.8333333333333334,0.28867513459481287,3,1199.6666666666667,0.5773502691896257,3,1.0,0.0,3,0.9997222222222222,0.0004811252243246992,3,0.9998609952738393,0.00024076324820250557,3,1.0,0.0,3,0.9997222222222222,0.0004811252243246992,3,0.999861053216618,0.00024066288836582523,3,2,0.0,3,0,0.0,0,,,0,,,0,,,0,,
spherical,2,8,10,50,1,hgp_first_coverage,3,3,1.0,0.0,3,1.0,0.0,3,1.0,0.0,3,1.0,0.0,3,1.0,0.0,3,1.0,0.0,3,2,0.0,3,0,0.0,3,2,0.0,3,2,0.0,3,0,0.0,3,0,0.0,3,2,0.0,3,1.0,0.0,3,1200,0.0,3,1.0,0.0,3,1.0,0.0,3,1.0,0.0,3,1.0,0.0,3,1.0,0.0,3,1.0,0.0,3,2,0.0,3,0,0.0,0,,,0,,,0,,,0,,
spherical,2,8,10,50,1,hgp_weighted_full_vote,3,3,1.0,0.0,3,1.0,0.0,3,1.0,0.0,3,1.0,0.0,3,1.0,0.0,3,1.0,0.0,3,2,0.0,3,0,0.0,3,2,0.0,3,2,0.0,3,0,0.0,3,0,0.0,3,2,0.0,3,1.0,0.0,3,1200,0.0,3,1.0,0.0,3,1.0,0.0,3,1.0,0.0,3,1.0,0.0,3,1.0,0.0,3,1.0,0.0,0,,,0,,,3,0,0.0,3,0,0.0,3,223.66666666666666,14.294521094927712,3,0,0.0
spherical,2,8,10,50,2,hdbscan_common,3,3,0.9994449066364444,0.0009614499086226006,3,0.9994449066364444,0.0009614499086226006,3,0.9994449066364444,0.0009614499086226006,3,1.0,0.0,3,0.9985245720842085,0.00255551611305622,3,0.9997222222222222,0.0004811252243246992,3,2,0.0,3,0.3333333333333333,0.5773502691896257,3,2,0.0,3,2,0.0,3,0,0.0,3,0,0.0,3,1.6666666666666667,0.5773502691896257,3,0.8333333333333334,0.28867513459481287,3,1199.6666666666667,0.5773502691896257,3,1.0,0.0,3,0.9997222222222222,0.0004811252243246992,3,0.9998609952738393,0.00024076324820250557,3,1.0,0.0,3,0.9997222222222222,0.0004811252243246992,3,0.999861053216618,0.00024066288836582523,3,2,0.0,3,0,0.0,0,,,0,,,0,,,0,,
spherical,2,8,10,50,2,hgp_first_coverage,3,3,1.0,0.0,3,1.0,0.0,3,1.0,0.0,3,1.0,0.0,3,1.0,0.0,3,1.0,0.0,3,2,0.0,3,0,0.0,3,2,0.0,3,2,0.0,3,0,0.0,3,0,0.0,3,2,0.0,3,1.0,0.0,3,1200,0.0,3,1.0,0.0,3,1.0,0.0,3,1.0,0.0,3,1.0,0.0,3,1.0,0.0,3,1.0,0.0,3,2,0.0,3,0,0.0,0,,,0,,,0,,,0,,
spherical,2,8,10,50,2,hgp_weighted_full_vote,3,3,1.0,0.0,3,1.0,0.0,3,1.0,0.0,3,1.0,0.0,3,1.0,0.0,3,1.0,0.0,3,2,0.0,3,0,0.0,3,2,0.0,3,2,0.0,3,0,0.0,3,0,0.0,3,2,0.0,3,1.0,0.0,3,1200,0.0,3,1.0,0.0,3,1.0,0.0,3,1.0,0.0,3,1.0,0.0,3,1.0,0.0,3,1.0,0.0,0,,,0,,,3,0,0.0,3,0,0.0,3,223.66666666666666,14.294521094927712,3,0,0.0
spherical,8,4,5,20,1,hdbscan_common,3,3,0.22390753302740501,0.11912240614121691,3,0.22390753302740501,0.11912240614121691,3,0.28731939737875856,0.2189400571332026,3,0.42791032065768214,0.4394939164253734,3,0.47654290385936077,0.13537536864161345,3,0.7852777777777777,0.12125596587079443,3,4.666666666666667,2.8867513459481287,3,257.6666666666667,145.50715904495328,3,8,0.0,3,4.666666666666667,2.8867513459481287,3,-3.3333333333333335,2.8867513459481287,3,3.3333333333333335,2.8867513459481287,3,0,0.0,3,0.0,0.0,3,510.6666666666667,213.54234552737623,3,0.5028611394706376,0.4015591590468525,3,0.4255555555555556,0.17795195460614688,3,0.4286493077141336,0.28424490941759445,3,0.5755197423166576,0.33999334370916245,3,0.4255555555555556,0.17795195460614688,3,0.48707339695130664,0.23972331379216305,3,8,0.0,3,0,0.0,0,,,0,,,0,,,0,,
spherical,8,4,5,20,1,hdbscan_standard,3,3,0.22431856204650197,0.12045717459977275,3,0.22431856204650197,0.12045717459977275,3,0.28694614196562146,0.21911356670300008,3,0.42540862406049934,0.43626193499819127,3,0.47487939258331635,0.13451337908784425,3,0.7869444444444444,0.11987937610287605,3,4.666666666666667,2.8867513459481287,3,255.66666666666666,143.85525132345128,3,8,0.0,3,4.666666666666667,2.8867513459481287,3,-3.3333333333333335,2.8867513459481287,3,3.3333333333333335,2.8867513459481287,3,0,0.0,3,0.0,0.0,3,511.3333333333333,213.85353243127253,3,0.5014137241576597,0.3989679690932802,3,0.4261111111111111,0.17821127702606046,3,0.42856107166402413,0.28393679491967977,3,0.5743664369697266,0.33781844155551405,3,0.4261111111111111,0.17821127702606046,3,0.48708574307854174,0.23925597427617548,3,8,0.0,3,0,0.0,0,,,0,,,0,,,0,,
spherical,8,4,5,20,1,hgp_first_coverage,3,3,0.49477846330612996,0.28249298724216965,3,0.49477846330612996,0.28249298724216965,3,0.5273698773395676,0.31125765613509554,3,0.6238766277179277,0.3959465396753369,3,0.6586196382702927,0.14674976742492188,3,0.8958333333333334,0.08083333333333331,3,6,2.6457513110645907,3,125,97.0,3,8,0.0,3,6,2.6457513110645907,3,-2,2.6457513110645907,3,2,2.6457513110645907,3,0,0.0,3,0.0,0.0,3,762.3333333333334,282.71953122013576,3,0.6724146863232432,0.3604038166798581,3,0.6352777777777778,0.23559960935011318,3,0.6348381512012988,0.31343576516261046,3,0.7276908851978676,0.3124859608385849,3,0.6352777777777778,0.23559960935011318,3,0.6777650567929517,0.2708002527566933,3,8,0.0,3,0,0.0,0,,,0,,,0,,,0,,
spherical,8,4,5,20,1,hgp_weighted_full_vote,3,3,0.17292122729064277,0.0006934208003897013,3,0.17292122729064277,0.0006934208003897013,3,0.1732040462793536,0.0009440550759138497,3,0.17571158175252194,0.0025439452599253847,3,0.47979683618843383,0.01858544828959244,3,0.9688888888888889,0.01919080605490652,3,3,0.0,3,37.333333333333336,23.028967265887832,3,8,0.0,3,3,0.0,3,-5,0.0,3,5,0.0,3,0,0.0,3,0.0,0.0,3,437.6666666666667,4.725815626252609,3,0.2697320487484338,0.0008755485078381257,3,0.3647222222222222,0.003938179688543816,3,0.2812938792184427,0.0011450805654743823,3,0.3764782688593476,0.0034175790302754866,3,0.3647222222222222,0.003938179688543816,3,0.3704829356492183,0.0005302019718073492,0,,,0,,,3,0,0.0,3,0,0.0,3,36.333333333333336,3.7859388972001824,3,0,0.0
spherical,8,4,5,20,2,hdbscan_common,3,3,0.22390753302740501,0.11912240614121691,3,0.22390753302740501,0.11912240614121691,3,0.28731939737875856,0.2189400571332026,3,0.42791032065768214,0.4394939164253734,3,0.47654290385936077,0.13537536864161345,3,0.7852777777777777,0.12125596587079443,3,4.666666666666667,2.8867513459481287,3,257.6666666666667,145.50715904495328,3,8,0.0,3,4.666666666666667,2.8867513459481287,3,-3.3333333333333335,2.8867513459481287,3,3.3333333333333335,2.8867513459481287,3,0,0.0,3,0.0,0.0,3,510.6666666666667,213.54234552737623,3,0.5028611394706376,0.4015591590468525,3,0.4255555555555556,0.17795195460614688,3,0.4286493077141336,0.28424490941759445,3,0.5755197423166576,0.33999334370916245,3,0.4255555555555556,0.17795195460614688,3,0.48707339695130664,0.23972331379216305,3,8,0.0,3,0,0.0,0,,,0,,,0,,,0,,
spherical,8,4,5,20,2,hgp_first_coverage,3,3,0.49477846330612996,0.28249298724216965,3,0.49477846330612996,0.28249298724216965,3,0.5273698773395676,0.31125765613509554,3,0.6238766277179277,0.3959465396753369,3,0.6586196382702927,0.14674976742492188,3,0.8958333333333334,0.08083333333333331,3,6,2.6457513110645907,3,125,97.0,3,8,0.0,3,6,2.6457513110645907,3,-2,2.6457513110645907,3,2,2.6457513110645907,3,0,0.0,3,0.0,0.0,3,762.3333333333334,282.71953122013576,3,0.6724146863232432,0.3604038166798581,3,0.6352777777777778,0.23559960935011318,3,0.6348381512012988,0.31343576516261046,3,0.7276908851978676,0.3124859608385849,3,0.6352777777777778,0.23559960935011318,3,0.6777650567929517,0.2708002527566933,3,8,0.0,3,0,0.0,0,,,0,,,0,,,0,,
spherical,8,4,5,20,2,hgp_weighted_full_vote,3,3,0.5133612156181703,0.29939686150183425,3,0.5133612156181703,0.29939686150183425,3,0.5373722816954342,0.3205218033402961,3,0.6186643122965615,0.3917537349835113,3,0.6699567784573004,0.14980809232074999,3,0.9102777777777777,0.06904272697502718,3,6,2.6457513110645907,3,107.66666666666667,82.85127237003263,3,8,0.0,3,6,2.6457513110645907,3,-2,2.6457513110645907,3,2,2.6457513110645907,3,0,0.0,3,0.0,0.0,3,775.6666666666666,293.8780926393346,3,0.672264004739402,0.3579381580457382,3,0.6463888888888889,0.24489841053277886,3,0.6406289046951474,0.3176773070642844,3,0.7255255723192807,0.31031696392908853,3,0.6463888888888889,0.24489841053277886,3,0.6832563867683787,0.2752627190962748,0,,,0,,,3,0,0.0,3,0,0.0,3,36.333333333333336,3.7859388972001824,3,0,0.0
spherical,8,4,5,50,1,hdbscan_common,3,3,0.22495867214408408,0.12094262848553629,3,0.22495867214408408,0.12094262848553629,3,0.2811725768738829,0.20829350519457404,3,0.39899760205533497,0.3894193244525705,3,0.469993741152406,0.12412469197431067,3,0.7916666666666666,0.11074557929476615,3,4.333333333333333,2.309401076758503,3,250,132.89469515371937,3,8,0.0,3,4.333333333333333,2.309401076758503,3,-3.6666666666666665,2.309401076758503,3,3.6666666666666665,2.309401076758503,3,0,0.0,3,0.0,0.0,3,491.3333333333333,180.09534511844922,3,0.4426825680420662,0.29732688412023445,3,0.40944444444444444,0.15007945426537436,3,0.39770511738315084,0.23064968224281107,3,0.5422838392597826,0.2824411125369431,3,0.40944444444444444,0.15007945426537436,3,0.4648673916148328,0.20126256972932877,3,8,0.0,3,0,0.0,0,,,0,,,0,,,0,,
spherical,8,4,5,50,1,hdbscan_standard,3,3,0.2252521109803703,0.12207365704634525,3,0.2252521109803703,0.12207365704634525,3,0.2810492592658929,0.20889987351888464,3,0.3979770070985049,0.3887518990603471,3,0.4692761597786673,0.12490576718924543,3,0.7927777777777778,0.11029107112713328,3,4.333333333333333,2.309401076758503,3,248.66666666666666,132.34928535255992,3,8,0.0,3,4.333333333333333,2.309401076758503,3,-3.6666666666666665,2.309401076758503,3,3.6666666666666665,2.309401076758503,3,0,0.0,3,0.0,0.0,3,492,180.41064270158788,3,0.4423760257449613,0.2967117191274283,3,0.41000000000000003,0.15034220225132325,3,0.39785234406850406,0.23074961459823237,3,0.5420442938896164,0.28184671421887075,3,0.41000000000000003,0.15034220225132325,3,0.46515745683367166,0.20127692180942058,3,8,0.0,3,0,0.0,0,,,0,,,0,,,0,,
spherical,8,4,5,50,1,hgp_first_coverage,3,3,0.49477846330612996,0.28249298724216965,3,0.49477846330612996,0.28249298724216965,3,0.5273698773395676,0.31125765613509554,3,0.6238766277179277,0.3959465396753369,3,0.6586196382702927,0.14674976742492188,3,0.8958333333333334,0.08083333333333331,3,6,2.6457513110645907,3,125,97.0,3,8,0.0,3,6,2.6457513110645907,3,-2,2.6457513110645907,3,2,2.6457513110645907,3,0,0.0,3,0.0,0.0,3,762.3333333333334,282.71953122013576,3,0.6724146863232432,0.3604038166798581,3,0.6352777777777778,0.23559960935011318,3,0.6348381512012988,0.31343576516261046,3,0.7276908851978676,0.3124859608385849,3,0.6352777777777778,0.23559960935011318,3,0.6777650567929517,0.2708002527566933,3,8,0.0,3,0,0.0,0,,,0,,,0,,,0,,
spherical,8,4,5,50,1,hgp_weighted_full_vote,3,3,0.17292122729064277,0.0006934208003897013,3,0.17292122729064277,0.0006934208003897013,3,0.1732040462793536,0.0009440550759138497,3,0.17571158175252194,0.0025439452599253847,3,0.47979683618843383,0.01858544828959244,3,0.9688888888888889,0.01919080605490652,3,3,0.0,3,37.333333333333336,23.028967265887832,3,8,0.0,3,3,0.0,3,-5,0.0,3,5,0.0,3,0,0.0,3,0.0,0.0,3,437.6666666666667,4.725815626252609,3,0.2697320487484338,0.0008755485078381257,3,0.3647222222222222,0.003938179688543816,3,0.2812938792184427,0.0011450805654743823,3,0.3764782688593476,0.0034175790302754866,3,0.3647222222222222,0.003938179688543816,3,0.3704829356492183,0.0005302019718073492,0,,,0,,,3,0,0.0,3,0,0.0,3,36.333333333333336,3.7859388972001824,3,0,0.0
spherical,8,4,5,50,2,hdbscan_common,3,3,0.22390753302740501,0.11912240614121691,3,0.22390753302740501,0.11912240614121691,3,0.28731939737875856,0.2189400571332026,3,0.42791032065768214,0.4394939164253734,3,0.47654290385936077,0.13537536864161345,3,0.7852777777777777,0.12125596587079443,3,4.666666666666667,2.8867513459481287,3,257.6666666666667,145.50715904495328,3,8,0.0,3,4.666666666666667,2.8867513459481287,3,-3.3333333333333335,2.8867513459481287,3,3.3333333333333335,2.8867513459481287,3,0,0.0,3,0.0,0.0,3,510.6666666666667,213.54234552737623,3,0.5028611394706376,0.4015591590468525,3,0.4255555555555556,0.17795195460614688,3,0.4286493077141336,0.28424490941759445,3,0.5755197423166576,0.33999334370916245,3,0.4255555555555556,0.17795195460614688,3,0.48707339695130664,0.23972331379216305,3,8,0.0,3,0,0.0,0,,,0,,,0,,,0,,
spherical,8,4,5,50,2,hgp_first_coverage,3,3,0.49477846330612996,0.28249298724216965,3,0.49477846330612996,0.28249298724216965,3,0.5273698773395676,0.31125765613509554,3,0.6238766277179277,0.3959465396753369,3,0.6586196382702927,0.14674976742492188,3,0.8958333333333334,0.08083333333333331,3,6,2.6457513110645907,3,125,97.0,3,8,0.0,3,6,2.6457513110645907,3,-2,2.6457513110645907,3,2,2.6457513110645907,3,0,0.0,3,0.0,0.0,3,762.3333333333334,282.71953122013576,3,0.6724146863232432,0.3604038166798581,3,0.6352777777777778,0.23559960935011318,3,0.6348381512012988,0.31343576516261046,3,0.7276908851978676,0.3124859608385849,3,0.6352777777777778,0.23559960935011318,3,0.6777650567929517,0.2708002527566933,3,8,0.0,3,0,0.0,0,,,0,,,0,,,0,,
spherical,8,4,5,50,2,hgp_weighted_full_vote,3,3,0.17243670375655704,0.0009684762512047584,3,0.17243670375655704,0.0009684762512047584,3,0.1727185356022598,0.001151838514464782,3,0.17521670399676753,0.0025301542122725634,3,0.47841200569057135,0.018944402878989183,3,0.9688888888888889,0.01919080605490652,3,3,0.0,3,37.333333333333336,23.028967265887832,3,8,0.0,3,3,0.0,3,-5,0.0,3,5,0.0,3,0,0.0,3,0.0,0.0,3,437.3333333333333,4.932882862316247,3,0.26972199463875124,0.0008650285651916176,3,0.36444444444444446,0.004110735718596853,3,0.28113987204941976,0.0012258920148420468,3,0.3761901674476507,0.0034086810332208902,3,0.36444444444444446,0.004110735718596853,3,0.37020009022424305,0.0009814824361429977,0,,,0,,,3,0,0.0,3,0,0.0,3,36.333333333333336,3.7859388972001824,3,0,0.0
spherical,8,4,10,20,1,hdbscan_common,3,3,0.1824211279111104,0.06584557938271117,3,0.1824211279111104,0.06584557938271117,3,0.2556259703677169,0.1770904454181143,3,0.4305043738493699,0.45005286167983827,3,0.44341001106802724,0.12373186080962396,3,0.7325,0.1286333074198817,3,4.666666666666667,2.8867513459481287,3,321,154.35996890385798,3,8,0.0,3,4.666666666666667,2.8867513459481287,3,-3.3333333333333335,2.8867513459481287,3,3.3333333333333335,2.8867513459481287,3,0,0.0,3,0.0,0.0,3,473.3333333333333,182.44542563005885,3,0.5069079526307492,0.40556727369446427,3,0.39444444444444443,0.15203785469171568,3,0.40960452371266015,0.26438730048330894,3,0.5787047890861091,0.3438567799201353,3,0.39444444444444443,0.15203785469171568,3,0.46619682618405556,0.21947223907080984,3,8,0.0,3,0,0.0,0,,,0,,,0,,,0,,
spherical,8,4,10,20,1,hdbscan_standard,3,3,0.18296002904063943,0.06661098110985846,3,0.18296002904063943,0.06661098110985846,3,0.25553640310382536,0.1772037262741019,3,0.42830773817413903,0.4469235757681308,3,0.441799887175274,0.12341234338774594,3,0.7341666666666666,0.12793498783019094,3,4.666666666666667,2.8867513459481287,3,319,153.52198539622916,3,8,0.0,3,4.666666666666667,2.8867513459481287,3,-3.3333333333333335,2.8867513459481287,3,3.3333333333333335,2.8867513459481287,3,0,0.0,3,0.0,0.0,3,474,182.73751667350632,3,0.5053750084844911,0.4045642565080404,3,0.395,0.15228126389458857,3,0.4093977313566816,0.2645327342498104,3,0.5777427775275787,0.34231729278712547,3,0.395,0.15228126389458857,3,0.46631887663996735,0.21929403957597782,3,8,0.0,3,0,0.0,0,,,0,,,0,,,0,,
spherical,8,4,10,20,1,hgp_first_coverage,3,3,0.5504288616028553,0.3294276227090476,3,0.5504288616028553,0.3294276227090476,3,0.5691080906245607,0.34444038118248016,3,0.6435732806449905,0.4069502785755098,3,0.6865434027760052,0.15913627916755263,3,0.9247222222222222,0.06610352430790604,3,6.666666666666667,3.2145502536643185,3,90.33333333333333,79.32422916948725,3,8,0.0,3,6.666666666666667,3.2145502536643185,3,-1.3333333333333333,3.2145502536643185,3,2,2.6457513110645907,3,0,0.0,3,0.0,0.0,3,813.3333333333334,320.50013000517384,3,0.7214595490928958,0.3923782359298848,3,0.6777777777777778,0.26708344167097825,3,0.677881061993473,0.34323050048002757,3,0.7471694430249862,0.32397920102966965,3,0.6777777777777778,0.2670834416709782,3,0.7103606812013058,0.2935811723042734,3,8,0.0,3,0,0.0,0,,,0,,,0,,,0,,
spherical,8,4,10,20,1,hgp_weighted_full_vote,3,3,0.17428566722613453,0.0001295851939784836,3,0.17428566722613453,0.0001295851939784836,3,0.17432748670086948,0.0001689228800733427,3,0.17532513907170116,0.000810335092824853,3,0.4960670585395563,0.015235207876538067,3,0.9872222222222222,0.008179128813519695,3,3,0.0,3,15.333333333333334,9.814954576223638,3,8,0.0,3,3,0.0,3,-5,0.0,3,5,0.0,3,0.3333333333333333,0.5773502691896257,3,0.041666666666666664,0.07216878364870322,3,444.3333333333333,2.309401076758503,3,0.26901274663713387,0.00199770634009175,3,0.37027777777777776,0.001924500897298765,3,0.2830618468662621,0.0013564111769847722,3,0.37507670937807014,0.0011525845323887376,3,0.37027777777777776,0.001924500897298765,3,0.3726575491402115,0.00040211347213180116,0,,,0,,,3,0,0.0,3,0,0.0,3,261.6666666666667,30.28751117760146,3,0,0.0
spherical,8,4,10,20,2,hdbscan_common,3,3,0.1824211279111104,0.06584557938271117,3,0.1824211279111104,0.06584557938271117,3,0.2556259703677169,0.1770904454181143,3,0.4305043738493699,0.45005286167983827,3,0.44341001106802724,0.12373186080962396,3,0.7325,0.1286333074198817,3,4.666666666666667,2.8867513459481287,3,321,154.35996890385798,3,8,0.0,3,4.666666666666667,2.8867513459481287,3,-3.3333333333333335,2.8867513459481287,3,3.3333333333333335,2.8867513459481287,3,0,0.0,3,0.0,0.0,3,473.3333333333333,182.44542563005885,3,0.5069079526307492,0.40556727369446427,3,0.39444444444444443,0.15203785469171568,3,0.40960452371266015,0.26438730048330894,3,0.5787047890861091,0.3438567799201353,3,0.39444444444444443,0.15203785469171568,3,0.46619682618405556,0.21947223907080984,3,8,0.0,3,0,0.0,0,,,0,,,0,,,0,,
spherical,8,4,10,20,2,hgp_first_coverage,3,3,0.5504288616028553,0.3294276227090476,3,0.5504288616028553,0.3294276227090476,3,0.5691080906245607,0.34444038118248016,3,0.6435732806449905,0.4069502785755098,3,0.6865434027760052,0.15913627916755263,3,0.9247222222222222,0.06610352430790604,3,6.666666666666667,3.2145502536643185,3,90.33333333333333,79.32422916948725,3,8,0.0,3,6.666666666666667,3.2145502536643185,3,-1.3333333333333333,3.2145502536643185,3,2,2.6457513110645907,3,0,0.0,3,0.0,0.0,3,813.3333333333334,320.50013000517384,3,0.7214595490928958,0.3923782359298848,3,0.6777777777777778,0.26708344167097825,3,0.677881061993473,0.34323050048002757,3,0.7471694430249862,0.32397920102966965,3,0.6777777777777778,0.2670834416709782,3,0.7103606812013058,0.2935811723042734,3,8,0.0,3,0,0.0,0,,,0,,,0,,,0,,
spherical,8,4,10,20,2,hgp_weighted_full_vote,3,3,0.30910301334043055,0.23362015881915832,3,0.30910301334043055,0.23362015881915832,3,0.31034847239330043,0.23572470569482395,3,0.32060773314102636,0.25208870755394513,3,0.5796829859724961,0.14182355817315676,3,0.975,0.026233460397828694,3,4,1.7320508075688772,3,30,31.480152477394387,3,8,0.0,3,4,1.7320508075688772,3,-4,1.7320508075688772,3,4,1.7320508075688772,3,0.3333333333333333,0.5773502691896257,3,0.041666666666666664,0.07216878364870322,3,570,216.5155883533562,3,0.3926453540409113,0.21438843572531507,3,0.475,0.1804296569611302,3,0.40291962010552385,0.20747697713036212,3,0.4906516447061749,0.20076043376237113,3,0.475,0.1804296569611302,3,0.482634239662414,0.19028447755517405,0,,,0,,,3,0,0.0,3,0,0.0,3,261.6666666666667,30.28751117760146,3,0,0.0
spherical,8,4,10,50,1,hdbscan_common,3,3,0.11879648807643296,0.04440010670340694,3,0.11879648807643296,0.04440010670340694,3,0.1252634959012341,0.048712616449454224,3,0.13818308794188675,0.05626248020194074,3,0.3236815381338419,0.08370394895678507,3,0.8188888888888889,0.02219442706159798,3,2.6666666666666665,0.5773502691896257,3,217.33333333333334,26.63331247391757,3,8,0.0,3,2.6666666666666665,0.5773502691896257,3,-5.333333333333333,0.5773502691896257,3,5.333333333333333,0.5773502691896257,3,0,0.0,3,0.0,0.0,3,333.6666666666667,59.47548514584251,3,0.2302364782701386,0.0736432343995299,3,0.27805555555555556,0.0495629042882021,3,0.2200423803360752,0.06394619967412017,3,0.3407410482227838,0.06834752185380508,3,0.27805555555555556,0.0495629042882021,3,0.3061904655204792,0.05766810088857912,3,8,0.0,3,0,0.0,0,,,0,,,0,,,0,,
spherical,8,4,10,50,1,hdbscan_standard,3,3,0.11864281429457448,0.04483655665548722,3,0.11864281429457448,0.04483655665548722,3,0.12493340384316992,0.04901557880169599,3,0.13767616023641369,0.05646509561550611,3,0.3216038918941388,0.0848430953610986,3,0.82,0.022095122639271422,3,2.6666666666666665,0.5773502691896257,3,216,26.514147167125703,3,8,0.0,3,2.6666666666666665,0.5773502691896257,3,-5.333333333333333,0.5773502691896257,3,5.333333333333333,0.5773502691896257,3,0,0.0,3,0.0,0.0,3,334,59.77457653551382,3,0.22959298500450404,0.07310495925330883,3,0.2783333333333333,0.0498121471129282,3,0.21983757031663234,0.06379856470640821,3,0.34060539307096926,0.0684446510603565,3,0.2783333333333333,0.0498121471129282,3,0.3063042381591796,0.057859473579906236,3,8,0.0,3,0,0.0,0,,,0,,,0,,,0,,
spherical,8,4,10,50,1,hgp_first_coverage,3,3,0.5468185732459736,0.3271721457687818,3,0.5468185732459736,0.3271721457687818,3,0.5595581993955212,0.33822643894085297,3,0.6163540095422925,0.387824496774129,3,0.6882419235041346,0.16016480523889892,3,0.9377777777777778,0.05106051239388345,3,6,2.6457513110645907,3,74.66666666666667,61.27261487266015,3,8,0.0,3,6,2.6457513110645907,3,-2,2.6457513110645907,3,2,2.6457513110645907,3,0,0.0,3,0.0,0.0,3,801.6666666666666,313.54478680618075,3,0.6691578321842142,0.35699862979916197,3,0.6680555555555556,0.26128732233848395,3,0.6516973352633308,0.32700114226819077,3,0.7232571815667266,0.30770062329010983,3,0.6680555555555555,0.26128732233848395,3,0.6943414368179381,0.2833582765221732,3,8,0.0,3,0,0.0,0,,,0,,,0,,,0,,
spherical,8,4,10,50,1,hgp_weighted_full_vote,3,3,0.17428566722613453,0.0001295851939784836,3,0.17428566722613453,0.0001295851939784836,3,0.17432748670086948,0.0001689228800733427,3,0.17532513907170116,0.000810335092824853,3,0.4960670585395563,0.015235207876538067,3,0.9872222222222222,0.008179128813519695,3,3,0.0,3,15.333333333333334,9.814954576223638,3,8,0.0,3,3,0.0,3,-5,0.0,3,5,0.0,3,0.3333333333333333,0.5773502691896257,3,0.041666666666666664,0.07216878364870322,3,444.3333333333333,2.309401076758503,3,0.26901274663713387,0.00199770634009175,3,0.37027777777777776,0.001924500897298765,3,0.2830618468662621,0.0013564111769847722,3,0.37507670937807014,0.0011525845323887376,3,0.37027777777777776,0.001924500897298765,3,0.3726575491402115,0.00040211347213180116,0,,,0,,,3,0,0.0,3,0,0.0,3,261.6666666666667,30.28751117760146,3,0,0.0
spherical,8,4,10,50,2,hdbscan_common,3,3,0.14042656555266686,0.007078077562686418,3,0.14042656555266686,0.007078077562686418,3,0.1523260454404401,0.0020040674307443586,3,0.17286047419935258,0.0038008315198116735,3,0.36195829646658695,0.017542472058396104,3,0.7819444444444444,0.04333600419119486,3,3,0.0,3,261.6666666666667,52.00320502943384,3,8,0.0,3,3,0.0,3,-5,0.0,3,5,0.0,3,0,0.0,3,0.0,0.0,3,360.3333333333333,13.316656236958785,3,0.273123683657344,0.0007696272642156636,3,0.30027777777777775,0.011097213530799004,3,0.25440807330430604,0.004447244640743242,3,0.38428563491175394,0.00741278822916411,3,0.30027777777777775,0.011097213530799004,3,0.3369531861566175,0.004396976579239788,3,8,0.0,3,0,0.0,0,,,0,,,0,,,0,,
spherical,8,4,10,50,2,hgp_first_coverage,3,3,0.5468185732459736,0.3271721457687818,3,0.5468185732459736,0.3271721457687818,3,0.5595581993955212,0.33822643894085297,3,0.6163540095422925,0.387824496774129,3,0.6882419235041346,0.16016480523889892,3,0.9377777777777778,0.05106051239388345,3,6,2.6457513110645907,3,74.66666666666667,61.27261487266015,3,8,0.0,3,6,2.6457513110645907,3,-2,2.6457513110645907,3,2,2.6457513110645907,3,0,0.0,3,0.0,0.0,3,801.6666666666666,313.54478680618075,3,0.6691578321842142,0.35699862979916197,3,0.6680555555555556,0.26128732233848395,3,0.6516973352633308,0.32700114226819077,3,0.7232571815667266,0.30770062329010983,3,0.6680555555555555,0.26128732233848395,3,0.6943414368179381,0.2833582765221732,3,8,0.0,3,0,0.0,0,,,0,,,0,,,0,,
spherical,8,4,10,50,2,hgp_weighted_full_vote,3,3,0.1738053580031057,0.0007255578067324434,3,0.1738053580031057,0.0007255578067324434,3,0.17384695741839515,0.0007112123371745966,3,0.17484020014355486,0.0007775338107577803,3,0.494657219926583,0.016015756351431588,3,0.9872222222222222,0.008179128813519695,3,3,0.0,3,15.333333333333334,9.814954576223638,3,8,0.0,3,3,0.0,3,-5,0.0,3,5,0.0,3,0.3333333333333333,0.5773502691896257,3,0.041666666666666664,0.07216878364870322,3,444,2.6457513110645907,3,0.2690029642530506,0.0019957305720310625,3,0.37,0.0022047927592204904,3,0.2829099953200479,0.0014056754532687141,3,0.37479398390450497,0.0010019168801298605,3,0.37,0.0022047927592204904,3,0.372377319351785,0.0007697117386779646,0,,,0,,,3,0,0.0,3,0,0.0,3,261.6666666666667,30.28751117760146,3,0,0.0
spherical,16,2,5,20,1,hdbscan_common,3,3,0.019687074166180284,0.006339482671078437,3,0.019687074166180284,0.006339482671078437,3,0.018367325669589298,0.006698805095767241,3,0.0129210888658993,0.0057647308505016145,3,0.10229986819630338,0.014912285576140523,3,0.6847222222222222,0.13095889233450883,3,2.3333333333333335,0.5773502691896257,3,378.3333333333333,157.15067080141063,3,16,0.0,3,2.3333333333333335,0.5773502691896257,3,-13.666666666666666,0.5773502691896257,3,13.666666666666666,0.5773502691896257,3,0,0.0,3,0.0,0.0,3,105.33333333333333,18.556220879622373,3,0.07651873399462765,0.026158076642406557,3,0.08777777777777779,0.015463517399685314,3,0.05394124340274583,0.01702778957709265,3,0.1303534820483973,0.0289440759700506,3,0.08777777777777777,0.015463517399685307,3,0.10438071805832906,0.018856393278762817,3,16,0.0,3,0,0.0,0,,,0,,,0,,,0,,
spherical,16,2,5,20,1,hdbscan_standard,3,3,0.019609850851448275,0.0062414169559607885,3,0.019609850851448275,0.0062414169559607885,3,0.01830454933097832,0.006568822490333597,3,0.012918520661748704,0.005760004938299243,3,0.10224798133392993,0.015016675104832579,3,0.6852777777777778,0.1311337668749541,3,2.3333333333333335,0.5773502691896257,3,377.6666666666667,157.36052024994495,3,16,0.0,3,2.3333333333333335,0.5773502691896257,3,-13.666666666666666,0.5773502691896257,3,13.666666666666666,0.5773502691896257,3,0,0.0,3,0.0,0.0,3,105.66666666666667,18.610033136277146,3,0.07651600266164975,0.026161239153587913,3,0.08805555555555555,0.015508360946897622,3,0.054192754436865866,0.016914056954420803,3,0.13059348203094562,0.028612870850280418,3,0.08805555555555555,0.015508360946897616,3,0.10465301425546461,0.018716802213020824,3,16,0.0,3,0,0.0,0,,,0,,,0,,,0,,
spherical,16,2,5,20,1,hgp_first_coverage,3,3,0.020053599284711086,0.016358419183192318,3,0.020053599284711086,0.016358419183192318,3,0.01989932494719654,0.017374039904669077,3,0.01934549409166554,0.017555192190926806,3,0.13312632816721123,0.05858447089283438,3,0.8480555555555556,0.08945177678710677,3,2.6666666666666665,1.1547005383792515,3,182.33333333333334,107.34213214452811,3,16,0.0,3,2.6666666666666665,1.1547005383792515,3,-13.333333333333334,1.1547005383792515,3,13.333333333333334,1.1547005383792515,3,0,0.0,3,0.0,0.0,3,140.66666666666666,39.3742724800514,3,0.09321057478398086,0.04794405640994244,3,0.11722222222222221,0.032811893733376174,3,0.07773603767001361,0.041916120649217056,3,0.14219886591350445,0.05683818907009731,3,0.11722222222222223,0.03281189373337617,3,0.1282329679676508,0.042798750664874145,3,16,0.0,3,0,0.0,0,,,0,,,0,,,0,,
spherical,16,2,5,20,1,hgp_weighted_full_vote,3,3,0.02257325192548021,0.01170151915050309,3,0.02257325192548021,0.01170151915050309,3,0.01697855112949473,0.007261943267631844,3,0.01097432678940855,0.0027483420972551184,3,0.12274718874428353,0.025283206147679406,3,0.8161111111111111,0.07960114693013276,3,2,0.0,3,220.66666666666666,95.52137631615938,3,16,0.0,3,2,0.0,3,-14,0.0,3,14,0.0,3,0,0.0,3,0.0,0.0,3,116.33333333333333,5.507570547286102,3,0.05327396275713145,0.013524023853071478,3,0.09694444444444444,0.00458964212273842,3,0.05019395135720432,0.006204979162717625,3,0.11917914567985344,0.006032921885108849,3,0.09694444444444444,0.00458964212273842,3,0.10674970551017927,0.00039761570668270924,0,,,0,,,3,0,0.0,3,0,0.0,3,31,4.358898943540674,3,0,0.0
spherical,16,2,5,20,2,hdbscan_common,3,3,0.019687074166180284,0.006339482671078437,3,0.019687074166180284,0.006339482671078437,3,0.018367325669589298,0.006698805095767241,3,0.0129210888658993,0.0057647308505016145,3,0.10229986819630338,0.014912285576140523,3,0.6847222222222222,0.13095889233450883,3,2.3333333333333335,0.5773502691896257,3,378.3333333333333,157.15067080141063,3,16,0.0,3,2.3333333333333335,0.5773502691896257,3,-13.666666666666666,0.5773502691896257,3,13.666666666666666,0.5773502691896257,3,0,0.0,3,0.0,0.0,3,105.33333333333333,18.556220879622373,3,0.07651873399462765,0.026158076642406557,3,0.08777777777777779,0.015463517399685314,3,0.05394124340274583,0.01702778957709265,3,0.1303534820483973,0.0289440759700506,3,0.08777777777777777,0.015463517399685307,3,0.10438071805832906,0.018856393278762817,3,16,0.0,3,0,0.0,0,,,0,,,0,,,0,,
spherical,16,2,5,20,2,hgp_first_coverage,3,3,0.03568821445689397,0.024216698823557675,3,0.03568821445689397,0.024216698823557675,3,0.09883625165958324,0.07819921099608707,3,0.211849350567725,0.17755290983011388,3,0.23535248994931848,0.11112534257572138,3,0.6305555555555555,0.24882269084929032,3,9,6.557438524302,3,443.3333333333333,298.5872290191483,3,16,0.0,3,9,6.557438524302,3,-7,6.557438524302,3,7,6.557438524302,3,0,0.0,3,0.0,0.0,3,220,91.0,3,0.2735208374541285,0.19486312255479984,3,0.18333333333333335,0.07583333333333335,3,0.19624515145407315,0.12891032359970084,3,0.34654368896776355,0.2122873027834165,3,0.18333333333333335,0.07583333333333334,3,0.23697137780027197,0.11900335491775077,3,16,0.0,3,0,0.0,0,,,0,,,0,,,0,,
spherical,16,2,5,20,2,hgp_weighted_full_vote,3,3,0.02238396352818277,0.01162993413399142,3,0.02238396352818277,0.01162993413399142,3,0.01921566028757043,0.00846111687427186,3,0.015708010932669533,0.007285290461820618,3,0.13398918979824864,0.03917996299997012,3,0.8311111111111111,0.08320963040773936,3,2.3333333333333335,0.5773502691896257,3,202.66666666666666,99.8515564892873,3,16,0.0,3,2.3333333333333335,0.5773502691896257,3,-13.666666666666666,0.5773502691896257,3,13.666666666666666,0.5773502691896257,3,0,0.0,3,0.0,0.0,3,133.66666666666666,30.237945256470937,3,0.07076171639477713,0.03274959824400905,3,0.1113888888888889,0.02519828771372579,3,0.06603405258141652,0.02767618159922489,3,0.1339184073467534,0.025851676487676677,3,0.1113888888888889,0.02519828771372579,3,0.1214285179538975,0.02527031169294775,0,,,0,,,3,0,0.0,3,0,0.0,3,31,4.358898943540674,3,0,0.0
spherical,16,2,5,50,1,hdbscan_common,3,3,0.007013268977939597,0.006708091125478852,3,0.007013268977939597,0.006708091125478852,3,0.024795632097038764,0.021711143933678463,2,0.054934385079436154,0.009200573025290152,3,0.06114119714453882,0.05368726517111766,3,0.15361111111111111,0.14645423378172648,3,1.3333333333333333,1.1547005383792515,3,1015.6666666666666,175.74508053807176,3,16,0.0,3,1.3333333333333333,1.1547005383792515,3,-14.666666666666666,1.1547005383792515,3,14.666666666666666,1.1547005383792515,3,0,0.0,3,0.0,0.0,3,38.333333333333336,33.50124375800596,3,0.022117698799848002,0.019871490174457183,3,0.03194444444444444,0.027917703131671634,3,0.02403125177471108,0.020969763931438415,3,0.14607553366174056,0.13328564913709431,3,0.03194444444444444,0.027917703131671634,3,0.05185079591351865,0.04495913801833406,3,16,0.0,3,0,0.0,0,,,0,,,0,,,0,,
spherical,16,2,5,50,1,hdbscan_standard,3,3,0.007075997953821673,0.0067431595815772745,3,0.007075997953821673,0.0067431595815772745,3,0.024816728956813517,0.021708457063491785,2,0.054132716000970985,0.008773471142876497,3,0.06127186488902623,0.05372101501349662,3,0.15416666666666667,0.1468913997936344,3,1.3333333333333333,1.1547005383792515,3,1015,176.26967975236127,3,16,0.0,3,1.3333333333333333,1.1547005383792515,3,-14.666666666666666,1.1547005383792515,3,14.666666666666666,1.1547005383792515,3,0,0.0,3,0.0,0.0,3,38.333333333333336,33.50124375800596,3,0.021884962676190473,0.01964697827480435,3,0.03194444444444444,0.027917703131671634,3,0.023934059779096625,0.02088399916462925,3,0.14548069940226804,0.13267483071927774,3,0.03194444444444444,0.027917703131671634,3,0.0518156652908426,0.04492880653882542,3,16,0.0,3,0,0.0,0,,,0,,,0,,,0,,
spherical,16,2,5,50,1,hgp_first_coverage,3,3,0.024170614921078217,0.010089611157800969,3,0.024170614921078217,0.010089611157800969,3,0.0365393128408273,0.020958508932716263,3,0.07501885947488182,0.09784283493693742,3,0.1440736189541539,0.015324881291368296,3,0.5858333333333333,0.33294560783674226,3,2.6666666666666665,0.5773502691896257,3,497,399.53472940409074,3,16,0.0,3,2.6666666666666665,0.5773502691896257,3,-13.333333333333334,0.5773502691896257,3,13.333333333333334,0.5773502691896257,3,0,0.0,3,0.0,0.0,3,120.33333333333333,36.11555528208494,3,0.07138423138273094,0.034116714664286896,3,0.10027777777777777,0.030096296068404114,3,0.06977409497019003,0.02584402436744364,3,0.2177687565950342,0.12984610774969993,3,0.10027777777777777,0.030096296068404114,3,0.12599789647403395,0.0201872470353067,3,16,0.0,3,0,0.0,0,,,0,,,0,,,0,,
spherical,16,2,5,50,1,hgp_weighted_full_vote,3,3,0.01818363362518278,0.03149497730503443,3,0.01818363362518278,0.03149497730503443,3,0.022446688653149287,0.03887880520893438,1,0.05609960331101969,0.0,3,0.05668384818588578,0.09817930502647511,3,0.17472222222222222,0.30262776610022885,3,0.6666666666666666,1.1547005383792515,3,990.3333333333334,363.1533193202746,3,16,0.0,3,0.6666666666666666,1.1547005383792515,3,-15.333333333333334,1.1547005383792515,3,15.333333333333334,1.1547005383792515,3,0,0.0,3,0.0,0.0,3,36,62.353829072479584,3,0.008452237075769536,0.01463970405285023,3,0.03,0.05196152422706632,3,0.012758798398661569,0.02209888707001027,3,0.057233704292527825,0.09913168374003113,3,0.03,0.05196152422706632,3,0.03936577364680153,0.06818352003551623,0,,,0,,,3,0,0.0,3,0,0.0,3,31,4.358898943540674,3,0,0.0
spherical,16,2,5,50,2,hdbscan_common,3,3,0.007013268977939597,0.006708091125478852,3,0.007013268977939597,0.006708091125478852,3,0.024795632097038764,0.021711143933678463,2,0.054934385079436154,0.009200573025290152,3,0.06114119714453882,0.05368726517111766,3,0.15361111111111111,0.14645423378172648,3,1.3333333333333333,1.1547005383792515,3,1015.6666666666666,175.74508053807176,3,16,0.0,3,1.3333333333333333,1.1547005383792515,3,-14.666666666666666,1.1547005383792515,3,14.666666666666666,1.1547005383792515,3,0,0.0,3,0.0,0.0,3,38.333333333333336,33.50124375800596,3,0.022117698799848002,0.019871490174457183,3,0.03194444444444444,0.027917703131671634,3,0.02403125177471108,0.020969763931438415,3,0.14607553366174056,0.13328564913709431,3,0.03194444444444444,0.027917703131671634,3,0.05185079591351865,0.04495913801833406,3,16,0.0,3,0,0.0,0,,,0,,,0,,,0,,
spherical,16,2,5,50,2,hgp_first_coverage,3,3,0.024170614921078217,0.010089611157800969,3,0.024170614921078217,0.010089611157800969,3,0.0365393128408273,0.020958508932716263,3,0.07501885947488182,0.09784283493693742,3,0.1440736189541539,0.015324881291368296,3,0.5858333333333333,0.33294560783674226,3,2.6666666666666665,0.5773502691896257,3,497,399.53472940409074,3,16,0.0,3,2.6666666666666665,0.5773502691896257,3,-13.333333333333334,0.5773502691896257,3,13.333333333333334,0.5773502691896257,3,0,0.0,3,0.0,0.0,3,120.33333333333333,36.11555528208494,3,0.07138423138273094,0.034116714664286896,3,0.10027777777777777,0.030096296068404114,3,0.06977409497019003,0.02584402436744364,3,0.2177687565950342,0.12984610774969993,3,0.10027777777777777,0.030096296068404114,3,0.12599789647403395,0.0201872470353067,3,16,0.0,3,0,0.0,0,,,0,,,0,,,0,,
spherical,16,2,5,50,2,hgp_weighted_full_vote,3,3,0.018298513575031077,0.031693955214942636,3,0.018298513575031077,0.031693955214942636,3,0.022680444181009646,0.0392836816597386,1,0.057046221120834115,0.0,3,0.05693749116630371,0.09861862755554215,3,0.17472222222222222,0.30262776610022885,3,0.6666666666666666,1.1547005383792515,3,990.3333333333334,363.1533193202746,3,16,0.0,3,0.6666666666666666,1.1547005383792515,3,-15.333333333333334,1.1547005383792515,3,15.333333333333334,1.1547005383792515,3,0,0.0,3,0.0,0.0,3,36,62.353829072479584,3,0.008426649785710187,0.014595385566439438,3,0.03,0.05196152422706632,3,0.012735985012249604,0.022059373125652045,3,0.057233704292527825,0.09913168374003113,3,0.03,0.05196152422706632,3,0.03936577364680153,0.06818352003551623,0,,,0,,,3,0,0.0,3,0,0.0,3,31,4.358898943540674,3,0,0.0
spherical,16,2,10,20,1,hdbscan_common,3,3,0.020849500445295276,0.0004661564678560205,3,0.020849500445295276,0.0004661564678560205,3,0.030150823977779417,0.010631880275129438,3,0.02007895834617222,0.010870927989984068,3,0.10068670798459904,0.0150228222804912,3,0.4638888888888889,0.1001954109247044,3,2.6666666666666665,0.5773502691896257,3,643.3333333333334,120.23449310964526,3,16,0.0,3,2.6666666666666665,0.5773502691896257,3,-13.333333333333334,0.5773502691896257,3,13.333333333333334,0.5773502691896257,3,0,0.0,3,0.0,0.0,3,92,18.0,3,0.0959611652560634,0.031863574803061206,3,0.07666666666666666,0.015,3,0.05428061959259136,0.016156838347144323,3,0.16839348077605623,0.037267603180340114,3,0.07666666666666666,0.014999999999999996,3,0.10458466950922157,0.017416582941936033,3,16,0.0,3,0,0.0,0,,,0,,,0,,,0,,
spherical,16,2,10,20,1,hdbscan_standard,3,3,0.020820860668224576,0.0006549924063518049,3,0.020820860668224576,0.0006549924063518049,3,0.03014303745637565,0.010898027086817,3,0.020250208694622455,0.011311382528858709,3,0.10089148616149435,0.015303897501438716,3,0.465,0.10062650965051131,3,2.6666666666666665,0.5773502691896257,3,642,120.75181158061356,3,16,0.0,3,2.6666666666666665,0.5773502691896257,3,-13.333333333333334,0.5773502691896257,3,13.333333333333334,0.5773502691896257,3,0,0.0,3,0.0,0.0,3,92.33333333333333,18.0092568789868,3,0.09529069666941772,0.03093054967248009,3,0.07694444444444444,0.015007714065822332,3,0.05454457383577644,0.016295594737270627,3,0.16875064693978642,0.038391386452972215,3,0.07694444444444444,0.015007714065822329,3,0.1049103709467484,0.01766200537892728,3,16,0.0,3,0,0.0,0,,,0,,,0,,,0,,
spherical,16,2,10,20,1,hgp_first_coverage,3,3,0.02339152560167719,0.01254612076329896,3,0.02339152560167719,0.01254612076329896,3,0.02292932893837192,0.01249480072544116,3,0.022642370902461514,0.012514715967575002,3,0.16893641346496266,0.04919015990794218,3,0.8966666666666667,0.06125991983163034,3,3,1.0,3,124,73.51190379795642,3,16,0.0,3,3,1.0,3,-13,1.0,3,13,1.0,3,0,0.0,3,0.0,0.0,3,166.66666666666666,39.52636251077669,3,0.11207389425041885,0.04498476709912293,3,0.1388888888888889,0.032938635425647234,3,0.09808846821702062,0.03866550850626642,3,0.15689469238014608,0.0466157988736255,3,0.1388888888888889,0.03293863542564725,3,0.14722354073963123,0.038954413904374575,3,16,0.0,3,0,0.0,0,,,0,,,0,,,0,,
spherical,16,2,10,20,1,hgp_weighted_full_vote,3,3,0.04299839802419772,0.027142609806734688,3,0.04299839802419772,0.027142609806734688,3,0.0497483142117329,0.03307274050306846,3,0.03711103388249026,0.022169384399970942,3,0.16103639915092213,0.04253154404558863,3,0.6619444444444444,0.24924515671954023,3,2,0.0,3,405.6666666666667,299.0941880634482,3,16,0.0,3,2,0.0,3,-14,0.0,3,14,0.0,3,0,0.0,3,0.0,0.0,3,119,12.288205727444508,3,0.04188927581752959,0.020934331276773167,3,0.09916666666666667,0.01024017143953709,3,0.04900931163670993,0.011726613377750567,3,0.15914356211357028,0.03772006794683258,3,0.09916666666666667,0.010240171439537095,3,0.11989333066968114,0.00637514086594854,0,,,0,,,3,0,0.0,3,0,0.0,3,179.66666666666666,5.033222956847166,3,0,0.0
spherical,16,2,10,20,2,hdbscan_common,3,3,0.020849500445295276,0.0004661564678560205,3,0.020849500445295276,0.0004661564678560205,3,0.030150823977779417,0.010631880275129438,3,0.02007895834617222,0.010870927989984068,3,0.10068670798459904,0.0150228222804912,3,0.4638888888888889,0.1001954109247044,3,2.6666666666666665,0.5773502691896257,3,643.3333333333334,120.23449310964526,3,16,0.0,3,2.6666666666666665,0.5773502691896257,3,-13.333333333333334,0.5773502691896257,3,13.333333333333334,0.5773502691896257,3,0,0.0,3,0.0,0.0,3,92,18.0,3,0.0959611652560634,0.031863574803061206,3,0.07666666666666666,0.015,3,0.05428061959259136,0.016156838347144323,3,0.16839348077605623,0.037267603180340114,3,0.07666666666666666,0.014999999999999996,3,0.10458466950922157,0.017416582941936033,3,16,0.0,3,0,0.0,0,,,0,,,0,,,0,,
spherical,16,2,10,20,2,hgp_first_coverage,3,3,0.02339152560167719,0.01254612076329896,3,0.02339152560167719,0.01254612076329896,3,0.02292932893837192,0.01249480072544116,3,0.022642370902461514,0.012514715967575002,3,0.16893641346496266,0.04919015990794218,3,0.8966666666666667,0.06125991983163034,3,3,1.0,3,124,73.51190379795642,3,16,0.0,3,3,1.0,3,-13,1.0,3,13,1.0,3,0,0.0,3,0.0,0.0,3,166.66666666666666,39.52636251077669,3,0.11207389425041885,0.04498476709912293,3,0.1388888888888889,0.032938635425647234,3,0.09808846821702062,0.03866550850626642,3,0.15689469238014608,0.0466157988736255,3,0.1388888888888889,0.03293863542564725,3,0.14722354073963123,0.038954413904374575,3,16,0.0,3,0,0.0,0,,,0,,,0,,,0,,
spherical,16,2,10,20,2,hgp_weighted_full_vote,3,3,0.04299839802419772,0.027142609806734688,3,0.04299839802419772,0.027142609806734688,3,0.0497483142117329,0.03307274050306846,3,0.03711103388249026,0.022169384399970942,3,0.16103639915092213,0.04253154404558863,3,0.6619444444444444,0.24924515671954023,3,2,0.0,3,405.6666666666667,299.0941880634482,3,16,0.0,3,2,0.0,3,-14,0.0,3,14,0.0,3,0,0.0,3,0.0,0.0,3,119,12.288205727444508,3,0.04188927581752959,0.020934331276773167,3,0.09916666666666667,0.01024017143953709,3,0.04900931163670993,0.011726613377750567,3,0.15914356211357028,0.03772006794683258,3,0.09916666666666667,0.010240171439537095,3,0.11989333066968114,0.00637514086594854,0,,,0,,,3,0,0.0,3,0,0.0,3,179.66666666666666,5.033222956847166,3,0,0.0
spherical,16,2,10,50,1,hdbscan_common,3,3,0.004706570973999387,0.008152020056395875,3,0.004706570973999387,0.008152020056395875,3,0.014475176625783194,0.025071741364389916,1,0.05247532970984249,0.0,3,0.03472750173647105,0.06014979742750427,3,0.09222222222222222,0.15973357447579647,3,0.6666666666666666,1.1547005383792515,3,1089.3333333333333,191.68028937095576,3,16,0.0,3,0.6666666666666666,1.1547005383792515,3,-15.333333333333334,1.1547005383792515,3,15.333333333333334,1.1547005383792515,3,0,0.0,3,0.0,0.0,3,20,34.64101615137755,3,0.008839070048309179,0.015309718415331788,3,0.016666666666666666,0.02886751345948129,3,0.01098438044545829,0.019025505021199814,3,0.060240963855421686,0.10434041009451069,3,0.016666666666666666,0.02886751345948129,3,0.026109660574412535,0.045223258683260506,3,16,0.0,3,0,0.0,0,,,0,,,0,,,0,,
spherical,16,2,10,50,1,hdbscan_standard,3,3,0.004709267633057429,0.008156690806895095,3,0.004709267633057429,0.008156690806895095,3,0.014407599532505795,0.02495469440540564,1,0.052006150117870215,0.0,3,0.03428341329239883,0.059380613679316976,3,0.09250000000000001,0.16021469970012117,3,0.6666666666666666,1.1547005383792515,3,1089,192.25763964014538,3,16,0.0,3,0.6666666666666666,1.1547005383792515,3,-15.333333333333334,1.1547005383792515,3,15.333333333333334,1.1547005383792515,3,0,0.0,3,0.0,0.0,3,20,34.64101615137755,3,0.008775761648745519,0.015200065050741658,3,0.016666666666666666,0.02886751345948129,3,0.010945767195767196,0.018958624910889496,3,0.06006006006006006,0.1040270755296623,3,0.016666666666666666,0.02886751345948129,3,0.02609262883235486,0.045193758840675204,3,16,0.0,3,0,0.0,0,,,0,,,0,,,0,,
spherical,16,2,10,50,1,hgp_first_coverage,3,3,0.02017731133960377,0.007632895968624936,3,0.02017731133960377,0.007632895968624936,3,0.01964438065460059,0.007581174454011413,3,0.019312038619989425,0.007645246877815547,3,0.15903539411174797,0.036605847883785333,3,0.91,0.03940530139178965,3,2.6666666666666665,0.5773502691896257,3,108,47.286361670147556,3,16,0.0,3,2.6666666666666665,0.5773502691896257,3,-13.333333333333334,0.5773502691896257,3,13.333333333333334,0.5773502691896257,3,0,0.0,3,0.0,0.0,3,158.33333333333334,30.615900008546756,3,0.09728898115792389,0.028905171372347164,3,0.13194444444444445,0.025513250007122287,3,0.08817274355998991,0.027855118507497282,3,0.14580769695912346,0.032679013973033036,3,0.13194444444444445,0.0255132500071223,3,0.13848861069632387,0.02875358092355421,3,16,0.0,3,0,0.0,0,,,0,,,0,,,0,,
spherical,16,2,10,50,1,hgp_weighted_full_vote,3,3,0.01881469612662395,0.032588009620282035,3,0.01881469612662395,0.032588009620282035,3,0.022011817218110744,0.03812558578868724,1,0.05244928688469322,0.0,3,0.05879481498523561,0.10183560677604006,3,0.17805555555555555,0.3084012687921251,3,0.6666666666666666,1.1547005383792515,3,986.3333333333334,370.0815225505501,3,16,0.0,3,0.6666666666666666,1.1547005383792515,3,-15.333333333333334,1.1547005383792515,3,15.333333333333334,1.1547005383792515,3,0,0.0,3,0.0,0.0,3,36.666666666666664,63.50852961085884,3,0.008919859443703375,0.015449649752867308,3,0.030555555555555558,0.0529237746757157,3,0.013278418879581774,0.02299889614361744,3,0.05720228809152366,0.09907726928371112,3,0.030555555555555555,0.05292377467571569,3,0.039833423863842116,0.06899351397160113,0,,,0,,,3,0,0.0,3,0,0.0,3,179.66666666666666,5.033222956847166,3,0,0.0
spherical,16,2,10,50,2,hdbscan_common,3,3,0.004706570973999387,0.008152020056395875,3,0.004706570973999387,0.008152020056395875,3,0.014475176625783194,0.025071741364389916,1,0.05247532970984249,0.0,3,0.03472750173647105,0.06014979742750427,3,0.09222222222222222,0.15973357447579647,3,0.6666666666666666,1.1547005383792515,3,1089.3333333333333,191.68028937095576,3,16,0.0,3,0.6666666666666666,1.1547005383792515,3,-15.333333333333334,1.1547005383792515,3,15.333333333333334,1.1547005383792515,3,0,0.0,3,0.0,0.0,3,20,34.64101615137755,3,0.008839070048309179,0.015309718415331788,3,0.016666666666666666,0.02886751345948129,3,0.01098438044545829,0.019025505021199814,3,0.060240963855421686,0.10434041009451069,3,0.016666666666666666,0.02886751345948129,3,0.026109660574412535,0.045223258683260506,3,16,0.0,3,0,0.0,0,,,0,,,0,,,0,,
spherical,16,2,10,50,2,hgp_first_coverage,3,3,0.02017731133960377,0.007632895968624936,3,0.02017731133960377,0.007632895968624936,3,0.01964438065460059,0.007581174454011413,3,0.019312038619989425,0.007645246877815547,3,0.15903539411174797,0.036605847883785333,3,0.91,0.03940530139178965,3,2.6666666666666665,0.5773502691896257,3,108,47.286361670147556,3,16,0.0,3,2.6666666666666665,0.5773502691896257,3,-13.333333333333334,0.5773502691896257,3,13.333333333333334,0.5773502691896257,3,0,0.0,3,0.0,0.0,3,158.33333333333334,30.615900008546756,3,0.09728898115792389,0.028905171372347164,3,0.13194444444444445,0.025513250007122287,3,0.08817274355998991,0.027855118507497282,3,0.14580769695912346,0.032679013973033036,3,0.13194444444444445,0.0255132500071223,3,0.13848861069632387,0.02875358092355421,3,16,0.0,3,0,0.0,0,,,0,,,0,,,0,,
spherical,16,2,10,50,2,hgp_weighted_full_vote,3,3,0.01881469612662395,0.032588009620282035,3,0.01881469612662395,0.032588009620282035,3,0.022011817218110744,0.03812558578868724,1,0.05244928688469322,0.0,3,0.05879481498523561,0.10183560677604006,3,0.17805555555555555,0.3084012687921251,3,0.6666666666666666,1.1547005383792515,3,986.3333333333334,370.0815225505501,3,16,0.0,3,0.6666666666666666,1.1547005383792515,3,-15.333333333333334,1.1547005383792515,3,15.333333333333334,1.1547005383792515,3,0,0.0,3,0.0,0.0,3,36.666666666666664,63.50852961085884,3,0.008919859443703375,0.015449649752867308,3,0.030555555555555558,0.0529237746757157,3,0.013278418879581774,0.02299889614361744,3,0.05720228809152366,0.09907726928371112,3,0.030555555555555555,0.05292377467571569,3,0.039833423863842116,0.06899351397160113,0,,,0,,,3,0,0.0,3,0,0.0,3,179.66666666666666,5.033222956847166,3,0,0.0
unbalanced,8,4,5,20,1,hdbscan_common,2,2,0.26863348139721954,0.03732610665046355,2,0.26863348139721954,0.03732610665046355,2,0.27615759823504726,0.04540317981843153,2,0.2779910432448505,0.05444950762459791,2,0.47796980142061796,0.007158768817580982,2,0.8970833333333333,0.055979286843934974,2,3.5,0.7071067811865476,2,123.5,67.17514421272202,2,8,0.0,2,3.5,0.7071067811865476,2,-4.5,0.7071067811865476,2,4.5,0.7071067811865476,2,0,0.0,2,0.0,0.0,2,513,4.242640687119285,2,0.3320129866332265,0.06735463359060062,2,0.3640625,0.03977475644174332,2,0.3230742429530348,0.05580794081201552,2,0.4775971903758962,0.03374389301087879,2,0.4275,0.0035355339059327407,2,0.450943168945731,0.017033803549268582,2,8,0.0,2,0,0.0,0,,,0,,,0,,,0,,
unbalanced,8,4,5,20,1,hdbscan_standard,2,2,0.2685461221462595,0.03720256201295703,2,0.2685461221462595,0.03720256201295703,2,0.27597336619106827,0.0451426363632128,2,0.2779459964530643,0.054385801840712414,2,0.4772389827964501,0.006125235207647962,2,0.8975,0.05539003119294625,2,3.5,0.7071067811865476,2,123,66.46803743153546,2,8,0.0,2,3.5,0.7071067811865476,2,-4.5,0.7071067811865476,2,4.5,0.7071067811865476,2,0,0.0,2,0.0,0.0,2,513,4.242640687119285,2,0.3317249806039414,0.0669473315579404,2,0.3640625,0.03977475644174332,2,0.32294531486358036,0.05562560895933827,2,0.47735376429533916,0.03339963654631967,2,0.4275,0.0035355339059327407,2,0.4508393600024698,0.01688699553381301,2,8,0.0,2,0,0.0,0,,,0,,,0,,,0,,
unbalanced,8,4,5,20,1,hgp_first_coverage,2,2,0.535887255061827,0.2008386080790462,2,0.535887255061827,0.2008386080790462,2,0.5679602888558829,0.23931690005846046,2,0.6806477390612343,0.3770755201298224,2,0.682163220301261,0.10369942416628218,2,0.8604166666666667,0.07837100158150902,2,7,1.4142135623730951,2,167.5,94.04520189781083,2,8,0.0,2,7,1.4142135623730951,2,-1,1.4142135623730951,2,1,1.4142135623730951,2,0,0.0,2,0.0,0.0,2,778.5,229.80970388562795,2,0.7973159080464196,0.25019998506783786,2,0.66171875,0.13295080625434563,2,0.6965647818649858,0.2049541778574982,2,0.7673148184779313,0.29246680959667515,2,0.6487499999999999,0.19150808657135665,2,0.702383950306388,0.23546483681415548,2,8,0.0,2,0,0.0,0,,,0,,,0,,,0,,
unbalanced,8,4,5,20,1,hgp_weighted_full_vote,2,2,0.3114853166557686,0.009567056494086944,2,0.3114853166557686,0.009567056494086944,2,0.3116722380872997,0.00969783451814279,2,0.3090531552788982,0.01040586889250918,2,0.5821359743602601,0.00752086953121539,2,0.9741666666666666,0.009428090415820616,2,4,0.0,2,31,11.313708498984761,2,8,0.0,2,4,0.0,2,-4,0.0,2,4,0.0,2,0,0.0,2,0.0,0.0,2,582.5,2.1213203435596424,2,0.3863833558040181,0.016769795488317307,2,0.4682291666666667,0.002209708691207953,2,0.4033555061890178,0.008806397084336112,2,0.49830369184857337,0.0030079917621754037,2,0.4854166666666667,0.0017677669529663704,2,0.49177001039005563,0.0005576622452412483,0,,,0,,,2,0,0.0,2,0,0.0,2,34.5,2.1213203435596424,2,0,0.0
unbalanced,8,4,5,20,2,hdbscan_common,2,2,0.3473178095158832,0.07395033732116524,2,0.3473178095158832,0.07395033732116524,2,0.40875945437858197,0.14212416353560145,2,0.5431446007706023,0.3205342495397949,2,0.5376207027128489,0.07720034479767084,2,0.7591666666666668,0.13906433363335433,2,5.5,2.1213203435596424,2,289,166.87720036002523,2,8,0.0,2,5.5,2.1213203435596424,2,-2.5,2.1213203435596424,2,2.5,2.1213203435596424,2,0,0.0,2,0.0,0.0,2,573.5,81.31727983645297,2,0.5827493568967315,0.28724014181625007,2,0.45416666666666666,0.08765177808458241,2,0.481277048515555,0.16792461241997428,2,0.6485851050922982,0.20806953498295103,2,0.47791666666666666,0.06776439986371084,2,0.5481020719219827,0.12036963474503821,2,8,0.0,2,0,0.0,0,,,0,,,0,,,0,,
unbalanced,8,4,5,20,2,hgp_first_coverage,2,2,0.535887255061827,0.2008386080790462,2,0.535887255061827,0.2008386080790462,2,0.5679602888558829,0.23931690005846046,2,0.6806477390612343,0.3770755201298224,2,0.682163220301261,0.10369942416628218,2,0.8604166666666667,0.07837100158150902,2,7,1.4142135623730951,2,167.5,94.04520189781083,2,8,0.0,2,7,1.4142135623730951,2,-1,1.4142135623730951,2,1,1.4142135623730951,2,0,0.0,2,0.0,0.0,2,778.5,229.80970388562795,2,0.7973159080464196,0.25019998506783786,2,0.66171875,0.13295080625434563,2,0.6965647818649858,0.2049541778574982,2,0.7673148184779313,0.29246680959667515,2,0.6487499999999999,0.19150808657135665,2,0.702383950306388,0.23546483681415548,2,8,0.0,2,0,0.0,0,,,0,,,0,,,0,,
unbalanced,8,4,5,20,2,hgp_weighted_full_vote,2,2,0.3109897044790664,0.00886615503211738,2,0.3109897044790664,0.00886615503211738,2,0.3111757479121613,0.00899569137887708,2,0.30854002939129344,0.00968019930305378,2,0.5819383285826984,0.007800382870388851,2,0.9741666666666666,0.009428090415820616,2,4,0.0,2,31,11.313708498984761,2,8,0.0,2,4,0.0,2,-4,0.0,2,4,0.0,2,0,0.0,2,0.0,0.0,2,582.5,2.1213203435596424,2,0.3871284293719001,0.015716102343652866,2,0.4682291666666667,0.002209708691207953,2,0.40371525518204066,0.008297635179353053,2,0.49830369184857337,0.0030079917621754037,2,0.4854166666666667,0.0017677669529663704,2,0.49177001039005563,0.0005576622452412483,0,,,0,,,2,0,0.0,2,0,0.0,2,34.5,2.1213203435596424,2,0,0.0
unbalanced,8,4,5,50,1,hdbscan_common,2,2,0.23668038051641008,0.0065419891013952436,2,0.23668038051641008,0.0065419891013952436,2,0.23826693701087764,0.0026042004360631145,2,0.21153675729673044,0.002891961631141008,2,0.43361524713126337,0.03163173735049349,2,0.88,0.02710575994548432,2,2,0.0,2,144,32.526911934581186,2,8,0.0,2,2,0.0,2,-6,0.0,2,6,0.0,2,0,0.0,2,0.0,0.0,2,454,15.556349186104045,2,0.15939928032935136,1.868438081109295e-05,2,0.23645833333333333,0.008102265201095847,2,0.17408158059564394,0.0033766213050503164,2,0.4299013015349805,0.0014895714114715184,2,0.3783333333333333,0.012963624321753396,2,0.40242467734864584,0.007988947842103938,2,8,0.0,2,0,0.0,0,,,0,,,0,,,0,,
unbalanced,8,4,5,50,1,hdbscan_standard,2,2,0.23662576380716635,0.006619228792339909,2,0.23662576380716635,0.006619228792339909,2,0.23812116248505638,0.002810356747528051,2,0.21159747416367347,0.0028060950144453674,2,0.43298359566102157,0.03252502742640235,2,0.8804166666666666,0.026516504294495518,2,2,0.0,2,143.5,31.81980515339464,2,8,0.0,2,2,0.0,2,-6,0.0,2,6,0.0,2,0,0.0,2,0.0,0.0,2,454,15.556349186104045,2,0.15911127430006625,0.0003886176518491316,2,0.23645833333333333,0.008102265201095847,2,0.17395265250618952,0.0035589531577276037,2,0.42969392821994723,0.0017828415660658627,2,0.3783333333333333,0.012963624321753396,2,0.4023358734905091,0.008114535462671954,2,8,0.0,2,0,0.0,0,,,0,,,0,,,0,,
unbalanced,8,4,5,50,1,hgp_first_coverage,2,2,0.31205475608836497,0.00864305845952359,2,0.31205475608836497,0.00864305845952359,2,0.3122961261263708,0.008830879241322195,2,0.30958275184644624,0.010506982944045106,2,0.583367249479587,0.01033381297137846,2,0.9720833333333334,0.00883883476483189,2,4,0.0,2,33.5,10.606601717798213,2,8,0.0,2,4,0.0,2,-4,0.0,2,4,0.0,2,0,0.0,2,0.0,0.0,2,582.5,2.1213203435596424,2,0.38878152853810344,0.01729056513581216,2,0.4674479166666667,0.001104854345603996,2,0.40405223920534417,0.008276361996482797,2,0.49936942644263915,0.0027220679577906336,2,0.4854166666666667,0.0017677669529663704,2,0.49228911626697736,0.00041363781919773543,2,8,0.0,2,0,0.0,0,,,0,,,0,,,0,,
unbalanced,8,4,5,50,1,hgp_weighted_full_vote,2,2,0.23861060711620555,0.0035716608230376935,2,0.23861060711620555,0.0035716608230376935,2,0.2334003458100532,0.003630128431590899,2,0.2064082023389357,0.001630344602175326,2,0.4977700884784001,0.0035437252828207323,2,0.93875,0.0076603234628542845,2,2,0.0,2,73.5,9.192388155425117,2,8,0.0,2,2,0.0,2,-6,0.0,2,6,0.0,2,0,0.0,2,0.0,0.0,2,478.5,2.1213203435596424,2,0.15782158205403105,0.0002610726415708824,2,0.24921875,0.0011048543456039766,2,0.17737528180808057,0.00022124504374132912,2,0.42477343651494137,0.0015830998339986697,2,0.39875000000000005,0.0017677669529663704,2,0.4113471259441004,0.00019831430854180888,0,,,0,,,2,0,0.0,2,0,0.0,2,34.5,2.1213203435596424,2,0,0.0
unbalanced,8,4,5,50,2,hdbscan_common,2,2,0.23668038051641008,0.0065419891013952436,2,0.23668038051641008,0.0065419891013952436,2,0.23826693701087764,0.0026042004360631145,2,0.21153675729673044,0.002891961631141008,2,0.43361524713126337,0.03163173735049349,2,0.88,0.02710575994548432,2,2,0.0,2,144,32.526911934581186,2,8,0.0,2,2,0.0,2,-6,0.0,2,6,0.0,2,0,0.0,2,0.0,0.0,2,454,15.556349186104045,2,0.15939928032935136,1.868438081109295e-05,2,0.23645833333333333,0.008102265201095847,2,0.17408158059564394,0.0033766213050503164,2,0.4299013015349805,0.0014895714114715184,2,0.3783333333333333,0.012963624321753396,2,0.40242467734864584,0.007988947842103938,2,8,0.0,2,0,0.0,0,,,0,,,0,,,0,,
unbalanced,8,4,5,50,2,hgp_first_coverage,2,2,0.31205475608836497,0.00864305845952359,2,0.31205475608836497,0.00864305845952359,2,0.3122961261263708,0.008830879241322195,2,0.30958275184644624,0.010506982944045106,2,0.583367249479587,0.01033381297137846,2,0.9720833333333334,0.00883883476483189,2,4,0.0,2,33.5,10.606601717798213,2,8,0.0,2,4,0.0,2,-4,0.0,2,4,0.0,2,0,0.0,2,0.0,0.0,2,582.5,2.1213203435596424,2,0.38878152853810344,0.01729056513581216,2,0.4674479166666667,0.001104854345603996,2,0.40405223920534417,0.008276361996482797,2,0.49936942644263915,0.0027220679577906336,2,0.4854166666666667,0.0017677669529663704,2,0.49228911626697736,0.00041363781919773543,2,8,0.0,2,0,0.0,0,,,0,,,0,,,0,,
unbalanced,8,4,5,50,2,hgp_weighted_full_vote,2,2,0.23861060711620555,0.0035716608230376935,2,0.23861060711620555,0.0035716608230376935,2,0.2334003458100532,0.003630128431590899,2,0.2064082023389357,0.001630344602175326,2,0.4977700884784001,0.0035437252828207323,2,0.93875,0.0076603234628542845,2,2,0.0,2,73.5,9.192388155425117,2,8,0.0,2,2,0.0,2,-6,0.0,2,6,0.0,2,0,0.0,2,0.0,0.0,2,478.5,2.1213203435596424,2,0.15782158205403105,0.0002610726415708824,2,0.24921875,0.0011048543456039766,2,0.17737528180808057,0.00022124504374132912,2,0.42477343651494137,0.0015830998339986697,2,0.39875000000000005,0.0017677669529663704,2,0.4113471259441004,0.00019831430854180888,0,,,0,,,2,0,0.0,2,0,0.0,2,34.5,2.1213203435596424,2,0,0.0
unbalanced,8,4,10,20,1,hdbscan_common,2,2,0.2645260438280775,0.015776292552962156,2,0.2645260438280775,0.015776292552962156,2,0.2890457603810241,0.0358581393378162,2,0.29460992258999186,0.06244897769217177,2,0.4366244274855422,0.010040112364978107,2,0.8104166666666666,0.0677643998637108,2,3.5,0.7071067811865476,2,227.5,81.31727983645297,2,8,0.0,2,3.5,0.7071067811865476,2,-4.5,0.7071067811865476,2,4.5,0.7071067811865476,2,0,0.0,2,0.0,0.0,2,473,2.8284271247461903,2,0.334858799478176,0.06917665542138411,2,0.31744791666666666,0.041616180351083255,2,0.2940102777319682,0.060111573698136536,2,0.48795957345217256,0.037893180522920684,2,0.39416666666666667,0.0023570226039551345,2,0.43569951976592564,0.013704508871770549,2,8,0.0,2,0,0.0,0,,,0,,,0,,,0,,
unbalanced,8,4,10,20,1,hdbscan_standard,2,2,0.26444810277258896,0.015886517850699704,2,0.26444810277258896,0.015886517850699704,2,0.2888756374496435,0.03609872949464533,2,0.29462073344198664,0.062433688838659976,2,0.43550186719920836,0.011627652346492809,2,0.8108333333333333,0.0683536555146996,2,3.5,0.7071067811865476,2,227,82.02438661763951,2,8,0.0,2,3.5,0.7071067811865476,2,-4.5,0.7071067811865476,2,4.5,0.7071067811865476,2,0,0.0,2,0.0,0.0,2,473,2.8284271247461903,2,0.3345822508056096,0.06956775430478376,2,0.31744791666666666,0.041616180351083255,2,0.29388048401744515,0.060295129729525804,2,0.4877359240590864,0.03820946852783969,2,0.39416666666666667,0.0023570226039551345,2,0.43560404487381227,0.01383953075906338,2,8,0.0,2,0,0.0,0,,,0,,,0,,,0,,
unbalanced,8,4,10,20,1,hgp_first_coverage,2,2,0.5655405944105947,0.2508944317645437,2,0.5655405944105947,0.2508944317645437,2,0.5865836334992238,0.2784964367018389,2,0.6613364422324051,0.3914597125907471,2,0.701131453583613,0.10778173814668171,2,0.89,0.061282587702834124,2,6.5,2.1213203435596424,2,132,73.53910524340094,2,8,0.0,2,6.5,2.1213203435596424,2,-1.5,2.1213203435596424,2,1.5,2.1213203435596424,2,0,0.0,2,0.0,0.0,2,796,267.28636328851496,2,0.7373899913203761,0.3296479538114484,2,0.6528645833333333,0.1800912583334488,2,0.6671008079967753,0.2588421035158186,2,0.7557262373453318,0.30230505111596706,2,0.6633333333333333,0.22273863607376243,2,0.7061325158720279,0.2585983597784526,2,8,0.0,2,0,0.0,0,,,0,,,0,,,0,,
unbalanced,8,4,10,20,1,hgp_weighted_full_vote,2,2,0.310248549507678,0.002555296982925191,2,0.310248549507678,0.002555296982925191,2,0.31030610280828375,0.0025487543737992514,2,0.30741086324923317,0.0028050252147194693,2,0.5855713599025969,0.005456560624443398,2,0.9795833333333333,0.006481812160876678,2,4,0.0,2,24.5,7.7781745930520225,2,8,0.0,2,4,0.0,2,-4,0.0,2,4,0.0,2,0,0.0,2,0.0,0.0,2,586,2.8284271247461903,2,0.39088391247607196,0.009179582880878947,2,0.4731770833333333,0.0047877021642839185,2,0.40784989129080007,0.006827369257467551,2,0.49851422450914407,0.0008924743093201837,2,0.48833333333333334,0.0023570226039551345,2,0.49336856300848664,0.0007658797843355873,0,,,0,,,2,0,0.0,2,0,0.0,2,257.5,4.949747468305833,2,0,0.0
unbalanced,8,4,10,20,2,hdbscan_common,2,2,0.2645260438280775,0.015776292552962156,2,0.2645260438280775,0.015776292552962156,2,0.2890457603810241,0.0358581393378162,2,0.29460992258999186,0.06244897769217177,2,0.4366244274855422,0.010040112364978107,2,0.8104166666666666,0.0677643998637108,2,3.5,0.7071067811865476,2,227.5,81.31727983645297,2,8,0.0,2,3.5,0.7071067811865476,2,-4.5,0.7071067811865476,2,4.5,0.7071067811865476,2,0,0.0,2,0.0,0.0,2,473,2.8284271247461903,2,0.334858799478176,0.06917665542138411,2,0.31744791666666666,0.041616180351083255,2,0.2940102777319682,0.060111573698136536,2,0.48795957345217256,0.037893180522920684,2,0.39416666666666667,0.0023570226039551345,2,0.43569951976592564,0.013704508871770549,2,8,0.0,2,0,0.0,0,,,0,,,0,,,0,,
unbalanced,8,4,10,20,2,hgp_first_coverage,2,2,0.5655405944105947,0.2508944317645437,2,0.5655405944105947,0.2508944317645437,2,0.5865836334992238,0.2784964367018389,2,0.6613364422324051,0.3914597125907471,2,0.701131453583613,0.10778173814668171,2,0.89,0.061282587702834124,2,6.5,2.1213203435596424,2,132,73.53910524340094,2,8,0.0,2,6.5,2.1213203435596424,2,-1.5,2.1213203435596424,2,1.5,2.1213203435596424,2,0,0.0,2,0.0,0.0,2,796,267.28636328851496,2,0.7373899913203761,0.3296479538114484,2,0.6528645833333333,0.1800912583334488,2,0.6671008079967753,0.2588421035158186,2,0.7557262373453318,0.30230505111596706,2,0.6633333333333333,0.22273863607376243,2,0.7061325158720279,0.2585983597784526,2,8,0.0,2,0,0.0,0,,,0,,,0,,,0,,
unbalanced,8,4,10,20,2,hgp_weighted_full_vote,2,2,0.309958949817243,0.0029648527927974805,2,0.309958949817243,0.0029648527927974805,2,0.31001638155183964,0.0029584821039703225,2,0.30711610480182205,0.0032218766086722643,2,0.5862200667871473,0.006373970698579416,2,0.9795833333333333,0.006481812160876678,2,4,0.0,2,24.5,7.7781745930520225,2,8,0.0,2,4,0.0,2,-4,0.0,2,4,0.0,2,0,0.0,2,0.0,0.0,2,586,2.8284271247461903,2,0.3911106583610582,0.009500249986638714,2,0.4731770833333333,0.0047877021642839185,2,0.4079506527740849,0.006969867513693793,2,0.49851422450914407,0.0008924743093201837,2,0.48833333333333334,0.0023570226039551345,2,0.49336856300848664,0.0007658797843355873,0,,,0,,,2,0,0.0,2,0,0.0,2,257.5,4.949747468305833,2,0,0.0
unbalanced,8,4,10,50,1,hdbscan_common,2,2,0.24069920215544127,0.01603166765685513,2,0.24069920215544127,0.01603166765685513,2,0.2519715132964529,0.014556024022286377,2,0.22458549659529298,0.012994545044714579,2,0.40187503080445414,0.022819420774549053,2,0.8291666666666666,0.010606601717798222,2,2,0.0,2,205,12.727922061357855,2,8,0.0,2,2,0.0,2,-6,0.0,2,6,0.0,2,0,0.0,2,0.0,0.0,2,438.5,14.849242404917497,2,0.1605369503502924,0.0005749725365884809,2,0.22838541666666667,0.007733980419227875,2,0.17274537881991356,0.004494656617685246,2,0.44064411724299557,0.009287194395831956,2,0.36541666666666667,0.012374368670764553,2,0.3995119079839865,0.01121345256602756,2,8,0.0,2,0,0.0,0,,,0,,,0,,,0,,
unbalanced,8,4,10,50,1,hdbscan_standard,2,2,0.24033112333106843,0.01638663258705263,2,0.24033112333106843,0.01638663258705263,2,0.25135559475990366,0.01494646418517011,2,0.22432404748544474,0.013464955201066038,2,0.4007826458012055,0.021210665454882302,2,0.8300000000000001,0.010606601717798222,2,2,0.0,2,204,12.727922061357855,2,8,0.0,2,2,0.0,2,-6,0.0,2,6,0.0,2,0,0.0,2,0.0,0.0,2,438.5,14.849242404917497,2,0.16023752256153706,0.00021622960959841422,2,0.22838541666666667,0.007733980419227875,2,0.1725888187671216,0.00434895390489088,2,0.4402017269276717,0.00928352322621178,2,0.36541666666666667,0.012374368670764553,2,0.3993299926280526,0.01120940063155852,2,8,0.0,2,0,0.0,0,,,0,,,0,,,0,,
unbalanced,8,4,10,50,1,hgp_first_coverage,2,2,0.3113970812265395,0.005670074907830537,2,0.3113970812265395,0.005670074907830537,2,0.31153611172785706,0.005762055550031259,2,0.3080619182574338,0.006333520901779749,2,0.5871181362521234,0.009942261037067643,2,0.9766666666666667,0.007071067811865481,2,4,0.0,2,28,8.48528137423857,2,8,0.0,2,4,0.0,2,-4,0.0,2,4,0.0,2,0,0.0,2,0.0,0.0,2,584.5,3.5355339059327378,2,0.38975019004622957,0.01338384110986341,2,0.4700520833333333,0.004051132600547934,2,0.4057736799682596,0.008063949750945857,2,0.4987222870988127,0.0005940827881437539,2,0.4870833333333333,0.0029462782549439766,2,0.4928308735968696,0.0012180687940490024,2,8,0.0,2,0,0.0,0,,,0,,,0,,,0,,
unbalanced,8,4,10,50,1,hgp_weighted_full_vote,2,2,0.23386617081396693,0.0031331101491067197,2,0.23386617081396693,0.0031331101491067197,2,0.22843037150330114,0.0027464328359788036,2,0.20273852958841376,0.00037461380063948135,2,0.5031960331882577,0.002811546319022903,2,0.94625,0.005303300858899072,2,2,0.0,2,64.5,6.363961030678928,2,8,0.0,2,2,0.0,2,-6,0.0,2,6,0.0,2,0,0.0,2,0.0,0.0,2,479,1.4142135623730951,2,0.15774189448752413,0.000519553715881257,2,0.24947916666666667,0.0007365695637359844,2,0.17721302884814677,1.0781566339022685e-05,2,0.4218437340034436,0.0011187877779488475,2,0.39916666666666667,0.0011785113019776065,2,0.4101904101904102,9.333818845478905e-05,0,,,0,,,2,0,0.0,2,0,0.0,2,257.5,4.949747468305833,2,0,0.0
unbalanced,8,4,10,50,2,hdbscan_common,2,2,0.24069920215544127,0.01603166765685513,2,0.24069920215544127,0.01603166765685513,2,0.2519715132964529,0.014556024022286377,2,0.22458549659529298,0.012994545044714579,2,0.40187503080445414,0.022819420774549053,2,0.8291666666666666,0.010606601717798222,2,2,0.0,2,205,12.727922061357855,2,8,0.0,2,2,0.0,2,-6,0.0,2,6,0.0,2,0,0.0,2,0.0,0.0,2,438.5,14.849242404917497,2,0.1605369503502924,0.0005749725365884809,2,0.22838541666666667,0.007733980419227875,2,0.17274537881991356,0.004494656617685246,2,0.44064411724299557,0.009287194395831956,2,0.36541666666666667,0.012374368670764553,2,0.3995119079839865,0.01121345256602756,2,8,0.0,2,0,0.0,0,,,0,,,0,,,0,,
unbalanced,8,4,10,50,2,hgp_first_coverage,2,2,0.5093453836902506,0.2742710990850814,2,0.5093453836902506,0.2742710990850814,2,0.5461701316987286,0.3260605576868949,2,0.6257408818710686,0.44293237792125156,2,0.6698101680931071,0.12688645396677473,2,0.8820833333333333,0.12668996496258977,2,5,1.4142135623730951,2,141.5,152.02795795510772,2,8,0.0,2,5,1.4142135623730951,2,-3,1.4142135623730951,2,3,1.4142135623730951,2,0,0.0,2,0.0,0.0,2,751.5,239.7091988222396,2,0.551806794597376,0.24256648913822818,2,0.55703125,0.12705824974445776,2,0.5410106108177097,0.19931785149195075,2,0.7337983128709871,0.3318536210476325,2,0.62625,0.19975766568519965,2,0.6741577272636172,0.25765296447200503,2,8,0.0,2,0,0.0,0,,,0,,,0,,,0,,
unbalanced,8,4,10,50,2,hgp_weighted_full_vote,2,2,0.23386617081396693,0.0031331101491067197,2,0.23386617081396693,0.0031331101491067197,2,0.22843037150330114,0.0027464328359788036,2,0.20273852958841376,0.00037461380063948135,2,0.5031960331882577,0.002811546319022903,2,0.94625,0.005303300858899072,2,2,0.0,2,64.5,6.363961030678928,2,8,0.0,2,2,0.0,2,-6,0.0,2,6,0.0,2,0,0.0,2,0.0,0.0,2,479,1.4142135623730951,2,0.15774189448752413,0.000519553715881257,2,0.24947916666666667,0.0007365695637359844,2,0.17721302884814677,1.0781566339022685e-05,2,0.4218437340034436,0.0011187877779488475,2,0.39916666666666667,0.0011785113019776065,2,0.4101904101904102,9.333818845478905e-05,0,,,0,,,2,0,0.0,2,0,0.0,2,257.5,4.949747468305833,2,0,0.0
