7	0	threshold	26	K=5	M=64	OK	
7	0	threshold	26	K=8	M=64	OK	
7	1	corners	43	K=12	M=64	OK	
7	1	corners	43	K=2	M=0	OK	
7	2	threshold	20	K=3	M=64	OK	
7	2	threshold	20	K=10	M=0	OK	
7	3	threshold	21	K=5	M=64	OK	
7	3	threshold	21	K=2	M=0	OK	
7	4	threshold	20	K=5	M=0	OK	
7	4	threshold	20	K=2	M=64	OK	
7	5	fuzz	56	K=2	M=64	OK	
7	5	fuzz	56	K=3	M=0	OK	
7	6	threshold	28	K=8	M=64	OK	
7	6	threshold	28	K=3	M=0	OK	
7	7	corners	45	K=8	M=64	OK	
7	7	corners	45	K=10	M=0	OK	
7	8	threshold	13	K=10	M=0	OK	
7	8	threshold	13	K=5	M=0	OK	
7	9	fuzz	121	K=8	M=0	OK	
7	9	fuzz	121	K=5	M=64	OK	
7	10	threshold	9	K=12	M=64	OK	
7	10	threshold	9	K=2	M=0	OK	
7	11	fuzz	226	K=5	M=64	OK	
7	11	fuzz	226	K=8	M=0	OK	
7	12	threshold	10	K=2	M=64	OK	
7	12	threshold	10	K=5	M=64	OK	
7	13	corners	30	K=8	M=0	OK	
7	13	corners	30	K=12	M=64	OK	
7	14	corners	45	K=2	M=64	OK	
7	14	corners	45	K=12	M=0	OK	
7	15	threshold	30	K=12	M=64	OK	
7	15	threshold	30	K=5	M=0	OK	
7	16	fuzz	26	K=8	M=0	OK	
7	16	fuzz	26	K=2	M=0	OK	
7	17	corners	20	K=5	M=0	OK	
7	17	corners	20	K=10	M=64	OK	
7	18	corners	30	K=8	M=64	OK	
7	18	corners	30	K=3	M=0	OK	
7	19	corners	17	K=8	M=64	OK	
7	19	corners	17	K=10	M=0	OK	
7	20	corners	44	K=8	M=64	OK	
7	20	corners	44	K=3	M=64	OK	
7	21	corners	48	K=3	M=64	OK	
7	21	corners	48	K=2	M=0	OK	
7	22	corners	58	K=5	M=64	OK	
7	22	corners	58	K=3	M=64	OK	
7	23	fuzz	39	K=2	M=64	OK	
7	23	fuzz	39	K=10	M=0	OK	
7	24	fuzz	87	K=8	M=64	OK	
7	24	fuzz	87	K=5	M=64	OK	
7	25	fuzz	29	K=3	M=0	OK	
7	25	fuzz	29	K=8	M=0	OK	
7	26	threshold	25	K=2	M=0	OK	
7	26	threshold	25	K=8	M=0	OK	
7	27	corners	44	K=5	M=64	OK	
7	27	corners	44	K=3	M=64	OK	
7	28	fuzz	14	K=8	M=64	OK	
7	28	fuzz	14	K=10	M=64	OK	
7	29	fuzz	24	K=12	M=64	OK	
7	29	fuzz	24	K=3	M=0	OK	
7	30	corners	16	K=12	M=64	OK	
7	30	corners	16	K=2	M=64	OK	
7	31	fuzz	272	K=10	M=64	OK	
7	31	fuzz	272	K=8	M=0	OK	
7	32	corners	29	K=12	M=0	OK	
7	32	corners	29	K=10	M=64	OK	
7	33	fuzz	149	K=3	M=0	OK	
7	33	fuzz	149	K=5	M=0	OK	
7	34	fuzz	172	K=3	M=0	OK	
7	34	fuzz	172	K=5	M=64	OK	
7	35	fuzz	222	K=10	M=0	OK	
7	35	fuzz	222	K=8	M=0	OK	
7	36	corners	44	K=10	M=0	OK	
7	36	corners	44	K=3	M=0	OK	
7	37	corners	34	K=3	M=64	OK	
7	37	corners	34	K=8	M=0	OK	
7	38	threshold	29	K=3	M=0	OK	
7	38	threshold	29	K=8	M=64	OK	
7	39	threshold	28	K=2	M=64	OK	
7	39	threshold	28	K=12	M=0	OK	
7	40	fuzz	194	K=3	M=64	OK	
7	40	fuzz	194	K=2	M=0	OK	
7	41	corners	49	K=12	M=0	OK	
7	41	corners	49	K=5	M=64	OK	
7	42	fuzz	67	K=12	M=64	OK	
7	42	fuzz	67	K=2	M=64	OK	
7	43	corners	16	K=10	M=0	OK	
7	43	corners	16	K=3	M=0	OK	
7	44	threshold	13	K=10	M=0	OK	
7	44	threshold	13	K=8	M=64	OK	
7	45	corners	41	K=5	M=0	OK	
7	45	corners	41	K=12	M=0	OK	
7	46	fuzz	387	K=5	M=0	OK	
7	46	fuzz	387	K=8	M=64	OK	
7	47	threshold	14	K=3	M=0	OK	
7	47	threshold	14	K=12	M=0	OK	
7	48	fuzz	56	K=2	M=0	OK	
7	48	fuzz	56	K=12	M=0	OK	
7	49	corners	52	K=12	M=0	OK	
7	49	corners	52	K=3	M=64	OK	
7	50	threshold	29	K=12	M=0	OK	
7	50	threshold	29	K=5	M=64	OK	
7	51	threshold	21	K=3	M=0	OK	
7	51	threshold	21	K=12	M=64	OK	
7	52	corners	45	K=2	M=0	OK	
7	52	corners	45	K=5	M=64	OK	
7	53	threshold	17	K=2	M=0	OK	
7	53	threshold	17	K=3	M=64	OK	
7	54	corners	41	K=3	M=64	OK	
7	54	corners	41	K=10	M=64	OK	
7	55	threshold	22	K=12	M=0	OK	
7	55	threshold	22	K=8	M=0	OK	
7	56	threshold	8	K=2	M=64	OK	
7	56	threshold	8	K=5	M=64	OK	
7	57	corners	39	K=10	M=64	OK	
7	57	corners	39	K=3	M=64	OK	
7	58	corners	44	K=10	M=64	OK	
7	58	corners	44	K=2	M=64	OK	
7	59	fuzz	22	K=12	M=64	OK	
7	59	fuzz	22	K=8	M=64	OK	
7	60	fuzz	27	K=10	M=0	OK	
7	60	fuzz	27	K=3	M=0	OK	
7	61	fuzz	49	K=3	M=0	OK	
7	61	fuzz	49	K=5	M=64	OK	
7	62	corners	21	K=12	M=64	OK	
7	62	corners	21	K=5	M=64	OK	
7	63	threshold	21	K=12	M=64	OK	
7	63	threshold	21	K=5	M=0	OK	
7	64	corners	35	K=8	M=0	OK	
7	64	corners	35	K=2	M=0	OK	
7	65	corners	46	K=12	M=64	OK	
7	65	corners	46	K=2	M=64	OK	
7	66	fuzz	49	K=2	M=0	OK	
7	66	fuzz	49	K=8	M=64	OK	
7	67	fuzz	60	K=2	M=64	OK	
7	67	fuzz	60	K=5	M=0	OK	
7	68	fuzz	219	K=3	M=64	OK	
7	68	fuzz	219	K=5	M=0	OK	
7	69	corners	46	K=12	M=64	OK	
7	69	corners	46	K=8	M=0	OK	
7	70	fuzz	73	K=3	M=0	OK	
7	70	fuzz	73	K=5	M=0	OK	
7	71	corners	39	K=3	M=0	OK	
7	71	corners	39	K=12	M=0	OK	
7	72	corners	42	K=10	M=64	OK	
7	72	corners	42	K=3	M=64	OK	
7	73	threshold	14	K=12	M=0	OK	
7	73	threshold	14	K=10	M=64	OK	
7	74	fuzz	63	K=10	M=64	OK	
7	74	fuzz	63	K=5	M=64	OK	
7	75	fuzz	186	K=12	M=0	OK	
7	75	fuzz	186	K=5	M=0	OK	
7	76	threshold	18	K=3	M=64	OK	
7	76	threshold	18	K=8	M=64	OK	
7	77	fuzz	68	K=10	M=64	OK	
7	77	fuzz	68	K=5	M=64	OK	
7	78	threshold	22	K=3	M=0	OK	
7	78	threshold	22	K=10	M=0	OK	
7	79	corners	39	K=12	M=0	OK	
7	79	corners	39	K=8	M=64	OK	
7	80	fuzz	83	K=3	M=0	OK	
7	80	fuzz	83	K=2	M=0	OK	
7	81	fuzz	150	K=10	M=0	OK	
7	81	fuzz	150	K=3	M=0	OK	
7	82	corners	13	K=2	M=64	OK	
7	82	corners	13	K=12	M=0	OK	
7	83	fuzz	53	K=5	M=64	OK	
7	83	fuzz	53	K=10	M=64	OK	
7	84	fuzz	209	K=8	M=64	OK	
7	84	fuzz	209	K=2	M=64	OK	
7	85	corners	51	K=12	M=64	OK	
7	85	corners	51	K=2	M=0	OK	
7	86	fuzz	63	K=8	M=0	OK	
7	86	fuzz	63	K=2	M=0	OK	
7	87	corners	51	K=12	M=64	OK	
7	87	corners	51	K=10	M=64	OK	
7	88	corners	13	K=10	M=0	OK	
7	88	corners	13	K=12	M=0	OK	
7	89	fuzz	158	K=12	M=64	OK	
7	89	fuzz	158	K=8	M=64	OK	
7	90	threshold	19	K=10	M=0	OK	
7	90	threshold	19	K=5	M=0	OK	
7	91	threshold	27	K=3	M=64	OK	
7	91	threshold	27	K=8	M=64	OK	
7	92	threshold	17	K=2	M=0	OK	
7	92	threshold	17	K=5	M=64	OK	
7	93	corners	29	K=2	M=64	OK	
7	93	corners	29	K=12	M=0	OK	
7	94	threshold	15	K=10	M=0	OK	
7	94	threshold	15	K=8	M=64	OK	
7	95	fuzz	37	K=5	M=0	OK	
7	95	fuzz	37	K=3	M=0	OK	
7	96	corners	25	K=2	M=0	OK	
7	96	corners	25	K=12	M=64	OK	
7	97	fuzz	25	K=2	M=64	OK	
7	97	fuzz	25	K=10	M=64	OK	
7	98	threshold	16	K=3	M=64	OK	
7	98	threshold	16	K=8	M=0	OK	
7	99	fuzz	216	K=3	M=64	OK	
7	99	fuzz	216	K=5	M=0	OK	
7	100	corners	40	K=12	M=0	OK	
7	100	corners	40	K=5	M=0	OK	
7	101	fuzz	64	K=10	M=0	OK	
7	101	fuzz	64	K=3	M=0	OK	
7	102	threshold	13	K=12	M=0	OK	
7	102	threshold	13	K=3	M=0	OK	
7	103	fuzz	195	K=5	M=64	OK	
7	103	fuzz	195	K=3	M=0	OK	
7	104	threshold	17	K=5	M=64	OK	
7	104	threshold	17	K=12	M=0	OK	
7	105	fuzz	101	K=10	M=0	OK	
7	105	fuzz	101	K=12	M=64	OK	
7	106	corners	30	K=5	M=0	OK	
7	106	corners	30	K=3	M=0	OK	
7	107	fuzz	38	K=3	M=0	OK	
7	107	fuzz	38	K=10	M=64	OK	
7	108	threshold	15	K=12	M=0	OK	
7	108	threshold	15	K=8	M=64	OK	
7	109	corners	21	K=10	M=0	OK	
7	109	corners	21	K=5	M=0	OK	
7	110	threshold	25	K=3	M=0	OK	
7	110	threshold	25	K=8	M=64	OK	
7	111	threshold	27	K=5	M=0	OK	
7	111	threshold	27	K=8	M=0	OK	
7	112	corners	27	K=10	M=64	OK	
7	112	corners	27	K=5	M=64	OK	
7	113	fuzz	33	K=2	M=64	OK	
7	113	fuzz	33	K=8	M=0	OK	
7	114	fuzz	24	K=10	M=0	OK	
7	114	fuzz	24	K=12	M=64	OK	
7	115	threshold	20	K=5	M=64	OK	
7	115	threshold	20	K=3	M=0	OK	
7	116	fuzz	66	K=3	M=64	OK	
7	116	fuzz	66	K=5	M=0	OK	
7	117	corners	40	K=3	M=64	OK	
7	117	corners	40	K=10	M=64	OK	
7	118	threshold	15	K=2	M=64	OK	
7	118	threshold	15	K=12	M=0	OK	
7	119	threshold	24	K=3	M=0	OK	
7	119	threshold	24	K=10	M=64	OK	
7	120	threshold	15	K=5	M=0	OK	
7	120	threshold	15	K=2	M=64	OK	
7	121	threshold	24	K=12	M=64	OK	
7	121	threshold	24	K=3	M=64	OK	
7	122	threshold	26	K=2	M=0	OK	
7	122	threshold	26	K=3	M=64	OK	
7	123	threshold	13	K=8	M=64	OK	
7	123	threshold	13	K=5	M=64	OK	
7	124	threshold	22	K=5	M=0	OK	
7	124	threshold	22	K=10	M=0	OK	
7	125	fuzz	93	K=8	M=64	OK	
7	125	fuzz	93	K=2	M=0	OK	
7	126	corners	29	K=12	M=0	OK	
7	126	corners	29	K=5	M=0	OK	
7	127	fuzz	73	K=5	M=0	OK	
7	127	fuzz	73	K=12	M=64	OK	
7	128	fuzz	431	K=10	M=64	OK	
7	128	fuzz	431	K=3	M=64	OK	
7	129	corners	33	K=12	M=64	OK	
7	129	corners	33	K=5	M=0	OK	
7	130	fuzz	14	K=2	M=0	OK	
7	130	fuzz	14	K=8	M=64	OK	
7	131	corners	19	K=12	M=0	OK	
7	131	corners	19	K=5	M=64	OK	
7	132	threshold	26	K=8	M=0	OK	
7	132	threshold	26	K=10	M=0	OK	
7	133	corners	39	K=10	M=0	OK	
7	133	corners	39	K=5	M=64	OK	
7	134	threshold	13	K=8	M=0	OK	
7	134	threshold	13	K=5	M=0	OK	
7	135	threshold	25	K=12	M=0	OK	
7	135	threshold	25	K=10	M=64	OK	
7	136	fuzz	251	K=10	M=64	OK	
7	136	fuzz	251	K=5	M=0	OK	
7	137	fuzz	182	K=5	M=0	OK	
7	137	fuzz	182	K=8	M=0	OK	
7	138	corners	30	K=12	M=0	OK	
7	138	corners	30	K=10	M=0	OK	
7	139	fuzz	19	K=10	M=64	OK	
7	139	fuzz	19	K=5	M=0	OK	
7	140	corners	30	K=2	M=0	OK	
7	140	corners	30	K=5	M=0	OK	
7	141	threshold	18	K=2	M=64	OK	
7	141	threshold	18	K=12	M=0	OK	
7	142	threshold	26	K=10	M=0	OK	
7	142	threshold	26	K=12	M=0	OK	
7	143	corners	30	K=10	M=0	OK	
7	143	corners	30	K=5	M=64	OK	
7	144	fuzz	109	K=8	M=0	OK	
7	144	fuzz	109	K=5	M=0	OK	
7	145	threshold	16	K=10	M=0	OK	
7	145	threshold	16	K=8	M=0	OK	
7	146	fuzz	306	K=12	M=64	OK	
7	146	fuzz	306	K=10	M=0	OK	
7	147	threshold	23	K=5	M=64	OK	
7	147	threshold	23	K=3	M=64	OK	
7	148	threshold	18	K=10	M=0	OK	
7	148	threshold	18	K=8	M=64	OK	
7	149	corners	54	K=12	M=0	OK	
7	149	corners	54	K=8	M=64	OK	
