lidar02_full	5	4	1	avant	31.28	8.8099	7.553579
lidar02_full	5	4	1	apres	32.32	5.8572	5.594462
lidar02_full	5	4	1	apres	32.42	5.4939	5.599812
lidar02_full	5	4	1	avant	32.63	8.0084	7.606904
lidar02_full	5	4	2	avant	33.28	8.4322	7.607948
lidar02_full	5	4	2	apres	34.00	6.6989	5.546651
lidar02_full	5	4	2	apres	34.76	7.7179	5.517088
lidar02_full	5	4	2	avant	36.85	9.4241	7.569771
lidar02_full	10	4	1	avant	37.48	41.2067	32.943462
lidar02_full	10	4	1	apres	41.55	23.9819	20.935639
lidar02_full	10	4	1	apres	43.96	18.4149	21.116219
lidar02_full	10	4	1	avant	40.02	27.4895	32.626456
