dimension,split,k,min_cluster_size,exp_z,method,case_count,ari_all,ari_inliers_noise_singletons,coverage,dendrogram_purity
3,all,2,20,1,first_coverage,10,0.9458816977439866,0.977689396221562,0.9647777777777777,0.9910736727636379
3,all,2,20,1,entry_vote,10,0.947373810945013,0.9792206412895342,0.9659444444444445,0.9914114442010814
3,all,2,20,1,hdbscan_common,10,0.9275975693148518,0.9641310369196764,0.9653888888888889,0.9898182066480871
3,all,2,20,1,hdbscan_standard,10,0.9275975693148518,0.9641310369196764,0.9653888888888889,0.9898182066480871
3,all,2,20,2,first_coverage,10,0.8538468805324683,0.8693328774914437,0.9372361111111112,0.9910736727636379
3,all,2,20,2,entry_vote,10,0.8570667989519145,0.8725435685435134,0.9393611111111111,0.9920172151634344
3,all,2,20,2,hdbscan_common,10,0.8404451108081243,0.8399214346734749,0.9157361111111111,0.9898182066480871
3,all,2,50,1,first_coverage,10,0.8224406765173488,0.8542318074997423,0.8687777777777778,0.9910736727636379
3,all,2,50,1,entry_vote,10,0.8233953597647234,0.8552265123312053,0.8694444444444445,0.9914114442010814
3,all,2,50,1,hdbscan_common,10,0.8386981055939375,0.8816669933728789,0.8680555555555556,0.9898182066480871
3,all,2,50,1,hdbscan_standard,10,0.8386981055939375,0.8816669933728789,0.8680555555555556,0.9898182066480871
3,all,2,50,2,first_coverage,10,0.8149136354431633,0.8467213339207387,0.8647777777777778,0.9910736727636379
3,all,2,50,2,entry_vote,10,0.8170603753012863,0.8489067697948602,0.8664444444444445,0.9920172151634344
3,all,2,50,2,hdbscan_common,10,0.801106312020619,0.8295294615564175,0.8588333333333333,0.9898182066480871
3,all,5,20,1,first_coverage,10,0.9168114055328538,0.9318696392392878,0.9514166666666667,0.9977364343105669
3,all,5,20,1,entry_vote,10,0.9162489970514099,0.9331825387014384,0.9525277777777778,0.9971270663591898
3,all,5,20,1,hdbscan_common,10,0.9059666957216401,0.9288554237081034,0.9371944444444444,0.9608588943542562
3,all,5,20,1,hdbscan_standard,10,0.9061458861406153,0.929226256966738,0.9377777777777778,0.9608588943542562
3,all,5,20,2,first_coverage,10,0.8717864722363504,0.8859850644788414,0.9448166666666666,0.9977364343105669
3,all,5,20,2,entry_vote,10,0.8720043872982258,0.887874563315002,0.9458027777777778,0.997377063241944
3,all,5,20,2,hdbscan_common,10,0.8613837899569678,0.8710625589682228,0.9098333333333334,0.9608588943542562
3,all,5,50,1,first_coverage,10,0.8572622632141713,0.891017591815903,0.8731111111111112,0.9977364343105669
3,all,5,50,1,entry_vote,10,0.8552001414348352,0.8896295878213989,0.8730555555555556,0.9971270663591898
3,all,5,50,1,hdbscan_common,10,0.8032414481113868,0.8293258664155766,0.8376388888888889,0.9608588943542562
3,all,5,50,1,hdbscan_standard,10,0.8034389963546096,0.8296966996742111,0.8382222222222222,0.9608588943542562
3,all,5,50,2,first_coverage,10,0.8572622632141713,0.891017591815903,0.8731111111111112,0.9977364343105669
3,all,5,50,2,entry_vote,10,0.8561988914035461,0.8906283377901097,0.8730555555555556,0.997377063241944
3,all,5,50,2,hdbscan_common,10,0.8032414481113868,0.8293258664155766,0.8376388888888889,0.9608588943542562
3,all,10,20,1,first_coverage,10,0.9247128740717188,0.953666441182661,0.963125,0.9998571428571429
3,all,10,20,1,entry_vote,10,0.9217929505303748,0.9526351093709374,0.9649166666666666,0.9991071553029209
3,all,10,20,1,hdbscan_common,10,0.875273461138494,0.9041181215637275,0.9133888888888889,0.9454125505212798
3,all,10,20,1,hdbscan_standard,10,0.8756036442744333,0.9048193709682751,0.9143333333333333,0.9454125505212798
3,all,10,20,2,first_coverage,10,0.7872575663060151,0.8053132753311187,0.9446583333333334,0.9998571428571429
3,all,10,20,2,entry_vote,10,0.7409984842470998,0.761557922568179,0.9413361111111112,0.9998571428571429
3,all,10,20,2,hdbscan_common,10,0.8421357665547714,0.8655650496569145,0.8968888888888888,0.9454125505212798
3,all,10,50,1,first_coverage,10,0.8361862841647822,0.8731933780879411,0.8756111111111111,0.9998571428571429
3,all,10,50,1,entry_vote,10,0.8338851698290972,0.8722349976132044,0.875736111111111,0.9991071553029209
3,all,10,50,1,hdbscan_common,10,0.7607006454073479,0.8007166433251814,0.8466388888888889,0.9454125505212798
3,all,10,50,1,hdbscan_standard,10,0.7606518499532352,0.8010189268188845,0.8471111111111111,0.9454125505212798
3,all,10,50,2,first_coverage,10,0.8361862841647822,0.8731933780879411,0.8756111111111111,0.9998571428571429
3,all,10,50,2,entry_vote,10,0.8353143101861951,0.8736509980478927,0.8761111111111111,0.9998571428571429
3,all,10,50,2,hdbscan_common,10,0.7607006454073479,0.8007166433251814,0.8466388888888889,0.9454125505212798
3,development,2,20,1,first_coverage,5,0.9459069459423552,0.9638485646601883,0.9562222222222222,0.9863887650986504
3,development,2,20,1,entry_vote,5,0.9479630582973803,0.9657909584669476,0.9581111111111111,0.9865051572861604
3,development,2,20,1,hdbscan_common,5,0.9126796391603591,0.9568181377653018,0.9661111111111111,0.9923321744702707
3,development,2,20,1,hdbscan_standard,5,0.9126796391603591,0.9568181377653018,0.9661111111111111,0.9923321744702707
3,development,2,20,2,first_coverage,5,0.9459069459423552,0.9638485646601883,0.9562222222222222,0.9863887650986504
3,development,2,20,2,entry_vote,5,0.9492723116115734,0.9670993400792464,0.9591111111111111,0.9877167015532573
3,development,2,20,2,hdbscan_common,5,0.9084859669148879,0.9235329890335449,0.9478888888888889,0.9923321744702707
3,development,2,50,1,first_coverage,5,0.6990249034890795,0.7169333872165489,0.7642222222222222,0.9863887650986504
3,development,2,50,1,entry_vote,5,0.700006155936801,0.7178027005502898,0.7651111111111111,0.9865051572861604
3,development,2,50,1,hdbscan_common,5,0.7445815052297335,0.7886269848956016,0.7701111111111111,0.9923321744702707
3,development,2,50,1,hdbscan_standard,5,0.7445815052297335,0.7886269848956016,0.7701111111111111,0.9923321744702707
3,development,2,50,2,first_coverage,5,0.7459069459423552,0.7638485646601884,0.7562222222222222,0.9863887650986504
3,development,2,50,2,entry_vote,5,0.7492723116115734,0.7670993400792463,0.7591111111111111,0.9877167015532573
3,development,2,50,2,hdbscan_common,5,0.7403878329842624,0.7553418361638446,0.7518888888888889,0.9923321744702707
3,development,5,20,1,first_coverage,5,0.9689319720660566,0.9904951447082181,0.9728888888888889,0.9997142857142857
3,development,5,20,1,entry_vote,5,0.9667514280300717,0.9891623094465402,0.9723333333333334,0.9987167982770998
3,development,5,20,1,hdbscan_common,5,0.895401852382425,0.9150457302844506,0.9255,0.949961438460959
3,development,5,20,1,hdbscan_standard,5,0.8960357702106199,0.9157873968017196,0.9264444444444444,0.949961438460959
3,development,5,20,2,first_coverage,5,0.9689319720660566,0.9904951447082181,0.9728888888888889,0.9997142857142857
3,development,5,20,2,entry_vote,5,0.9667514280300717,0.9891623094465402,0.9723333333333334,0.9987167982770998
3,development,5,20,2,hdbscan_common,5,0.895401852382425,0.9150457302844506,0.9255,0.949961438460959
3,development,5,50,1,first_coverage,5,0.7689319720660567,0.7904951447082181,0.7728888888888888,0.9997142857142857
3,development,5,50,1,entry_vote,5,0.7667514280300718,0.7891623094465401,0.7723333333333333,0.9987167982770998
3,development,5,50,1,hdbscan_common,5,0.695401852382425,0.7150457302844505,0.7255,0.949961438460959
3,development,5,50,1,hdbscan_standard,5,0.6960357702106199,0.7157873968017197,0.7264444444444444,0.949961438460959
3,development,5,50,2,first_coverage,5,0.7689319720660567,0.7904951447082181,0.7728888888888888,0.9997142857142857
3,development,5,50,2,entry_vote,5,0.7667514280300718,0.7891623094465401,0.7723333333333333,0.9987167982770998
3,development,5,50,2,hdbscan_common,5,0.695401852382425,0.7150457302844505,0.7255,0.949961438460959
3,development,10,20,1,first_coverage,5,0.9718309571425344,0.9966024038336374,0.9762222222222222,1.0
3,development,10,20,1,entry_vote,5,0.9685210800857932,0.9958265365791663,0.9762222222222222,0.99925
3,development,10,20,1,hdbscan_common,5,0.8152967681919934,0.8441646158591144,0.8683333333333333,0.9082850551596808
3,development,10,20,1,hdbscan_standard,5,0.8166731096043136,0.8455671146682098,0.8697777777777778,0.9082850551596808
3,development,10,20,2,first_coverage,5,0.9718309571425344,0.9966024038336374,0.9762222222222222,1.0
3,development,10,20,2,entry_vote,5,0.8840305363737069,0.9110628357092231,0.9708888888888889,1.0
3,development,10,20,2,hdbscan_common,5,0.8152967681919934,0.8441646158591144,0.8683333333333333,0.9082850551596808
3,development,10,50,1,first_coverage,5,0.7728806126370182,0.7966024038336375,0.7762222222222223,1.0
3,development,10,50,1,entry_vote,5,0.7694777038555783,0.7958265365791662,0.7762222222222223,0.99925
3,development,10,50,1,hdbscan_common,5,0.5936847645458794,0.6363130985517514,0.7332777777777778,0.9082850551596808
3,development,10,50,1,hdbscan_standard,5,0.5939174721109646,0.6369176655391575,0.734,0.9082850551596808
3,development,10,50,2,first_coverage,5,0.7728806126370182,0.7966024038336375,0.7762222222222223,1.0
3,development,10,50,2,entry_vote,5,0.7708143984115038,0.7971632311350917,0.7762222222222223,1.0
3,development,10,50,2,hdbscan_common,5,0.5936847645458794,0.6363130985517514,0.7332777777777778,0.9082850551596808
3,evaluation,2,20,1,first_coverage,5,0.945856449545618,0.9915302277829356,0.9733333333333334,0.9957585804286255
3,evaluation,2,20,1,entry_vote,5,0.9467845635926458,0.9926503241121207,0.9737777777777777,0.9963177311160024
3,evaluation,2,20,1,hdbscan_common,5,0.9425154994693445,0.9714439360740509,0.9646666666666667,0.9873042388259036
3,evaluation,2,20,1,hdbscan_standard,5,0.9425154994693445,0.9714439360740509,0.9646666666666667,0.9873042388259036
3,evaluation,2,20,2,first_coverage,5,0.7617868151225812,0.7748171903226991,0.91825,0.9957585804286255
3,evaluation,2,20,2,entry_vote,5,0.7648612862922556,0.7779877970077805,0.9196111111111112,0.9963177287736117
3,evaluation,2,20,2,hdbscan_common,5,0.7724042547013608,0.756309880313405,0.8835833333333333,0.9873042388259036
3,evaluation,2,50,1,first_coverage,5,0.945856449545618,0.9915302277829356,0.9733333333333334,0.9957585804286255
3,evaluation,2,50,1,entry_vote,5,0.9467845635926458,0.9926503241121207,0.9737777777777777,0.9963177311160024
3,evaluation,2,50,1,hdbscan_common,5,0.9328147059581416,0.9747070018501564,0.966,0.9873042388259036
3,evaluation,2,50,1,hdbscan_standard,5,0.9328147059581416,0.9747070018501564,0.966,0.9873042388259036
3,evaluation,2,50,2,first_coverage,5,0.8839203249439713,0.9295941031812891,0.9733333333333334,0.9957585804286255
3,evaluation,2,50,2,entry_vote,5,0.8848484389909992,0.9307141995104741,0.9737777777777777,0.9963177287736117
3,evaluation,2,50,2,hdbscan_common,5,0.8618247910569755,0.9037170869489902,0.9657777777777777,0.9873042388259036
3,evaluation,5,20,1,first_coverage,5,0.8646908389996508,0.8732441337703574,0.9299444444444445,0.995758582906848
3,evaluation,5,20,1,entry_vote,5,0.8657465660727482,0.8772027679563367,0.9327222222222222,0.9955373344412799
3,evaluation,5,20,1,hdbscan_common,5,0.9165315390608554,0.9426651171317563,0.9488888888888889,0.9717563502475534
3,evaluation,5,20,1,hdbscan_standard,5,0.9162560020706106,0.9426651171317563,0.9491111111111111,0.9717563502475534
3,evaluation,5,20,2,first_coverage,5,0.7746409724066441,0.7814749842494647,0.9167444444444445,0.995758582906848
3,evaluation,5,20,2,entry_vote,5,0.77725734656638,0.7865868171834639,0.9192722222222223,0.9960373282067881
3,evaluation,5,20,2,hdbscan_common,5,0.8273657275315108,0.8270793876519952,0.8941666666666667,0.9717563502475534
3,evaluation,5,50,1,first_coverage,5,0.945592554362286,0.991540038923588,0.9733333333333334,0.995758582906848
3,evaluation,5,50,1,entry_vote,5,0.9436488548395987,0.9900968661962577,0.9737777777777777,0.9955373344412799
3,evaluation,5,50,1,hdbscan_common,5,0.9110810438403486,0.9436060025467026,0.9497777777777778,0.9717563502475534
3,evaluation,5,50,1,hdbscan_standard,5,0.9108422224985994,0.9436060025467026,0.95,0.9717563502475534
3,evaluation,5,50,2,first_coverage,5,0.945592554362286,0.991540038923588,0.9733333333333334,0.995758582906848
3,evaluation,5,50,2,entry_vote,5,0.9456463547770204,0.9920943661336794,0.9737777777777777,0.9960373282067881
3,evaluation,5,50,2,hdbscan_common,5,0.9110810438403486,0.9436060025467026,0.9497777777777778,0.9717563502475534
3,evaluation,10,20,1,first_coverage,5,0.8775947910009032,0.9107304785316845,0.9500277777777778,0.9997142857142857
3,evaluation,10,20,1,entry_vote,5,0.8750648209749563,0.9094436821627085,0.9536111111111111,0.9989643106058419
3,evaluation,10,20,1,hdbscan_common,5,0.9352501540849948,0.9640716272683405,0.9584444444444444,0.9825400458828788
3,evaluation,10,20,1,hdbscan_standard,5,0.9345341789445529,0.9640716272683405,0.9588888888888889,0.9825400458828788
3,evaluation,10,20,2,first_coverage,5,0.6026841754694957,0.6140241468286001,0.9130944444444444,0.9997142857142857
3,evaluation,10,20,2,entry_vote,5,0.5979664321204928,0.6120530094271349,0.9117833333333333,0.9997142857142857
3,evaluation,10,20,2,hdbscan_common,5,0.8689747649175494,0.8869654834547146,0.9254444444444444,0.9825400458828788
3,evaluation,10,50,1,first_coverage,5,0.8994919556925464,0.9497843523422448,0.975,0.9997142857142857
3,evaluation,10,50,1,entry_vote,5,0.898292635802616,0.9486434586472426,0.97525,0.9989643106058419
3,evaluation,10,50,1,hdbscan_common,5,0.9277165262688166,0.9651201880986114,0.96,0.9825400458828788
3,evaluation,10,50,1,hdbscan_standard,5,0.9273862277955058,0.9651201880986114,0.9602222222222222,0.9825400458828788
3,evaluation,10,50,2,first_coverage,5,0.8994919556925464,0.9497843523422448,0.975,0.9997142857142857
3,evaluation,10,50,2,entry_vote,5,0.8998142219608862,0.9501387649606937,0.976,0.9997142857142857
3,evaluation,10,50,2,hdbscan_common,5,0.9277165262688166,0.9651201880986114,0.96,0.9825400458828788
2,all,2,20,1,first_coverage,2,0.6859859904650536,0.6817179341969584,0.91875,0.9745280765401472
2,all,2,20,1,entry_vote,2,0.6969168677924726,0.6928764439270346,0.9291666666666667,0.9826873671013727
2,all,2,20,1,hdbscan_common,2,0.9564507058506039,0.9558408179896427,0.9729166666666667,0.9777299391190515
2,all,2,20,1,hdbscan_standard,2,0.9564507058506039,0.9558408179896427,0.9729166666666667,0.9777299391190515
2,all,2,20,2,first_coverage,2,0.6859859904650536,0.6817179341969584,0.91875,0.9745280765401472
2,all,2,20,2,entry_vote,2,0.6982345632608037,0.6941897876757523,0.9291666666666667,0.9810207437370089
2,all,2,20,2,hdbscan_common,2,0.9564507058506039,0.9558408179896427,0.9729166666666667,0.9777299391190515
2,all,2,50,1,first_coverage,2,0.9457237533826757,0.9455783237387487,0.96875,0.9745280765401472
2,all,2,50,1,entry_vote,2,0.9668574628738993,0.9664115010760981,0.9791666666666667,0.9826873671013727
2,all,2,50,1,hdbscan_common,2,0.9564507058506039,0.9558408179896427,0.9729166666666667,0.9777299391190515
2,all,2,50,1,hdbscan_standard,2,0.9564507058506039,0.9558408179896427,0.9729166666666667,0.9777299391190515
2,all,2,50,2,first_coverage,2,0.9457237533826757,0.9455783237387487,0.96875,0.9745280765401472
2,all,2,50,2,entry_vote,2,0.9614421365036239,0.961208773959441,0.9770833333333333,0.9810207437370089
2,all,2,50,2,hdbscan_common,2,0.9564507058506039,0.9558408179896427,0.9729166666666667,0.9777299391190515
2,all,5,20,1,first_coverage,2,0.7800951630097388,0.7940038452061045,0.8772435897435897,0.8579047727363582
2,all,5,20,1,entry_vote,2,0.7473815498229748,0.7650828823596467,0.8596153846153847,0.8371264635934992
2,all,5,20,1,hdbscan_common,2,0.7858235022361366,0.7874950974645413,0.8806089743589745,0.9087266375254451
2,all,5,20,1,hdbscan_standard,2,0.7834500385759346,0.7852883131673729,0.8826923076923077,0.9087266375254451
2,all,5,20,2,first_coverage,2,0.7800951630097388,0.7940038452061045,0.8772435897435897,0.8579047727363582
2,all,5,20,2,entry_vote,2,0.7859810702160865,0.7999683329537757,0.8756410256410256,0.8591195503101032
2,all,5,20,2,hdbscan_common,2,0.7858235022361366,0.7874950974645413,0.8806089743589745,0.9087266375254451
2,all,5,50,1,first_coverage,2,0.7800951630097388,0.7940038452061045,0.8772435897435897,0.8579047727363582
2,all,5,50,1,entry_vote,2,0.7473815498229748,0.7650828823596467,0.8596153846153847,0.8371264635934992
2,all,5,50,1,hdbscan_common,2,0.7858235022361366,0.7874950974645413,0.8806089743589745,0.9087266375254451
2,all,5,50,1,hdbscan_standard,2,0.7834500385759346,0.7852883131673729,0.8826923076923077,0.9087266375254451
2,all,5,50,2,first_coverage,2,0.7800951630097388,0.7940038452061045,0.8772435897435897,0.8579047727363582
2,all,5,50,2,entry_vote,2,0.7859810702160865,0.7999683329537757,0.8756410256410256,0.8591195503101032
2,all,5,50,2,hdbscan_common,2,0.7858235022361366,0.7874950974645413,0.8806089743589745,0.9087266375254451
2,all,10,20,1,first_coverage,2,0.5296159826600968,0.5429894231541487,0.7282051282051283,0.711970006093124
2,all,10,20,1,entry_vote,2,0.504755376797524,0.5116447088536806,0.7298076923076924,0.6918915091872435
2,all,10,20,1,hdbscan_common,2,0.5745823105555922,0.5940878112958614,0.7496794871794872,0.7612793886339804
2,all,10,20,1,hdbscan_standard,2,0.5706396149270951,0.5898130487403128,0.7517628205128205,0.7612793886339804
2,all,10,20,2,first_coverage,2,0.5296159826600968,0.5429894231541487,0.7282051282051283,0.711970006093124
2,all,10,20,2,entry_vote,2,0.5051391710295555,0.5126350030272446,0.7330128205128206,0.6931984362986514
2,all,10,20,2,hdbscan_common,2,0.5745823105555922,0.5940878112958614,0.7496794871794872,0.7612793886339804
2,all,10,50,1,first_coverage,2,0.5052943591594028,0.5087707536058329,0.7586538461538461,0.711970006093124
2,all,10,50,1,entry_vote,2,0.4918937298030266,0.4944019426291032,0.7634615384615384,0.6918915091872435
2,all,10,50,1,hdbscan_common,2,0.5745823105555922,0.5940878112958614,0.7496794871794872,0.7612793886339804
2,all,10,50,1,hdbscan_standard,2,0.5706396149270951,0.5898130487403128,0.7517628205128205,0.7612793886339804
2,all,10,50,2,first_coverage,2,0.5052943591594028,0.5087707536058329,0.7586538461538461,0.711970006093124
2,all,10,50,2,entry_vote,2,0.4918937298030266,0.4944019426291032,0.7634615384615384,0.6931984362986514
2,all,10,50,2,hdbscan_common,2,0.5745823105555922,0.5940878112958614,0.7496794871794872,0.7612793886339804
2,development,2,20,1,first_coverage,1,0.37197198093010714,0.3634358683939168,0.8375,0.9490561530802943
2,development,2,20,1,entry_vote,1,0.39383373558494533,0.3857528878540693,0.8583333333333333,0.9653747342027456
2,development,2,20,1,hdbscan_common,1,0.9129014117012078,0.9116816359792855,0.9458333333333333,0.955459878238103
2,development,2,20,1,hdbscan_standard,1,0.9129014117012078,0.9116816359792855,0.9458333333333333,0.955459878238103
2,development,2,20,2,first_coverage,1,0.37197198093010714,0.3634358683939168,0.8375,0.9490561530802943
2,development,2,20,2,entry_vote,1,0.3964691265216073,0.3883795753515046,0.8583333333333333,0.9620414874740179
2,development,2,20,2,hdbscan_common,1,0.9129014117012078,0.9116816359792855,0.9458333333333333,0.955459878238103
2,development,2,50,1,first_coverage,1,0.8914475067653513,0.8911566474774975,0.9375,0.9490561530802943
2,development,2,50,1,entry_vote,1,0.9337149257477985,0.9328230021521963,0.9583333333333334,0.9653747342027456
2,development,2,50,1,hdbscan_common,1,0.9129014117012078,0.9116816359792855,0.9458333333333333,0.955459878238103
2,development,2,50,1,hdbscan_standard,1,0.9129014117012078,0.9116816359792855,0.9458333333333333,0.955459878238103
2,development,2,50,2,first_coverage,1,0.8914475067653513,0.8911566474774975,0.9375,0.9490561530802943
2,development,2,50,2,entry_vote,1,0.9228842730072477,0.9224175479188822,0.9541666666666667,0.9620414874740179
2,development,2,50,2,hdbscan_common,1,0.9129014117012078,0.9116816359792855,0.9458333333333333,0.955459878238103
2,development,5,20,1,first_coverage,1,0.9387390817151663,0.9386693773565287,0.9916666666666667,0.9806093467852601
2,development,5,20,1,entry_vote,1,0.9550368544212595,0.954967044686557,0.9916666666666667,0.9851359935820257
2,development,5,20,1,hdbscan_common,1,0.5862302677209005,0.5894339177087079,0.7708333333333334,0.8292007353170006
2,development,5,20,1,hdbscan_standard,1,0.5814833404004965,0.5850203491143711,0.775,0.8292007353170006
2,development,5,20,2,first_coverage,1,0.9387390817151663,0.9386693773565287,0.9916666666666667,0.9806093467852601
2,development,5,20,2,entry_vote,1,0.9550368544212595,0.954967044686557,0.9916666666666667,0.9851359935820257
2,development,5,20,2,hdbscan_common,1,0.5862302677209005,0.5894339177087079,0.7708333333333334,0.8292007353170006
2,development,5,50,1,first_coverage,1,0.9387390817151663,0.9386693773565287,0.9916666666666667,0.9806093467852601
2,development,5,50,1,entry_vote,1,0.9550368544212595,0.954967044686557,0.9916666666666667,0.9851359935820257
2,development,5,50,1,hdbscan_common,1,0.5862302677209005,0.5894339177087079,0.7708333333333334,0.8292007353170006
2,development,5,50,1,hdbscan_standard,1,0.5814833404004965,0.5850203491143711,0.775,0.8292007353170006
2,development,5,50,2,first_coverage,1,0.9387390817151663,0.9386693773565287,0.9916666666666667,0.9806093467852601
2,development,5,50,2,entry_vote,1,0.9550368544212595,0.954967044686557,0.9916666666666667,0.9851359935820257
2,development,5,50,2,hdbscan_common,1,0.5862302677209005,0.5894339177087079,0.7708333333333334,0.8292007353170006
2,development,10,20,1,first_coverage,1,0.9550368544212595,0.954967044686557,0.9916666666666667,0.9857101152018714
2,development,10,20,1,entry_vote,1,0.9550368544212595,0.954967044686557,0.9916666666666667,0.9844237251055765
2,development,10,20,1,hdbscan_common,1,0.5910776309431411,0.5935948712546776,0.775,0.8325561535670138
2,development,10,20,1,hdbscan_standard,1,0.583192239686147,0.5850453461435803,0.7791666666666667,0.8325561535670138
2,development,10,20,2,first_coverage,1,0.9550368544212595,0.954967044686557,0.9916666666666667,0.9857101152018714
2,development,10,20,2,entry_vote,1,0.9550368544212595,0.954967044686557,0.9916666666666667,0.9844237251055765
2,development,10,20,2,hdbscan_common,1,0.5910776309431411,0.5935948712546776,0.775,0.8325561535670138
2,development,10,50,1,first_coverage,1,0.9550368544212595,0.954967044686557,0.9916666666666667,0.9857101152018714
2,development,10,50,1,entry_vote,1,0.9550368544212595,0.954967044686557,0.9916666666666667,0.9844237251055765
2,development,10,50,1,hdbscan_common,1,0.5910776309431411,0.5935948712546776,0.775,0.8325561535670138
2,development,10,50,1,hdbscan_standard,1,0.583192239686147,0.5850453461435803,0.7791666666666667,0.8325561535670138
2,development,10,50,2,first_coverage,1,0.9550368544212595,0.954967044686557,0.9916666666666667,0.9857101152018714
2,development,10,50,2,entry_vote,1,0.9550368544212595,0.954967044686557,0.9916666666666667,0.9844237251055765
2,development,10,50,2,hdbscan_common,1,0.5910776309431411,0.5935948712546776,0.775,0.8325561535670138
2,evaluation,2,20,1,first_coverage,1,1.0,1.0,1.0,1.0
2,evaluation,2,20,1,entry_vote,1,1.0,1.0,1.0,1.0
2,evaluation,2,20,1,hdbscan_common,1,1.0,1.0,1.0,1.0
2,evaluation,2,20,1,hdbscan_standard,1,1.0,1.0,1.0,1.0
2,evaluation,2,20,2,first_coverage,1,1.0,1.0,1.0,1.0
2,evaluation,2,20,2,entry_vote,1,1.0,1.0,1.0,1.0
2,evaluation,2,20,2,hdbscan_common,1,1.0,1.0,1.0,1.0
2,evaluation,2,50,1,first_coverage,1,1.0,1.0,1.0,1.0
2,evaluation,2,50,1,entry_vote,1,1.0,1.0,1.0,1.0
2,evaluation,2,50,1,hdbscan_common,1,1.0,1.0,1.0,1.0
2,evaluation,2,50,1,hdbscan_standard,1,1.0,1.0,1.0,1.0
2,evaluation,2,50,2,first_coverage,1,1.0,1.0,1.0,1.0
2,evaluation,2,50,2,entry_vote,1,1.0,1.0,1.0,1.0
2,evaluation,2,50,2,hdbscan_common,1,1.0,1.0,1.0,1.0
2,evaluation,5,20,1,first_coverage,1,0.6214512443043114,0.6493383130556803,0.7628205128205128,0.7352001986874563
2,evaluation,5,20,1,entry_vote,1,0.5397262452246899,0.5751987200327365,0.7275641025641025,0.6891169336049726
2,evaluation,5,20,1,hdbscan_common,1,0.9854167367513729,0.9855562772203746,0.9903846153846154,0.9882525397338897
2,evaluation,5,20,1,hdbscan_standard,1,0.9854167367513729,0.9855562772203746,0.9903846153846154,0.9882525397338897
2,evaluation,5,20,2,first_coverage,1,0.6214512443043114,0.6493383130556803,0.7628205128205128,0.7352001986874563
2,evaluation,5,20,2,entry_vote,1,0.6169252860109136,0.6449696212209943,0.7596153846153846,0.7331031070381808
2,evaluation,5,20,2,hdbscan_common,1,0.9854167367513729,0.9855562772203746,0.9903846153846154,0.9882525397338897
2,evaluation,5,50,1,first_coverage,1,0.6214512443043114,0.6493383130556803,0.7628205128205128,0.7352001986874563
2,evaluation,5,50,1,entry_vote,1,0.5397262452246899,0.5751987200327365,0.7275641025641025,0.6891169336049726
2,evaluation,5,50,1,hdbscan_common,1,0.9854167367513729,0.9855562772203746,0.9903846153846154,0.9882525397338897
2,evaluation,5,50,1,hdbscan_standard,1,0.9854167367513729,0.9855562772203746,0.9903846153846154,0.9882525397338897
2,evaluation,5,50,2,first_coverage,1,0.6214512443043114,0.6493383130556803,0.7628205128205128,0.7352001986874563
2,evaluation,5,50,2,entry_vote,1,0.6169252860109136,0.6449696212209943,0.7596153846153846,0.7331031070381808
2,evaluation,5,50,2,hdbscan_common,1,0.9854167367513729,0.9855562772203746,0.9903846153846154,0.9882525397338897
2,evaluation,10,20,1,first_coverage,1,0.10419511089893409,0.13101180162174034,0.46474358974358976,0.4382298969843766
2,evaluation,10,20,1,entry_vote,1,0.0544738991737886,0.06832237302080421,0.46794871794871795,0.3993592932689104
2,evaluation,10,20,1,hdbscan_common,1,0.5580869901680432,0.5945807513370452,0.7243589743589743,0.6900026237009469
2,evaluation,10,20,1,hdbscan_standard,1,0.5580869901680432,0.5945807513370452,0.7243589743589743,0.6900026237009469
2,evaluation,10,20,2,first_coverage,1,0.10419511089893409,0.13101180162174034,0.46474358974358976,0.4382298969843766
2,evaluation,10,20,2,entry_vote,1,0.05524148763785142,0.0703029613679323,0.47435897435897434,0.4019731474917262
2,evaluation,10,20,2,hdbscan_common,1,0.5580869901680432,0.5945807513370452,0.7243589743589743,0.6900026237009469
2,evaluation,10,50,1,first_coverage,1,0.05555186389754599,0.06257446252510884,0.5256410256410257,0.4382298969843766
2,evaluation,10,50,1,entry_vote,1,0.028750605184793665,0.0338368405716494,0.5352564102564102,0.3993592932689104
2,evaluation,10,50,1,hdbscan_common,1,0.5580869901680432,0.5945807513370452,0.7243589743589743,0.6900026237009469
2,evaluation,10,50,1,hdbscan_standard,1,0.5580869901680432,0.5945807513370452,0.7243589743589743,0.6900026237009469
2,evaluation,10,50,2,first_coverage,1,0.05555186389754599,0.06257446252510884,0.5256410256410257,0.4382298969843766
2,evaluation,10,50,2,entry_vote,1,0.028750605184793665,0.0338368405716494,0.5352564102564102,0.4019731474917262
2,evaluation,10,50,2,hdbscan_common,1,0.5580869901680432,0.5945807513370452,0.7243589743589743,0.6900026237009469
