unit,family,level,noise,n,seed,points,duplicates,zhat,method,ari_s,ari_nc,ami_nc,coverage,clusters,refused,reason,seconds,shared_seconds
spherical_n8000_easy_nu0_s413782755028338216,spherical,easy,0.0,8000,413782755028338216,8000,0,3.0,tour,0.382657,0.735726,0.665616,1.0,8,0,,0.1,0.2
spherical_n8000_easy_nu0_s413782755028338216,spherical,easy,0.0,8000,413782755028338216,8000,0,3.0,hdb,0.147019,0.236331,0.365988,1.0,8,0,,0.1,0.2
spherical_n8000_easy_nu0_s413782755028338216,spherical,easy,0.0,8000,413782755028338216,8000,0,3.0,temoin,0.817453,0.507639,0.311336,1.0,8,1,refus de fixture,0.1,0.2
spherical_n8000_easy_nu0_s519455872935020925,spherical,easy,0.0,8000,519455872935020925,8000,0,3.0,tour,0.583019,0.422785,0.459421,1.0,8,0,,0.1,0.2
spherical_n8000_easy_nu0_s519455872935020925,spherical,easy,0.0,8000,519455872935020925,8000,0,3.0,hdb,0.99356,0.500502,0.672605,1.0,8,0,,0.1,0.2
spherical_n8000_easy_nu0_s519455872935020925,spherical,easy,0.0,8000,519455872935020925,8000,0,3.0,temoin,0.925793,0.697564,0.055409,1.0,8,0,,0.1,0.2
spherical_n8000_easy_nu0.1_s16582094786596835,spherical,easy,0.1,8000,16582094786596835,8000,0,3.0,tour,0.185856,0.433995,0.187472,1.0,8,0,,0.1,0.2
spherical_n8000_easy_nu0.1_s16582094786596835,spherical,easy,0.1,8000,16582094786596835,8000,0,3.0,hdb,0.635933,0.492718,0.145288,1.0,8,0,,0.1,0.2
spherical_n8000_easy_nu0.1_s16582094786596835,spherical,easy,0.1,8000,16582094786596835,8000,0,3.0,temoin,0.008949,0.502699,0.544021,1.0,8,0,,0.1,0.2
spherical_n8000_easy_nu0.1_s203295289500021280,spherical,easy,0.1,8000,203295289500021280,8000,0,3.0,tour,0.835832,0.694986,0.672795,1.0,8,0,,0.1,0.2
spherical_n8000_easy_nu0.1_s203295289500021280,spherical,easy,0.1,8000,203295289500021280,8000,0,3.0,hdb,0.741464,0.202926,0.439631,1.0,8,0,,0.1,0.2
spherical_n8000_easy_nu0.1_s203295289500021280,spherical,easy,0.1,8000,203295289500021280,8000,0,3.0,temoin,0.6664,0.577256,0.021432,1.0,8,0,,0.1,0.2
spherical_n16000_easy_nu0_s694046880750421935,spherical,easy,0.0,16000,694046880750421935,16000,0,3.0,tour,0.257192,0.52204,0.793621,1.0,8,0,,0.1,0.2
spherical_n16000_easy_nu0_s694046880750421935,spherical,easy,0.0,16000,694046880750421935,16000,0,3.0,hdb,0.243848,0.435272,0.795408,1.0,8,0,,0.1,0.2
spherical_n16000_easy_nu0_s694046880750421935,spherical,easy,0.0,16000,694046880750421935,16000,0,3.0,temoin,0.488757,0.970253,0.201026,1.0,8,0,,0.1,0.2
spherical_n16000_easy_nu0_s661321575062278152,spherical,easy,0.0,16000,661321575062278152,16000,0,3.0,tour,0.997465,0.014201,0.184085,1.0,8,0,,0.1,0.2
spherical_n16000_easy_nu0_s661321575062278152,spherical,easy,0.0,16000,661321575062278152,16000,0,3.0,hdb,0.135954,0.562943,0.181568,1.0,8,0,,0.1,0.2
spherical_n16000_easy_nu0_s661321575062278152,spherical,easy,0.0,16000,661321575062278152,16000,0,3.0,temoin,0.120844,0.907348,0.073279,1.0,8,0,,0.1,0.2
spherical_n16000_easy_nu0.1_s352567429359218464,spherical,easy,0.1,16000,352567429359218464,16000,0,3.0,tour,0.166862,0.338681,0.228172,1.0,8,0,,0.1,0.2
spherical_n16000_easy_nu0.1_s352567429359218464,spherical,easy,0.1,16000,352567429359218464,16000,0,3.0,hdb,0.914701,0.959157,0.161694,1.0,8,0,,0.1,0.2
spherical_n16000_easy_nu0.1_s352567429359218464,spherical,easy,0.1,16000,352567429359218464,16000,0,3.0,temoin,0.30233,0.818409,0.516785,1.0,8,0,,0.1,0.2
spherical_n16000_easy_nu0.1_s118913837286507234,spherical,easy,0.1,16000,118913837286507234,16000,0,3.0,tour,0.30395,0.807794,0.750944,1.0,8,0,,0.1,0.2
spherical_n16000_easy_nu0.1_s118913837286507234,spherical,easy,0.1,16000,118913837286507234,16000,0,3.0,hdb,0.151156,0.018096,0.984491,1.0,8,0,,0.1,0.2
spherical_n16000_easy_nu0.1_s118913837286507234,spherical,easy,0.1,16000,118913837286507234,16000,0,3.0,temoin,0.562942,0.427695,0.143181,1.0,8,0,,0.1,0.2
spherical_n8000_hard_nu0_s95728333388992797,spherical,hard,0.0,8000,95728333388992797,8000,0,3.0,tour,0.633694,0.9373,0.899488,1.0,8,0,,0.1,0.2
spherical_n8000_hard_nu0_s95728333388992797,spherical,hard,0.0,8000,95728333388992797,8000,0,3.0,hdb,0.898458,0.48806,0.548866,1.0,8,0,,0.1,0.2
spherical_n8000_hard_nu0_s95728333388992797,spherical,hard,0.0,8000,95728333388992797,8000,0,3.0,temoin,0.105261,0.058744,0.768937,1.0,8,0,,0.1,0.2
spherical_n8000_hard_nu0_s1009446936597603628,spherical,hard,0.0,8000,1009446936597603628,8000,0,3.0,tour,0.266078,0.936735,0.12477,1.0,8,0,,0.1,0.2
spherical_n8000_hard_nu0_s1009446936597603628,spherical,hard,0.0,8000,1009446936597603628,8000,0,3.0,hdb,0.863584,0.479861,0.258658,1.0,8,0,,0.1,0.2
spherical_n8000_hard_nu0_s1009446936597603628,spherical,hard,0.0,8000,1009446936597603628,8000,0,3.0,temoin,0.657452,0.253072,0.32617,1.0,8,0,,0.1,0.2
spherical_n8000_hard_nu0.1_s531836222144016179,spherical,hard,0.1,8000,531836222144016179,8000,0,3.0,tour,0.13328,0.07042,0.894069,1.0,8,0,,0.1,0.2
spherical_n8000_hard_nu0.1_s531836222144016179,spherical,hard,0.1,8000,531836222144016179,8000,0,3.0,hdb,0.780014,0.087162,0.028391,1.0,8,0,,0.1,0.2
spherical_n8000_hard_nu0.1_s531836222144016179,spherical,hard,0.1,8000,531836222144016179,8000,0,3.0,temoin,0.244214,0.327608,0.831897,1.0,8,0,,0.1,0.2
spherical_n8000_hard_nu0.1_s46434624908862957,spherical,hard,0.1,8000,46434624908862957,8000,0,3.0,tour,0.553903,0.776682,0.065552,1.0,8,0,,0.1,0.2
spherical_n8000_hard_nu0.1_s46434624908862957,spherical,hard,0.1,8000,46434624908862957,8000,0,3.0,hdb,0.347465,0.478173,0.421985,1.0,8,0,,0.1,0.2
spherical_n8000_hard_nu0.1_s46434624908862957,spherical,hard,0.1,8000,46434624908862957,8000,0,3.0,temoin,0.288194,0.249011,0.750293,1.0,8,0,,0.1,0.2
spherical_n16000_hard_nu0_s29473491130279612,spherical,hard,0.0,16000,29473491130279612,16000,0,3.0,tour,0.299369,0.324453,0.95017,1.0,8,0,,0.1,0.2
spherical_n16000_hard_nu0_s29473491130279612,spherical,hard,0.0,16000,29473491130279612,16000,0,3.0,hdb,0.019258,0.413093,0.361307,1.0,8,0,,0.1,0.2
spherical_n16000_hard_nu0_s29473491130279612,spherical,hard,0.0,16000,29473491130279612,16000,0,3.0,temoin,0.217653,0.591674,0.176669,1.0,8,0,,0.1,0.2
spherical_n16000_hard_nu0_s145888166384189938,spherical,hard,0.0,16000,145888166384189938,16000,0,3.0,tour,0.243505,0.176084,0.832767,1.0,8,0,,0.1,0.2
spherical_n16000_hard_nu0_s145888166384189938,spherical,hard,0.0,16000,145888166384189938,16000,0,3.0,hdb,0.32008,0.581115,0.662536,1.0,8,0,,0.1,0.2
spherical_n16000_hard_nu0_s145888166384189938,spherical,hard,0.0,16000,145888166384189938,16000,0,3.0,temoin,0.152979,0.730855,0.188603,1.0,8,0,,0.1,0.2
spherical_n16000_hard_nu0.1_s656368964430225411,spherical,hard,0.1,16000,656368964430225411,16000,0,3.0,tour,0.037438,0.066527,0.935586,1.0,8,0,,0.1,0.2
spherical_n16000_hard_nu0.1_s656368964430225411,spherical,hard,0.1,16000,656368964430225411,16000,0,3.0,hdb,0.048446,0.857841,0.072346,1.0,8,0,,0.1,0.2
spherical_n16000_hard_nu0.1_s656368964430225411,spherical,hard,0.1,16000,656368964430225411,16000,0,3.0,temoin,0.673979,0.136364,0.105454,1.0,8,0,,0.1,0.2
spherical_n16000_hard_nu0.1_s696927964096217312,spherical,hard,0.1,16000,696927964096217312,16000,0,3.0,tour,0.796957,0.483056,0.214153,1.0,8,0,,0.1,0.2
spherical_n16000_hard_nu0.1_s696927964096217312,spherical,hard,0.1,16000,696927964096217312,16000,0,3.0,hdb,0.154837,0.102299,0.718612,1.0,8,0,,0.1,0.2
spherical_n16000_hard_nu0.1_s696927964096217312,spherical,hard,0.1,16000,696927964096217312,16000,0,3.0,temoin,0.230844,0.866439,0.313357,1.0,8,0,,0.1,0.2
shells_n8000_easy_nu0_s12521870380109427,shells,easy,0.0,8000,12521870380109427,8000,0,3.0,tour,0.566441,0.488921,0.035356,1.0,8,0,,0.1,0.2
shells_n8000_easy_nu0_s12521870380109427,shells,easy,0.0,8000,12521870380109427,8000,0,3.0,hdb,0.841939,0.423779,0.073321,1.0,8,0,,0.1,0.2
shells_n8000_easy_nu0_s12521870380109427,shells,easy,0.0,8000,12521870380109427,8000,0,3.0,temoin,0.274237,0.942249,0.078005,1.0,8,0,,0.1,0.2
shells_n8000_easy_nu0_s841182377684114050,shells,easy,0.0,8000,841182377684114050,8000,0,3.0,tour,0.710203,0.719485,0.414682,1.0,8,0,,0.1,0.2
shells_n8000_easy_nu0_s841182377684114050,shells,easy,0.0,8000,841182377684114050,8000,0,3.0,hdb,0.753663,0.880125,0.980258,1.0,8,0,,0.1,0.2
shells_n8000_easy_nu0_s841182377684114050,shells,easy,0.0,8000,841182377684114050,8000,0,3.0,temoin,0.974159,0.881794,0.470767,1.0,8,0,,0.1,0.2
shells_n8000_easy_nu0.1_s840295862010618993,shells,easy,0.1,8000,840295862010618993,8000,0,3.0,tour,0.576195,0.609421,0.468265,1.0,8,0,,0.1,0.2
shells_n8000_easy_nu0.1_s840295862010618993,shells,easy,0.1,8000,840295862010618993,8000,0,3.0,hdb,0.522445,0.462677,0.23373,1.0,8,0,,0.1,0.2
shells_n8000_easy_nu0.1_s840295862010618993,shells,easy,0.1,8000,840295862010618993,8000,0,3.0,temoin,0.192369,0.328202,0.963841,1.0,8,0,,0.1,0.2
shells_n8000_easy_nu0.1_s566525739930224434,shells,easy,0.1,8000,566525739930224434,8000,0,3.0,tour,0.429611,0.726494,0.748164,1.0,8,0,,0.1,0.2
shells_n8000_easy_nu0.1_s566525739930224434,shells,easy,0.1,8000,566525739930224434,8000,0,3.0,hdb,0.963704,0.337137,0.727095,1.0,8,0,,0.1,0.2
shells_n8000_easy_nu0.1_s566525739930224434,shells,easy,0.1,8000,566525739930224434,8000,0,3.0,temoin,0.082273,0.286785,0.68933,1.0,8,0,,0.1,0.2
shells_n16000_easy_nu0_s904963910412041669,shells,easy,0.0,16000,904963910412041669,16000,0,3.0,tour,0.257996,0.71761,0.259469,1.0,8,0,,0.1,0.2
shells_n16000_easy_nu0_s904963910412041669,shells,easy,0.0,16000,904963910412041669,16000,0,3.0,hdb,0.610881,0.934171,0.014166,1.0,8,0,,0.1,0.2
shells_n16000_easy_nu0_s904963910412041669,shells,easy,0.0,16000,904963910412041669,16000,0,3.0,temoin,0.430135,0.014926,0.983124,1.0,8,0,,0.1,0.2
shells_n16000_easy_nu0_s981452720337009285,shells,easy,0.0,16000,981452720337009285,16000,0,3.0,tour,0.398905,0.704691,0.39544,1.0,8,0,,0.1,0.2
shells_n16000_easy_nu0_s981452720337009285,shells,easy,0.0,16000,981452720337009285,16000,0,3.0,hdb,0.586564,0.836452,0.353515,1.0,8,0,,0.1,0.2
shells_n16000_easy_nu0_s981452720337009285,shells,easy,0.0,16000,981452720337009285,16000,0,3.0,temoin,0.286079,0.801867,0.670206,1.0,8,0,,0.1,0.2
shells_n16000_easy_nu0.1_s301432130805661713,shells,easy,0.1,16000,301432130805661713,16000,0,3.0,tour,0.907705,0.020342,0.224201,1.0,8,0,,0.1,0.2
shells_n16000_easy_nu0.1_s301432130805661713,shells,easy,0.1,16000,301432130805661713,16000,0,3.0,hdb,0.59993,0.324271,0.36604,1.0,8,0,,0.1,0.2
shells_n16000_easy_nu0.1_s301432130805661713,shells,easy,0.1,16000,301432130805661713,16000,0,3.0,temoin,0.41401,0.001683,0.496329,1.0,8,0,,0.1,0.2
shells_n16000_easy_nu0.1_s523091552427035806,shells,easy,0.1,16000,523091552427035806,16000,0,3.0,tour,0.855523,0.305584,0.292894,1.0,8,0,,0.1,0.2
shells_n16000_easy_nu0.1_s523091552427035806,shells,easy,0.1,16000,523091552427035806,16000,0,3.0,hdb,0.459122,0.872696,0.843203,1.0,8,0,,0.1,0.2
shells_n16000_easy_nu0.1_s523091552427035806,shells,easy,0.1,16000,523091552427035806,16000,0,3.0,temoin,0.256812,0.835482,0.180702,1.0,8,0,,0.1,0.2
shells_n8000_hard_nu0_s486610070877565169,shells,hard,0.0,8000,486610070877565169,8000,0,3.0,tour,0.309918,0.55736,0.835528,1.0,8,0,,0.1,0.2
shells_n8000_hard_nu0_s486610070877565169,shells,hard,0.0,8000,486610070877565169,8000,0,3.0,hdb,0.478397,0.457034,0.370541,1.0,8,0,,0.1,0.2
shells_n8000_hard_nu0_s486610070877565169,shells,hard,0.0,8000,486610070877565169,8000,0,3.0,temoin,0.059478,0.395227,0.642766,1.0,8,0,,0.1,0.2
shells_n8000_hard_nu0_s298609238784055595,shells,hard,0.0,8000,298609238784055595,8000,0,3.0,tour,0.553202,0.021868,0.271055,1.0,8,0,,0.1,0.2
shells_n8000_hard_nu0_s298609238784055595,shells,hard,0.0,8000,298609238784055595,8000,0,3.0,hdb,0.488427,0.001096,0.333459,1.0,8,0,,0.1,0.2
shells_n8000_hard_nu0_s298609238784055595,shells,hard,0.0,8000,298609238784055595,8000,0,3.0,temoin,0.379677,0.323009,0.030459,1.0,8,0,,0.1,0.2
shells_n8000_hard_nu0.1_s435422557341646035,shells,hard,0.1,8000,435422557341646035,8000,0,3.0,tour,0.70245,0.026946,0.948167,1.0,8,0,,0.1,0.2
shells_n8000_hard_nu0.1_s435422557341646035,shells,hard,0.1,8000,435422557341646035,8000,0,3.0,hdb,0.810932,0.21418,0.595285,1.0,8,0,,0.1,0.2
shells_n8000_hard_nu0.1_s435422557341646035,shells,hard,0.1,8000,435422557341646035,8000,0,3.0,temoin,0.866171,0.603322,0.141343,1.0,8,0,,0.1,0.2
shells_n8000_hard_nu0.1_s673812156045247243,shells,hard,0.1,8000,673812156045247243,8000,0,3.0,tour,0.737533,0.064747,0.815676,1.0,8,0,,0.1,0.2
shells_n8000_hard_nu0.1_s673812156045247243,shells,hard,0.1,8000,673812156045247243,8000,0,3.0,hdb,0.61655,0.332436,0.939525,1.0,8,0,,0.1,0.2
shells_n8000_hard_nu0.1_s673812156045247243,shells,hard,0.1,8000,673812156045247243,8000,0,3.0,temoin,0.713549,0.185095,0.194163,1.0,8,0,,0.1,0.2
shells_n16000_hard_nu0_s271653997526742339,shells,hard,0.0,16000,271653997526742339,16000,0,3.0,tour,0.768955,0.632915,0.980206,1.0,8,0,,0.1,0.2
shells_n16000_hard_nu0_s271653997526742339,shells,hard,0.0,16000,271653997526742339,16000,0,3.0,hdb,0.577893,0.933941,0.001897,1.0,8,0,,0.1,0.2
shells_n16000_hard_nu0_s271653997526742339,shells,hard,0.0,16000,271653997526742339,16000,0,3.0,temoin,0.595898,0.726979,0.049776,1.0,8,0,,0.1,0.2
shells_n16000_hard_nu0_s544381145460046046,shells,hard,0.0,16000,544381145460046046,16000,0,3.0,tour,0.891079,0.616129,0.544384,1.0,8,0,,0.1,0.2
shells_n16000_hard_nu0_s544381145460046046,shells,hard,0.0,16000,544381145460046046,16000,0,3.0,hdb,0.517472,0.494709,0.633942,1.0,8,0,,0.1,0.2
shells_n16000_hard_nu0_s544381145460046046,shells,hard,0.0,16000,544381145460046046,16000,0,3.0,temoin,0.865535,0.449974,0.358152,1.0,8,0,,0.1,0.2
shells_n16000_hard_nu0.1_s458044694083025237,shells,hard,0.1,16000,458044694083025237,16000,0,3.0,tour,0.169215,0.604564,0.830351,1.0,8,0,,0.1,0.2
shells_n16000_hard_nu0.1_s458044694083025237,shells,hard,0.1,16000,458044694083025237,16000,0,3.0,hdb,0.861514,0.47922,0.08504,1.0,8,0,,0.1,0.2
shells_n16000_hard_nu0.1_s458044694083025237,shells,hard,0.1,16000,458044694083025237,16000,0,3.0,temoin,0.246595,0.199797,0.735188,1.0,8,0,,0.1,0.2
shells_n16000_hard_nu0.1_s486470594519259846,shells,hard,0.1,16000,486470594519259846,16000,0,3.0,tour,0.805743,0.033153,0.492029,1.0,8,0,,0.1,0.2
shells_n16000_hard_nu0.1_s486470594519259846,shells,hard,0.1,16000,486470594519259846,16000,0,3.0,hdb,0.710772,0.435718,0.981177,1.0,8,0,,0.1,0.2
shells_n16000_hard_nu0.1_s486470594519259846,shells,hard,0.1,16000,486470594519259846,16000,0,3.0,temoin,0.383781,0.407419,0.141034,1.0,8,0,,0.1,0.2
spherical_n8000_easy_nu0_s413782755028338216,spherical,easy,0.0,8000,413782755028338216,8000,0,3.0,hdb,0.147019,0.236331,0.365988,1.0,8,0,,0.1,0.2
