j2	lidar02_full	5	4	1	1.9589	1.5869	0.1288	0.0288	0.0817	0.0183	0.1965	0.0727	0.0893	0.0343	1407885
asm	lidar02_full	5	4	1	1.8653	1.5890	0.0955	0.0093	0.0679	0.0183	0.1365	0.0431	0.0486	0.0448	1407885
j2	lidar02_full	10	4	1	7.8796	6.4221	0.4878	0.1074	0.3365	0.0439	0.8553	0.2820	0.4169	0.1561	5483320
asm	lidar02_full	10	4	1	7.4996	6.4863	0.3426	0.0370	0.2622	0.0434	0.5493	0.1704	0.1865	0.1924	5483320
j2	lidar00_full	5	4	1	1.9620	1.6191	0.1234	0.0262	0.0815	0.0157	0.1835	0.0685	0.0839	0.0310	1306696
asm	lidar00_full	5	4	1	1.9238	1.6572	0.1054	0.0096	0.0804	0.0154	0.1239	0.0408	0.0433	0.0397	1306696
j2	lidar00_full	10	4	1	8.3119	6.7919	0.5126	0.1122	0.3632	0.0373	0.8720	0.2938	0.4334	0.1445	5512670
asm	lidar00_full	10	4	1	7.8718	6.8233	0.3590	0.0404	0.2807	0.0379	0.5791	0.1860	0.1969	0.1961	5512670
j2	lidar02_full	5	1	1	6.9684	6.2419	0.2095	0.0125	0.1397	0.0573	0.4496	0.1932	0.1309	0.1254	1407885
asm	lidar02_full	5	1	1	6.9488	6.2216	0.2078	0.0102	0.1394	0.0583	0.4492	0.1600	0.1218	0.1675	1407885
j2	lidar02_full	10	1	1	28.3285	25.4333	0.8380	0.1339	0.5814	0.1227	1.9037	0.7583	0.5994	0.5457	5483320
asm	lidar02_full	10	1	1	28.3021	25.4000	0.8413	0.1325	0.5806	0.1281	1.9143	0.6847	0.4935	0.7361	5483320
j2	lidar02_full	5	4	2	1.9256	1.5589	0.1348	0.0292	0.0870	0.0186	0.1919	0.0737	0.0850	0.0330	1407885
asm	lidar02_full	5	4	2	1.8469	1.5658	0.1040	0.0111	0.0737	0.0192	0.1347	0.0456	0.0466	0.0425	1407885
j2	lidar02_full	10	4	2	7.9357	6.4327	0.5330	0.1138	0.3652	0.0540	0.8355	0.2793	0.4141	0.1417	5483320
asm	lidar02_full	10	4	2	7.4945	6.4254	0.3872	0.0373	0.3072	0.0427	0.5680	0.1762	0.2037	0.1881	5483320
j2	lidar00_full	5	4	2	1.9643	1.6091	0.1267	0.0259	0.0835	0.0172	0.1903	0.0723	0.0847	0.0332	1306696
asm	lidar00_full	5	4	2	1.9042	1.6548	0.0872	0.0090	0.0633	0.0150	0.1243	0.0405	0.0421	0.0417	1306696
j2	lidar00_full	10	4	2	8.2871	6.8421	0.4866	0.1088	0.3419	0.0358	0.8555	0.2895	0.4190	0.1442	5512670
asm	lidar00_full	10	4	2	7.8783	6.8309	0.3489	0.0384	0.2740	0.0365	0.5742	0.1725	0.2062	0.1955	5512670
j2	lidar02_full	5	1	2	6.9788	6.2245	0.2139	0.0132	0.1413	0.0594	0.4774	0.2092	0.1363	0.1318	1407885
asm	lidar02_full	5	1	2	6.9785	6.2442	0.2072	0.0104	0.1395	0.0573	0.4611	0.1614	0.1227	0.1771	1407885
j2	lidar02_full	10	1	2	28.3437	25.3915	0.8499	0.1338	0.5834	0.1327	1.9460	0.7807	0.6076	0.5573	5483320
asm	lidar02_full	10	1	2	28.3476	25.4826	0.8439	0.1341	0.5814	0.1284	1.8664	0.6453	0.4968	0.7244	5483320
j2	lidar02_full	5	4	3	1.9448	1.5595	0.1341	0.0288	0.0855	0.0198	0.2112	0.0819	0.0942	0.0349	1407885
asm	lidar02_full	5	4	3	1.8350	1.5635	0.0949	0.0097	0.0667	0.0185	0.1327	0.0430	0.0467	0.0430	1407885
j2	lidar02_full	10	4	3	7.9378	6.4800	0.5229	0.1094	0.3709	0.0426	0.8274	0.2764	0.4103	0.1404	5483320
asm	lidar02_full	10	4	3	7.5123	6.4480	0.3697	0.0381	0.2884	0.0432	0.5709	0.1792	0.1903	0.2014	5483320
j2	lidar00_full	5	4	3	1.9866	1.6422	0.1192	0.0283	0.0758	0.0151	0.1871	0.0691	0.0860	0.0319	1306696
asm	lidar00_full	5	4	3	1.8712	1.6271	0.0811	0.0088	0.0576	0.0146	0.1244	0.0408	0.0441	0.0395	1306696
j2	lidar00_full	10	4	3	8.2944	6.8149	0.5084	0.1151	0.3554	0.0380	0.8578	0.2945	0.4208	0.1414	5512670
asm	lidar00_full	10	4	3	7.8593	6.8457	0.3543	0.0380	0.2799	0.0364	0.5508	0.1706	0.1882	0.1920	5512670
j2	lidar02_full	5	1	3	7.0314	6.3057	0.2097	0.0126	0.1400	0.0571	0.4528	0.1930	0.1316	0.1281	1407885
asm	lidar02_full	5	1	3	6.9936	6.2779	0.2061	0.0102	0.1394	0.0565	0.4459	0.1559	0.1230	0.1670	1407885
j2	lidar02_full	10	1	3	28.4105	25.4361	0.8489	0.1339	0.5839	0.1311	1.9721	0.7917	0.6303	0.5497	5483320
asm	lidar02_full	10	1	3	28.3478	25.3588	0.8510	0.1363	0.5796	0.1351	1.9893	0.7181	0.5019	0.7693	5483320
