scene,family,intrinsic_dimension,n,groups,level,separation,noise_fraction,seed,replicate,points,noise_points,digest,method,parameter,ari,ami,coverage,clusters,noise,seconds,roots,nodes,selected
spherical_n2000_g16_hard_noise0,spherical,3,2000,16,hard,4.6,0.0,2026092800,0,2000,0,6f8ca684b32bec1e05ae2ac4d26b7b8c5f54e9b6c63e958102f6c3e9a695bd9f,tower_k2_z1_gabriel,44.721,0.8487642869554655,0.8925978564171727,0.926,22,148,2.3127157620001526,11,5166,26
spherical_n2000_g16_hard_noise0,spherical,3,2000,16,hard,4.6,0.0,2026092801,1,2000,0,c0bcd4b9dadff8954a9bbabc20adabfe7b25d4ce9310154b74dd180ff7abf98c,tower_k2_z1_gabriel,44.721,0.8403319791289882,0.8851070473830706,0.9225,22,155,2.645818667999265,12,5243,27
spherical_n2000_g16_medium_noise0,spherical,3,2000,16,medium,5.2,0.0,2026092800,0,2000,0,80b23f116cf28a968a53ff00ef42da435689ed51c5d9293dc8d70294ae2f8c73,tower_k2_z1_gabriel,44.721,0.9435250171285614,0.9506518552587179,0.968,21,64,2.100834687000315,12,5089,27
spherical_n2000_g16_medium_noise0,spherical,3,2000,16,medium,5.2,0.0,2026092801,1,2000,0,c3e91f29c7717b72b1065557121669b4a0994d02b003458ef44b0bf2a331544e,tower_k2_z1_gabriel,44.721,0.9424032825107731,0.9510207632344457,0.9655,18,69,1.8969246050000947,12,5149,27
spherical_n2000_g2_medium_noise0,spherical,3,2000,2,medium,5.2,0.0,2026092800,0,2000,0,50fb5a68d033331ddd329f31375d0feb9299180733f0012a621f42d085de0044,tower_k2_z1_gabriel,44.721,0.0,0.0,1.0,1,0,3.7403433039980882,8,5796,8
spherical_n2000_g2_medium_noise0,spherical,3,2000,2,medium,5.2,0.0,2026092801,1,2000,0,45daa8800705cf37deb079ce1d74c98aa6912bd008750652c823616b869bda9a,tower_k2_z1_gabriel,44.721,0.0,0.0,1.0,1,0,3.2024730250013818,6,5788,6
spherical_n2000_g32_medium_noise0,spherical,3,2000,32,medium,5.2,0.0,2026092800,0,2000,0,bc7d3dd02183dfda9617cc5c5e149dbaedd892d65fbfd38ef238b2260047752f,tower_k2_z1_gabriel,44.721,0.8971295158598181,0.949909541139366,0.9815,32,37,1.8813694730015413,12,4779,41
spherical_n2000_g32_medium_noise0,spherical,3,2000,32,medium,5.2,0.0,2026092801,1,2000,0,ae9873a9bcdf1c9bfa3bdaded88c2e66b17c86e036bbbd8b13b2d5504eea7651,tower_k2_z1_gabriel,44.721,0.8827514169304169,0.9386592082784048,0.968,33,64,2.619887425997149,14,4810,43
spherical_n2000_g4_hard_noise0,spherical,3,2000,4,hard,4.6,0.0,2026092800,0,2000,0,4fefc22b43c41ddbe82ea3277c4383d6ae973d6c60042f786a736f6f34eee981,tower_k2_z1_gabriel,44.721,0.0,0.0,1.0,1,0,3.4054138469982718,5,5526,5
spherical_n2000_g4_hard_noise0,spherical,3,2000,4,hard,4.6,0.0,2026092801,1,2000,0,f475547de5a8c8ca8c709fe0937aa7e9a5aaaf0ef6f206ece09254718be68b98,tower_k2_z1_gabriel,44.721,0.0,0.0,1.0,1,0,3.5048128750022443,6,5632,6
spherical_n2000_g4_medium_noise0,spherical,3,2000,4,medium,5.2,0.0,2026092800,0,2000,0,db83b13127310ade535807573ee5467e7993c9af5579e3187564970da832bdf2,tower_k2_z1_gabriel,44.721,0.9062010410368175,0.880425448345489,0.9455,5,109,3.085182339000312,5,5479,8
spherical_n2000_g4_medium_noise0,spherical,3,2000,4,medium,5.2,0.0,2026092801,1,2000,0,a742ea5434e46fa86693edd9b7b28b7068c4afc3f52304e5d9780f4b01817367,tower_k2_z1_gabriel,44.721,0.8751206931287663,0.8583215560489017,0.918,7,164,2.694803451999178,6,5581,9
spherical_n2000_g8_easy_noise0,spherical,3,2000,8,easy,6.8,0.0,2026092800,0,2000,0,879c09d229683cef1d0a5ad30e04c7c62ca3b873e69a30bb15b74458afb7fbab,tower_k2_z1_gabriel,44.721,0.9959991808602291,0.9948199276373064,0.9995,10,1,1.66166509300092,11,5190,18
spherical_n2000_g8_easy_noise0,spherical,3,2000,8,easy,6.8,0.0,2026092801,1,2000,0,4c64210482b3479428dc61a41eeba205402ebeec2c89331401f65a94400dfb5d,tower_k2_z1_gabriel,44.721,0.9948554157388341,0.9928494942260783,0.9985,8,3,1.5968246040029044,13,5289,20
spherical_n2000_g8_extreme_noise0,spherical,3,2000,8,extreme,4.0,0.0,2026092800,0,2000,0,1c54185756824a38937c07e820f0637f5a47cfcf7019b90135a2cf9a128b92fe,tower_k2_z1_gabriel,44.721,0.0,0.0,1.0,1,0,2.7423757880023913,4,5421,4
spherical_n2000_g8_extreme_noise0,spherical,3,2000,8,extreme,4.0,0.0,2026092801,1,2000,0,654ab523bcc5d3c075f19bcb284a4ffb4af73b679dfb8330947711cd505aea58,tower_k2_z1_gabriel,44.721,0.6400180492028469,0.74617430727849,0.8065,15,387,2.3971342730001197,10,5549,17
spherical_n2000_g8_hard_noise0,spherical,3,2000,8,hard,4.6,0.0,2026092800,0,2000,0,151c590fc25452a8baf5cb0c6e0e154afd71b010ff5e8774f7e7b3069a656660,tower_k2_z1_gabriel,44.721,0.8311355048128718,0.8582353226153634,0.8995,10,201,2.513663115001691,6,5357,13
spherical_n2000_g8_hard_noise0,spherical,3,2000,8,hard,4.6,0.0,2026092801,1,2000,0,1767d6aad54a7cfe0f9934e96e9a9824ffc44562a110ad45de809b376c7d8fd7,tower_k2_z1_gabriel,44.721,0.801612432899408,0.8334072758651041,0.888,14,224,1.9807719729978999,11,5466,18
spherical_n2000_g8_medium_noise0,spherical,3,2000,8,medium,5.2,0.0,2026092800,0,2000,0,db8019b18783b7131e72729f714683a9ee0082c7a4cb607f9d1e0f71572ab04a,tower_k2_z1_gabriel,44.721,0.9365993541320293,0.9304859320891904,0.9625,10,75,2.776106551002158,6,5301,13
spherical_n2000_g8_medium_noise0,spherical,3,2000,8,medium,5.2,0.0,2026092801,1,2000,0,f6dea3d7ceae40019539d735c006db35572d1cd48bd424e2860789eb4ca5c6df,tower_k2_z1_gabriel,44.721,0.9060283199384118,0.9052137795173174,0.944,12,112,2.7135293089995685,11,5385,18
spherical_n2000_g8_medium_noise0p1,spherical,3,2000,8,medium,5.2,0.1,2026092800,0,2000,200,cae551751464670d4bc3b905bc3793b3a62d7be88b01afa676784a3c7fbd2860,tower_k2_z1_gabriel,44.721,0.8435600649035311,0.859902996909507,0.8875,9,225,3.552146021997032,5,5375,12
spherical_n2000_g8_medium_noise0p1,spherical,3,2000,8,medium,5.2,0.1,2026092801,1,2000,200,8f6c1c973f8f4e9a964a4c44f078c0db44f3e7fad32de7c6f46f4b75e16efbeb,tower_k2_z1_gabriel,44.721,0.7992711705963053,0.8361872409804731,0.856,11,288,3.2147418829990784,8,5467,15
spherical_n2000_g8_medium_noise0p3,spherical,3,2000,8,medium,5.2,0.3,2026092800,0,2000,600,6fdd31c8e869dcf1604cb3ad0743acba374bfd771f1d1df27f7c45168ff0a5ac,tower_k2_z1_gabriel,44.721,0.6540891758112763,0.7711229181371368,0.7855,10,429,2.510841907998838,5,5383,12
spherical_n2000_g8_medium_noise0p3,spherical,3,2000,8,medium,5.2,0.3,2026092801,1,2000,600,37a815a86f2e2a28e23191461173f738ac496032eac108fd8198cafa414f448b,tower_k2_z1_gabriel,44.721,0.609014241249342,0.7416223370331525,0.75,10,500,2.2577953260006325,3,5522,10
spherical_n500_g16_hard_noise0,spherical,3,500,16,hard,4.6,0.0,2026092800,0,500,0,2d37c77d6b9e6e2743fb3ede34515c542976822ced9ce792e8546e17e4fbc6a4,tower_k2_z1_gabriel,22.361,0.7428698078901167,0.8837895882093311,0.974,13,13,0.27517693000118015,2,1094,14
spherical_n500_g16_hard_noise0,spherical,3,500,16,hard,4.6,0.0,2026092801,1,500,0,b44c228cdd23b7b2d71fdb62eb64d99c3c320cbe1e8bdf07360f754988f062b1,tower_k2_z1_gabriel,22.361,0.9286048552422453,0.9374998612043345,0.97,16,15,0.28195481200236827,3,1178,18
spherical_n500_g16_medium_noise0,spherical,3,500,16,medium,5.2,0.0,2026092800,0,500,0,fe67e8a00030fe845be9edf4fe11b73d293ba7491d5a667024ac1feb1596ef35,tower_k2_z1_gabriel,22.361,0.9640358789817798,0.9717652077942681,0.99,16,5,0.339121567998518,4,1061,19
spherical_n500_g16_medium_noise0,spherical,3,500,16,medium,5.2,0.0,2026092801,1,500,0,03383cf1d9382a31956e2a98ab3756dfed592903240b7b51e0546ca822c8567a,tower_k2_z1_gabriel,22.361,0.9629272439101325,0.9684468188277834,0.986,16,7,0.24669823599833762,4,1150,19
spherical_n500_g4_hard_noise0,spherical,3,500,4,hard,4.6,0.0,2026092800,0,500,0,8f9dcd2ce7ecc5b2e9da9447d1d293be697868a9753b4abb37ce4adf3e94d26d,tower_k2_z1_gabriel,22.361,0.8088639783826156,0.783299987891565,0.904,7,48,0.32559167699946556,7,1244,10
spherical_n500_g4_hard_noise0,spherical,3,500,4,hard,4.6,0.0,2026092801,1,500,0,0ea6ff55070f6b341cdc5277482e20ac5af3126b9fe40f2c7c726444d05fa1c3,tower_k2_z1_gabriel,22.361,0.6056603053006603,0.6487114934884625,0.828,7,86,0.3191035820018442,4,1309,8
spherical_n500_g4_medium_noise0,spherical,3,500,4,medium,5.2,0.0,2026092800,0,500,0,b00b9e7d314414becd46b5e0bdb4b190701f8dec4326a69c4f9976dfda5e524c,tower_k2_z1_gabriel,22.361,0.9441237267471551,0.918964429768457,0.98,5,10,0.24559341900021536,5,1231,8
spherical_n500_g4_medium_noise0,spherical,3,500,4,medium,5.2,0.0,2026092801,1,500,0,738a9eb9728053c960898c81f96efad61306c2054c0e0ffe65ef829bb104655c,tower_k2_z1_gabriel,22.361,0.7978232549586037,0.7959424053073528,0.902,8,49,0.32082249599989154,7,1297,11
spherical_n500_g8_medium_noise0,spherical,3,500,8,medium,5.2,0.0,2026092800,0,500,0,2bb3f6f91ed3d576f7dce4b28c1e54bca5b9a56fff37f1a13254276a3005540d,tower_k2_z1_gabriel,22.361,0.9329656956197737,0.9319753043417686,0.972,9,14,0.24709843199889292,3,1174,10
spherical_n500_g8_medium_noise0,spherical,3,500,8,medium,5.2,0.0,2026092801,1,500,0,fc3d0696d4407401e13d3bbc0e28cb787c30a20042015e6472d525de3e228034,tower_k2_z1_gabriel,22.361,0.8610376962807672,0.8826889759168504,0.916,9,42,0.2455279059977329,4,1166,11
