file,kind,family,regime,factor,frame,sector,sites,k,threads,status,balls,cat_nodes,cat_leaves,cat_sum_m,cat_judged,cat_quad_tests,cat_triple_tests,tower_nodes_kmax,tower_steps_kmax,tower_nodes_all,tower_steps_all,catalogue_s,tower_s,wall_s,cpu_s,max_rss_kb
syn_clusters_density_x1.u32le,synthetic,clusters,density,1,,,8000,5,48,ok,555892,224249,187511,2099755,1307072,2952639,9164121,254117,834858,599700,1976178,0.211,0.0381,0.26,3.3,198756
syn_clusters_density_x2.u32le,synthetic,clusters,density,2,,,16000,5,48,ok,1178845,458009,388334,4340239,2809348,6073972,18781280,540684,1797565,1260217,4205615,0.4621,0.0837,0.56,7.05,411976
syn_clusters_density_x4.u32le,synthetic,clusters,density,4,,,32000,5,48,ok,2474313,934297,800295,8923138,5891133,12320154,38125812,1138140,3808013,2624188,8836690,0.9969,0.2,1.22,14.74,824252
syn_clusters_space_x1.u32le,synthetic,clusters,space,1,,,8000,5,48,ok,553996,224537,186789,2093803,1302892,2941191,9135196,253408,832024,598447,1971636,0.2194,0.038,0.26,3.18,215412
syn_clusters_space_x2.u32le,synthetic,clusters,space,2,,,16000,5,48,ok,1107364,457225,380299,4261454,2605408,5930149,18529545,507410,1671156,1194964,3947217,0.4656,0.0779,0.56,6.63,451712
syn_clusters_space_x4.u32le,synthetic,clusters,space,4,,,32000,5,48,ok,2222460,922929,765935,8579561,5235668,11943376,37264102,1016700,3355634,2398891,7925706,0.8869,0.1644,1.07,13.96,782728
syn_filaments_density_x1.u32le,synthetic,filaments,density,1,,,8000,5,48,ok,408834,216841,152762,1725173,933262,2485583,7755198,182843,565347,461706,1418912,0.1783,0.0309,0.21,2.76,158476
syn_filaments_density_x2.u32le,synthetic,filaments,density,2,,,16000,5,48,ok,951435,455321,348340,3896395,2189638,5395625,16923376,430890,1372179,1050356,3341839,0.3831,0.076,0.47,6.4,297204
syn_filaments_density_x4.u32le,synthetic,filaments,density,4,,,32000,5,48,ok,2133398,907945,726179,8150180,4973353,11407190,35643743,972758,3160376,2317170,7547227,0.9382,0.17,1.13,13.45,704084
syn_filaments_space_x1.u32le,synthetic,filaments,space,1,,,8000,5,48,ok,408800,216689,152673,1724116,933318,2486009,7751347,182806,565261,461613,1418717,0.1665,0.0287,0.2,2.8,150792
syn_filaments_space_x2.u32le,synthetic,filaments,space,2,,,16000,5,48,ok,818267,465537,317369,3585787,1864458,4987146,15713974,366271,1132483,924743,2842847,0.344,0.056,0.41,5.97,275356
syn_filaments_space_x4.u32le,synthetic,filaments,space,4,,,32000,5,48,ok,1639195,938281,635279,7181002,3733019,9992933,31404003,734525,2268448,1851454,5690863,0.7333,0.1172,0.87,12.08,559964
syn_shells_density_x1.u32le,synthetic,shells,density,1,,,8000,5,48,ok,184173,185433,78041,924569,381675,1290935,4689341,77400,183182,234058,548938,0.0939,0.013,0.11,1.7,74648
syn_shells_density_x2.u32le,synthetic,shells,density,2,,,16000,5,48,ok,405099,387289,187132,2160563,827742,2886697,10293860,169107,411780,506373,1224923,0.2037,0.0273,0.24,3.71,143568
syn_shells_density_x4.u32le,synthetic,shells,density,4,,,32000,5,48,ok,949886,725449,381126,4493043,2052000,7178097,23271048,398683,1019595,1158783,2954508,0.473,0.0693,0.56,8.06,331120
syn_shells_space_x1.u32le,synthetic,shells,space,1,,,8000,5,48,ok,182570,186625,77926,923313,378947,1299939,4711053,76648,180986,232301,542950,0.1021,0.0135,0.12,1.67,72292
syn_shells_space_x2.u32le,synthetic,shells,space,2,,,16000,5,48,ok,368184,392281,162736,1925469,762266,2618364,9586683,154768,368559,467218,1099117,0.189,0.0234,0.22,3.56,144012
syn_shells_space_x4.u32le,synthetic,shells,space,4,,,32000,5,48,ok,737457,789281,324535,3834347,1527005,5244081,19130842,310147,740938,935806,2204687,0.3996,0.0478,0.46,7.33,276036
syn_terrain_density_x1.u32le,synthetic,terrain,density,1,,,8000,5,48,ok,159931,106289,50151,574942,309629,614174,2674155,67860,151702,209613,464047,0.0656,0.0111,0.08,1.05,70488
syn_terrain_density_x2.u32le,synthetic,terrain,density,2,,,16000,5,48,ok,329072,196241,92332,1101107,671985,1563586,5965210,139682,315413,427915,958368,0.1363,0.0202,0.16,2.24,119868
syn_terrain_density_x4.u32le,synthetic,terrain,density,4,,,32000,5,48,ok,692914,481553,233477,2678974,1368921,3396519,12904527,291536,669570,891264,2032588,0.3272,0.0429,0.38,4.95,256220
syn_terrain_space_x1.u32le,synthetic,terrain,space,1,,,8000,5,48,ok,159546,106041,50313,576075,307971,626230,2672880,67985,151744,209233,462849,0.0652,0.0114,0.08,1.03,67848
syn_terrain_space_x2.u32le,synthetic,terrain,space,2,,,16000,5,48,ok,321488,214929,101709,1165451,623626,1242996,5393663,136859,307430,420403,933741,0.1277,0.0195,0.15,2.18,133368
syn_terrain_space_x4.u32le,synthetic,terrain,space,4,,,32000,5,48,ok,648441,442809,209710,2397474,1254739,2535719,10998425,276128,620489,847745,1883751,0.2846,0.0396,0.34,4.45,251576
syn_uniform_density_x1.u32le,synthetic,uniform,density,1,,,8000,5,48,ok,594381,203033,177033,1960328,1396952,2692122,8270328,271732,903525,628540,2099925,0.2473,0.0467,0.3,3.01,245828
syn_uniform_density_x2.u32le,synthetic,uniform,density,2,,,16000,5,48,ok,1240608,383177,334207,3778177,2942999,5616905,16938431,568552,1894465,1306215,4387749,0.4706,0.0948,0.58,6.66,420736
syn_uniform_density_x4.u32le,synthetic,uniform,density,4,,,32000,5,48,ok,2533312,824033,717685,8006184,6135214,11721362,34842196,1161271,3886799,2660876,8974686,0.9935,0.217,1.24,14.07,828348
syn_uniform_space_x1.u32le,synthetic,uniform,space,1,,,8000,5,48,ok,595121,201353,175749,1949688,1396470,2689252,8270788,272717,903192,630380,2102688,0.2177,0.0443,0.27,3.2,202136
syn_uniform_space_x2.u32le,synthetic,uniform,space,2,,,16000,5,48,ok,1229415,430801,368801,4086450,2884184,5559167,17206517,563042,1872497,1298201,4349446,0.4646,0.0924,0.57,6.85,423996
syn_uniform_space_x4.u32le,synthetic,uniform,space,4,,,32000,5,48,ok,2530918,880073,760560,8416182,5941762,11339417,35203360,1161785,3882908,2660681,8968500,0.9645,0.215,1.2,14.31,837408
