challenger,reference,slice,pairs,mean_delta,median_delta,worst_delta,best_delta,wins,losses,ties,mean_challenger,mean_reference,mean_coverage_challenger,mean_coverage_reference,per_seed_delta,seed_inversion
tower_k2_z1_gabriel,hdbscan_default,all,250,0.18003469388789203,0.17199117464933397,-0.6435167820788957,0.8853859209019441,197,49,4,0.7071838628667576,0.5271491689788657,0.8815080000000001,0.8184235,"{""2026092800"": 0.1569, ""2026092801"": 0.1715, ""2026092802"": 0.186, ""2026092803"": 0.1981, ""2026092804"": 0.1876}",False
tower_k2_z1_gabriel,hdbscan_default,family=anisotropic,20,0.18037105624036343,0.17277843111583424,-0.03692417819599869,0.5848621440938641,18,2,0,0.7383802982946788,0.5580092420543153,0.863025,0.8021750000000001,"{""2026092800"": 0.197, ""2026092801"": 0.0737, ""2026092802"": 0.2751, ""2026092803"": 0.1272, ""2026092804"": 0.2289}",False
tower_k2_z1_gabriel,hdbscan_default,family=bridge,20,0.23118913676000902,0.2006763126650733,0.004765661024908829,0.7290361308525086,20,0,0,0.8311445060970246,0.5999553693370157,0.91335,0.8664999999999999,"{""2026092800"": 0.2014, ""2026092801"": 0.1983, ""2026092802"": 0.2278, ""2026092803"": 0.2025, ""2026092804"": 0.3259}",False
tower_k2_z1_gabriel,hdbscan_default,family=filaments,20,-0.025472639654328704,-0.028892369979953536,-0.5257464018622642,0.4872402877859293,9,11,0,0.48252217429363126,0.50799481394796,0.8004,0.86595,"{""2026092800"": -0.0458, ""2026092801"": 0.1268, ""2026092802"": 0.0369, ""2026092803"": -0.1808, ""2026092804"": -0.0644}",True
tower_k2_z1_gabriel,hdbscan_default,family=heteroscedastic,20,0.09409866503994065,0.10441143578585868,0.007312652025631694,0.1915225747062012,20,0,0,0.6550827767359639,0.5609841116960234,0.7689999999999999,0.6524,"{""2026092800"": 0.0812, ""2026092801"": 0.0895, ""2026092802"": 0.0942, ""2026092803"": 0.0946, ""2026092804"": 0.111}",False
tower_k2_z1_gabriel,hdbscan_default,family=hierarchical,20,-0.2209173188258755,-0.11114489565775443,-0.6435167820788957,9.025124068084978e-06,1,15,4,0.445526183501128,0.6664435023270034,0.9701000000000001,0.9864,"{""2026092800"": -0.2076, ""2026092801"": -0.2371, ""2026092802"": -0.2686, ""2026092803"": -0.166, ""2026092804"": -0.2252}",False
tower_k2_z1_gabriel,hdbscan_default,family=shells,20,-0.006490526702347385,-0.048379410102825815,-0.5899387922330833,0.4930050380161924,10,10,0,0.582294135520972,0.5887846622233194,0.8631249999999999,1.0,"{""2026092800"": -0.1777, ""2026092801"": 0.0146, ""2026092802"": -0.1238, ""2026092803"": 0.2352, ""2026092804"": 0.0192}",True
tower_k2_z1_gabriel,hdbscan_default,family=spherical,110,0.3578848785841025,0.2939921737218233,-0.149803493230253,0.8853859209019441,106,4,0,0.8272411298289816,0.46935625124487906,0.9001681818181818,0.7999806818181817,"{""2026092800"": 0.3227, ""2026092801"": 0.3337, ""2026092802"": 0.3875, ""2026092803"": 0.3787, ""2026092804"": 0.3669}",False
tower_k2_z1_gabriel,hdbscan_default,family=unbalanced,20,0.02928846852832533,0.0246008607959472,-0.3217113006597521,0.37277867154007394,13,7,0,0.5550219973316732,0.5257335288033479,0.8889250000000001,0.656975,"{""2026092800"": 0.1382, ""2026092801"": 0.0433, ""2026092802"": -0.0471, ""2026092803"": 0.0804, ""2026092804"": -0.0683}",True
tower_k2_z1_gabriel,hdbscan_default,level=easy,40,-0.16079466330481584,0.007387681073219909,-0.6435167820788957,0.038718131601183536,23,17,0,0.8090259515361777,0.9698206148409936,0.9421125,0.97485,"{""2026092800"": -0.172, ""2026092801"": -0.1744, ""2026092802"": -0.1563, ""2026092803"": -0.1508, ""2026092804"": -0.1505}",False
tower_k2_z1_gabriel,hdbscan_default,level=extreme,40,0.2049097076077982,0.1808949781569658,-0.16964301305362087,0.4938521175647431,31,5,4,0.4034970189763968,0.19858731136859853,0.7966375,0.7050125,"{""2026092800"": 0.208, ""2026092801"": 0.1865, ""2026092802"": 0.2161, ""2026092803"": 0.1779, ""2026092804"": 0.236}",False
tower_k2_z1_gabriel,hdbscan_default,level=hard,70,0.2892859716805761,0.2669002582450414,-0.3290849720789759,0.8592629537894454,59,11,0,0.671485093730154,0.3821991220495778,0.8522892857142856,0.7567589285714286,"{""2026092800"": 0.2887, ""2026092801"": 0.3042, ""2026092802"": 0.2708, ""2026092803"": 0.2966, ""2026092804"": 0.2861}",False
tower_k2_z1_gabriel,hdbscan_default,level=medium,100,0.22994053682213383,0.18056827119447777,-0.5877979898037857,0.8853859209019441,84,16,0,0.8129109033507566,0.5829703665286227,0.9116675,0.8443824999999999,"{""2026092800"": 0.1758, ""2026092801"": 0.211, ""2026092802"": 0.2516, ""2026092803"": 0.2767, ""2026092804"": 0.2345}",False
tower_k2_z1_gabriel,hdbscan_oracle,all,250,0.023758715326208695,0.100708783729126,-0.6435167820788957,0.8843827550711657,183,67,0,0.7071838628667576,0.6834251475405488,0.8815080000000001,0.8471495,"{""2026092800"": 0.0045, ""2026092801"": 0.0128, ""2026092802"": 0.038, ""2026092803"": 0.0292, ""2026092804"": 0.0343}",False
tower_k2_z1_gabriel,hdbscan_oracle,family=anisotropic,20,0.11517553669145897,0.10792434338086931,-0.0448485328416911,0.5791918444108716,17,3,0,0.7383802982946788,0.6232047616032198,0.863025,0.862525,"{""2026092800"": 0.1321, ""2026092801"": 0.0105, ""2026092802"": 0.2347, ""2026092803"": 0.0847, ""2026092804"": 0.1139}",False
tower_k2_z1_gabriel,hdbscan_oracle,family=bridge,20,0.1609531842581766,0.1295719579819518,8.882379874730617e-05,0.41641052698475345,20,0,0,0.8311445060970246,0.6701913218388481,0.91335,0.894175,"{""2026092800"": 0.1534, ""2026092801"": 0.1596, ""2026092802"": 0.1482, ""2026092803"": 0.1701, ""2026092804"": 0.1735}",False
tower_k2_z1_gabriel,hdbscan_oracle,family=filaments,20,-0.10896408945313626,-0.2282881246280841,-0.5280321984804537,0.43971379820054624,8,12,0,0.48252217429363126,0.5914862637467675,0.8004,0.886175,"{""2026092800"": -0.0828, ""2026092801"": -0.0826, ""2026092802"": -0.021, ""2026092803"": -0.2132, ""2026092804"": -0.1452}",False
tower_k2_z1_gabriel,hdbscan_oracle,family=heteroscedastic,20,0.060162842117507095,0.07111646008579159,0.005025316261223156,0.11980204100529784,20,0,0,0.6550827767359639,0.5949199346184569,0.7689999999999999,0.6966,"{""2026092800"": 0.0592, ""2026092801"": 0.0555, ""2026092802"": 0.0591, ""2026092803"": 0.0544, ""2026092804"": 0.0726}",False
tower_k2_z1_gabriel,hdbscan_oracle,family=hierarchical,20,-0.5120226030991344,-0.5362004127175128,-0.6435167820788957,-0.4067643885646329,0,20,0,0.445526183501128,0.9575487866002623,0.9701000000000001,0.99975,"{""2026092800"": -0.5551, ""2026092801"": -0.5633, ""2026092802"": -0.4635, ""2026092803"": -0.4414, ""2026092804"": -0.5368}",False
tower_k2_z1_gabriel,hdbscan_oracle,family=shells,20,-0.417705864479028,-0.396569632064652,-0.5901045236800371,-0.3290849720789759,0,20,0,0.582294135520972,1.0,0.8631249999999999,1.0,"{""2026092800"": -0.589, ""2026092801"": -0.3966, ""2026092802"": -0.3294, ""2026092803"": -0.3816, ""2026092804"": -0.392}",False
tower_k2_z1_gabriel,hdbscan_oracle,family=spherical,110,0.18709085669809025,0.15053910562890127,-0.149803493230253,0.8843827550711657,106,4,0,0.8272411298289816,0.6401502731308913,0.9001681818181818,0.825221590909091,"{""2026092800"": 0.1639, ""2026092801"": 0.1793, ""2026092802"": 0.1674, ""2026092803"": 0.1939, ""2026092804"": 0.231}",False
tower_k2_z1_gabriel,hdbscan_oracle,family=unbalanced,20,-0.029614776297731772,0.009228621465161568,-0.4242180094044684,0.20748551196379184,12,8,0,0.5550219973316732,0.5846367736294049,0.8889250000000001,0.711425,"{""2026092800"": 0.0371, ""2026092801"": -0.0091, ""2026092802"": -0.0736, ""2026092803"": 0.0256, ""2026092804"": -0.1281}",True
tower_k2_z1_gabriel,hdbscan_oracle,level=easy,40,-0.17282090202382555,0.0009136427398018232,-0.6435167820788957,0.020621915063064544,22,18,0,0.8090259515361777,0.9818468535600033,0.9421125,0.9849625,"{""2026092800"": -0.1799, ""2026092801"": -0.184, ""2026092802"": -0.1645, ""2026092803"": -0.1774, ""2026092804"": -0.1582}",False
tower_k2_z1_gabriel,hdbscan_oracle,level=extreme,40,0.016068185641000175,0.08358719705374774,-0.587962246345463,0.48785109218146827,24,16,0,0.4034970189763968,0.38742883333539657,0.7966375,0.745425,"{""2026092800"": 0.0072, ""2026092801"": 0.0038, ""2026092802"": 0.042, ""2026092803"": -0.0022, ""2026092804"": 0.0295}",True
tower_k2_z1_gabriel,hdbscan_oracle,level=hard,70,0.09561692893523145,0.15714415290817368,-0.5901045236800371,0.6365592224722549,55,15,0,0.671485093730154,0.5758681647949225,0.8522892857142856,0.8052642857142857,"{""2026092800"": 0.0712, ""2026092801"": 0.1108, ""2026092802"": 0.1385, ""2026092803"": 0.1277, ""2026092804"": 0.03}",False
tower_k2_z1_gabriel,hdbscan_oracle,level=medium,100,0.05516602461398987,0.1173081669789065,-0.5877979898037857,0.8843827550711657,82,18,0,0.8129109033507566,0.7577448787367667,0.9116675,0.8620337499999999,"{""2026092800"": 0.0306, ""2026092801"": 0.0265, ""2026092802"": 0.0471, ""2026092803"": 0.0555, ""2026092804"": 0.1161}",False
tower_k2_z1_gabriel,single_linkage,all,250,0.4309291215792763,0.6133411792692707,-0.6435167820788957,0.9810706564879639,195,54,1,0.7071838628667576,0.2762547412874813,0.8815080000000001,1.0,"{""2026092800"": 0.4263, ""2026092801"": 0.4296, ""2026092802"": 0.4457, ""2026092803"": 0.4265, ""2026092804"": 0.4266}",False
tower_k2_z1_gabriel,single_linkage,family=anisotropic,20,0.5473119979212483,0.5830936284886976,0.0,0.9810706564879639,19,0,1,0.7383802982946788,0.19106830037343053,0.863025,1.0,"{""2026092800"": 0.644, ""2026092801"": 0.4255, ""2026092802"": 0.5881, ""2026092803"": 0.471, ""2026092804"": 0.6079}",False
tower_k2_z1_gabriel,single_linkage,family=bridge,20,0.6688057848615274,0.7009101427557508,0.24032339623194776,0.8713922697298065,20,0,0,0.8311445060970246,0.1623387212354972,0.91335,1.0,"{""2026092800"": 0.677, ""2026092801"": 0.7072, ""2026092802"": 0.6249, ""2026092803"": 0.6695, ""2026092804"": 0.6654}",False
tower_k2_z1_gabriel,single_linkage,family=filaments,20,0.07310930618875422,0.12300129452686663,-0.5286035863813792,0.5500886444349113,12,8,0,0.48252217429363126,0.409412868104877,0.8004,1.0,"{""2026092800"": 0.1238, ""2026092801"": 0.1902, ""2026092802"": 0.1132, ""2026092803"": -0.0645, ""2026092804"": 0.0028}",True
tower_k2_z1_gabriel,single_linkage,family=heteroscedastic,20,0.4374522272613059,0.40215919884703366,0.1226854123624479,0.818076558111895,20,0,0,0.6550827767359639,0.21763054947465812,0.7689999999999999,1.0,"{""2026092800"": 0.4379, ""2026092801"": 0.4338, ""2026092802"": 0.4298, ""2026092803"": 0.4432, ""2026092804"": 0.4426}",False
tower_k2_z1_gabriel,single_linkage,family=hierarchical,20,-0.5253364901343451,-0.5363809509618973,-0.6435167820788957,-0.37457732169912655,0,20,0,0.445526183501128,0.9708626736354731,0.9701000000000001,1.0,"{""2026092800"": -0.5551, ""2026092801"": -0.5633, ""2026092802"": -0.4885, ""2026092803"": -0.4663, ""2026092804"": -0.5535}",False
tower_k2_z1_gabriel,single_linkage,family=shells,20,-0.417705864479028,-0.396569632064652,-0.5901045236800371,-0.3290849720789759,0,20,0,0.582294135520972,1.0,0.8631249999999999,1.0,"{""2026092800"": -0.589, ""2026092801"": -0.3966, ""2026092802"": -0.3294, ""2026092803"": -0.3816, ""2026092804"": -0.392}",False
tower_k2_z1_gabriel,single_linkage,family=spherical,110,0.7492838536882684,0.7825854438281119,0.23321962385165407,0.9491759796707019,110,0,0,0.8272411298289816,0.07795727614071317,0.9001681818181818,1.0,"{""2026092800"": 0.7463, ""2026092801"": 0.7487, ""2026092802"": 0.7492, ""2026092803"": 0.7582, ""2026092804"": 0.744}",False
tower_k2_z1_gabriel,single_linkage,family=unbalanced,20,0.4819158628360157,0.536503616786071,-0.005882916676237853,0.9729914605901807,14,6,0,0.5550219973316732,0.07310613449565759,0.8889250000000001,1.0,"{""2026092800"": 0.4853, ""2026092801"": 0.4552, ""2026092802"": 0.5117, ""2026092803"": 0.4901, ""2026092804"": 0.4673}",False
tower_k2_z1_gabriel,single_linkage,level=easy,40,0.09187420389485484,0.12923973477504325,-0.6435167820788957,0.9729914605901807,24,15,1,0.8090259515361777,0.717151747641323,0.9421125,1.0,"{""2026092800"": 0.0867, ""2026092801"": 0.0878, ""2026092802"": 0.1252, ""2026092803"": 0.0842, ""2026092804"": 0.0754}",False
tower_k2_z1_gabriel,single_linkage,level=extreme,40,0.16108582795239398,0.28304830295556227,-0.587962246345463,0.6491470219111162,25,15,0,0.4034970189763968,0.24241119102400271,0.7966375,1.0,"{""2026092800"": 0.1479, ""2026092801"": 0.1397, ""2026092802"": 0.188, ""2026092803"": 0.1457, ""2026092804"": 0.1842}",False
tower_k2_z1_gabriel,single_linkage,level=hard,70,0.4973924671278493,0.6850682269840735,-0.5901045236800371,0.8713922697298065,59,11,0,0.671485093730154,0.17409262660230462,0.8522892857142856,1.0,"{""2026092800"": 0.5228, ""2026092801"": 0.5031, ""2026092802"": 0.5069, ""2026092803"": 0.5046, ""2026092804"": 0.4496}",False
tower_k2_z1_gabriel,single_linkage,level=medium,100,0.6279640642197968,0.8099742535405301,-0.5877979898037857,0.9810706564879639,87,13,0,0.8129109033507566,0.1849468391309597,0.9116675,1.0,"{""2026092800"": 0.6058, ""2026092801"": 0.6307, ""2026092802"": 0.634, ""2026092803"": 0.6212, ""2026092804"": 0.648}",False
