scene,family,n,level,seed,digest,variant,ari,clusters,seconds
spherical_n8000_g4_hard_noise0,spherical,8000,hard,2026092800,e0c0d175f3233d8ec2d7df548835dd300813932e613f06bfe8bba60cb1ddc169,cda_eom,0.675734619414695,11,36.05
spherical_n8000_g4_hard_noise0,spherical,8000,hard,2026092800,e0c0d175f3233d8ec2d7df548835dd300813932e613f06bfe8bba60cb1ddc169,head_eom,0.0,1,36.05
spherical_n8000_g4_hard_noise0,spherical,8000,hard,2026092800,e0c0d175f3233d8ec2d7df548835dd300813932e613f06bfe8bba60cb1ddc169,splitonly_eom,0.0,1,36.05
spherical_n8000_g4_hard_noise0,spherical,8000,hard,2026092800,e0c0d175f3233d8ec2d7df548835dd300813932e613f06bfe8bba60cb1ddc169,rootonly_eom,0.675734619414695,11,36.05
spherical_n8000_g4_hard_noise0,spherical,8000,hard,2026092800,e0c0d175f3233d8ec2d7df548835dd300813932e613f06bfe8bba60cb1ddc169,head_eom_noroot,0.7580991803455117,9,36.05
spherical_n8000_g4_hard_noise0,spherical,8000,hard,2026092800,e0c0d175f3233d8ec2d7df548835dd300813932e613f06bfe8bba60cb1ddc169,head_leaf,0.5222377018129117,14,36.05
spherical_n8000_g4_hard_noise0,spherical,8000,hard,2026092800,e0c0d175f3233d8ec2d7df548835dd300813932e613f06bfe8bba60cb1ddc169,cda_eom_noroot,0.675734619414695,11,36.05
spherical_n8000_g4_hard_noise0,spherical,8000,hard,2026092801,409d56a77c881d91cacabbea568006fd8636cde24d70d65447d240151ddac092,cda_eom,0.745092539325333,19,47.14
spherical_n8000_g4_hard_noise0,spherical,8000,hard,2026092801,409d56a77c881d91cacabbea568006fd8636cde24d70d65447d240151ddac092,head_eom,0.0,1,47.14
spherical_n8000_g4_hard_noise0,spherical,8000,hard,2026092801,409d56a77c881d91cacabbea568006fd8636cde24d70d65447d240151ddac092,splitonly_eom,0.0,1,47.14
spherical_n8000_g4_hard_noise0,spherical,8000,hard,2026092801,409d56a77c881d91cacabbea568006fd8636cde24d70d65447d240151ddac092,rootonly_eom,0.745092539325333,19,47.14
spherical_n8000_g4_hard_noise0,spherical,8000,hard,2026092801,409d56a77c881d91cacabbea568006fd8636cde24d70d65447d240151ddac092,head_eom_noroot,0.745092539325333,19,47.14
spherical_n8000_g4_hard_noise0,spherical,8000,hard,2026092801,409d56a77c881d91cacabbea568006fd8636cde24d70d65447d240151ddac092,head_leaf,0.6440136908317733,21,47.14
spherical_n8000_g4_hard_noise0,spherical,8000,hard,2026092801,409d56a77c881d91cacabbea568006fd8636cde24d70d65447d240151ddac092,cda_eom_noroot,0.745092539325333,19,47.14
spherical_n8000_g4_hard_noise0,spherical,8000,hard,2026092802,e2ec83c7ed05e374c89c757d9217fa29b149b67ab2ffe5a070418a2733904711,cda_eom,0.7295043347775805,10,41.04
spherical_n8000_g4_hard_noise0,spherical,8000,hard,2026092802,e2ec83c7ed05e374c89c757d9217fa29b149b67ab2ffe5a070418a2733904711,head_eom,0.0,1,41.04
spherical_n8000_g4_hard_noise0,spherical,8000,hard,2026092802,e2ec83c7ed05e374c89c757d9217fa29b149b67ab2ffe5a070418a2733904711,splitonly_eom,0.0,1,41.04
spherical_n8000_g4_hard_noise0,spherical,8000,hard,2026092802,e2ec83c7ed05e374c89c757d9217fa29b149b67ab2ffe5a070418a2733904711,rootonly_eom,0.7295043347775805,10,41.04
spherical_n8000_g4_hard_noise0,spherical,8000,hard,2026092802,e2ec83c7ed05e374c89c757d9217fa29b149b67ab2ffe5a070418a2733904711,head_eom_noroot,0.7295043347775805,10,41.04
spherical_n8000_g4_hard_noise0,spherical,8000,hard,2026092802,e2ec83c7ed05e374c89c757d9217fa29b149b67ab2ffe5a070418a2733904711,head_leaf,0.7295043347775805,10,41.04
spherical_n8000_g4_hard_noise0,spherical,8000,hard,2026092802,e2ec83c7ed05e374c89c757d9217fa29b149b67ab2ffe5a070418a2733904711,cda_eom_noroot,0.7295043347775805,10,41.04
spherical_n8000_g4_hard_noise0,spherical,8000,hard,2026092803,4ee929f15f07b1d4b4eb67b71b4c5b299411b02aa0a8cdbb0473bf8e891718b7,cda_eom,0.5978177778466411,19,45.43
spherical_n8000_g4_hard_noise0,spherical,8000,hard,2026092803,4ee929f15f07b1d4b4eb67b71b4c5b299411b02aa0a8cdbb0473bf8e891718b7,head_eom,0.0,1,45.43
spherical_n8000_g4_hard_noise0,spherical,8000,hard,2026092803,4ee929f15f07b1d4b4eb67b71b4c5b299411b02aa0a8cdbb0473bf8e891718b7,splitonly_eom,0.0,1,45.43
spherical_n8000_g4_hard_noise0,spherical,8000,hard,2026092803,4ee929f15f07b1d4b4eb67b71b4c5b299411b02aa0a8cdbb0473bf8e891718b7,rootonly_eom,0.5978177778466411,19,45.43
spherical_n8000_g4_hard_noise0,spherical,8000,hard,2026092803,4ee929f15f07b1d4b4eb67b71b4c5b299411b02aa0a8cdbb0473bf8e891718b7,head_eom_noroot,0.5978177778466411,19,45.43
spherical_n8000_g4_hard_noise0,spherical,8000,hard,2026092803,4ee929f15f07b1d4b4eb67b71b4c5b299411b02aa0a8cdbb0473bf8e891718b7,head_leaf,0.3677260025760019,20,45.43
spherical_n8000_g4_hard_noise0,spherical,8000,hard,2026092803,4ee929f15f07b1d4b4eb67b71b4c5b299411b02aa0a8cdbb0473bf8e891718b7,cda_eom_noroot,0.5978177778466411,19,45.43
spherical_n8000_g4_hard_noise0,spherical,8000,hard,2026092804,04ce3079dfa604e42db5e1c2a55e7a342d308fe5905ec788f6eb5134de9d79ff,cda_eom,0.5038340040783099,14,39.64
spherical_n8000_g4_hard_noise0,spherical,8000,hard,2026092804,04ce3079dfa604e42db5e1c2a55e7a342d308fe5905ec788f6eb5134de9d79ff,head_eom,0.0,1,39.64
spherical_n8000_g4_hard_noise0,spherical,8000,hard,2026092804,04ce3079dfa604e42db5e1c2a55e7a342d308fe5905ec788f6eb5134de9d79ff,splitonly_eom,0.0,1,39.64
spherical_n8000_g4_hard_noise0,spherical,8000,hard,2026092804,04ce3079dfa604e42db5e1c2a55e7a342d308fe5905ec788f6eb5134de9d79ff,rootonly_eom,0.5038340040783099,14,39.64
spherical_n8000_g4_hard_noise0,spherical,8000,hard,2026092804,04ce3079dfa604e42db5e1c2a55e7a342d308fe5905ec788f6eb5134de9d79ff,head_eom_noroot,0.5038340040783099,14,39.64
spherical_n8000_g4_hard_noise0,spherical,8000,hard,2026092804,04ce3079dfa604e42db5e1c2a55e7a342d308fe5905ec788f6eb5134de9d79ff,head_leaf,0.5038340040783099,14,39.64
spherical_n8000_g4_hard_noise0,spherical,8000,hard,2026092804,04ce3079dfa604e42db5e1c2a55e7a342d308fe5905ec788f6eb5134de9d79ff,cda_eom_noroot,0.5038340040783099,14,39.64
spherical_n8000_g4_medium_noise0,spherical,8000,medium,2026092800,09f2b0aa0235ee38948c9c8503a721c80dfa9a20f547aacc0ec66c64033c2369,cda_eom,0.7280450387007249,13,35.3
spherical_n8000_g4_medium_noise0,spherical,8000,medium,2026092800,09f2b0aa0235ee38948c9c8503a721c80dfa9a20f547aacc0ec66c64033c2369,head_eom,0.0,1,35.3
spherical_n8000_g4_medium_noise0,spherical,8000,medium,2026092800,09f2b0aa0235ee38948c9c8503a721c80dfa9a20f547aacc0ec66c64033c2369,splitonly_eom,0.0,1,35.3
spherical_n8000_g4_medium_noise0,spherical,8000,medium,2026092800,09f2b0aa0235ee38948c9c8503a721c80dfa9a20f547aacc0ec66c64033c2369,rootonly_eom,0.7280450387007249,13,35.3
spherical_n8000_g4_medium_noise0,spherical,8000,medium,2026092800,09f2b0aa0235ee38948c9c8503a721c80dfa9a20f547aacc0ec66c64033c2369,head_eom_noroot,0.7933465071266652,11,35.3
spherical_n8000_g4_medium_noise0,spherical,8000,medium,2026092800,09f2b0aa0235ee38948c9c8503a721c80dfa9a20f547aacc0ec66c64033c2369,head_leaf,0.5076203120621016,17,35.3
spherical_n8000_g4_medium_noise0,spherical,8000,medium,2026092800,09f2b0aa0235ee38948c9c8503a721c80dfa9a20f547aacc0ec66c64033c2369,cda_eom_noroot,0.7280450387007249,13,35.3
spherical_n8000_g4_medium_noise0,spherical,8000,medium,2026092801,a4653bd089eb01f00ccda329bd05b557953c0742ced4effe0f8f1866db634fab,cda_eom,0.8451467713591274,16,31.36
spherical_n8000_g4_medium_noise0,spherical,8000,medium,2026092801,a4653bd089eb01f00ccda329bd05b557953c0742ced4effe0f8f1866db634fab,head_eom,0.8451467713591274,16,31.36
spherical_n8000_g4_medium_noise0,spherical,8000,medium,2026092801,a4653bd089eb01f00ccda329bd05b557953c0742ced4effe0f8f1866db634fab,splitonly_eom,0.0,1,31.36
spherical_n8000_g4_medium_noise0,spherical,8000,medium,2026092801,a4653bd089eb01f00ccda329bd05b557953c0742ced4effe0f8f1866db634fab,rootonly_eom,0.8451467713591274,16,31.36
spherical_n8000_g4_medium_noise0,spherical,8000,medium,2026092801,a4653bd089eb01f00ccda329bd05b557953c0742ced4effe0f8f1866db634fab,head_eom_noroot,0.8451467713591274,16,31.36
spherical_n8000_g4_medium_noise0,spherical,8000,medium,2026092801,a4653bd089eb01f00ccda329bd05b557953c0742ced4effe0f8f1866db634fab,head_leaf,0.7318790093162199,19,31.36
spherical_n8000_g4_medium_noise0,spherical,8000,medium,2026092801,a4653bd089eb01f00ccda329bd05b557953c0742ced4effe0f8f1866db634fab,cda_eom_noroot,0.8451467713591274,16,31.36
spherical_n8000_g4_medium_noise0,spherical,8000,medium,2026092802,03af16fb76eb780f491801e3d448a0ccc33522ec64f66e6351391988b85161af,cda_eom,0.8762059677884948,10,31.68
spherical_n8000_g4_medium_noise0,spherical,8000,medium,2026092802,03af16fb76eb780f491801e3d448a0ccc33522ec64f66e6351391988b85161af,head_eom,0.8762059677884948,10,31.68
spherical_n8000_g4_medium_noise0,spherical,8000,medium,2026092802,03af16fb76eb780f491801e3d448a0ccc33522ec64f66e6351391988b85161af,splitonly_eom,0.0,1,31.68
spherical_n8000_g4_medium_noise0,spherical,8000,medium,2026092802,03af16fb76eb780f491801e3d448a0ccc33522ec64f66e6351391988b85161af,rootonly_eom,0.8762059677884948,10,31.68
spherical_n8000_g4_medium_noise0,spherical,8000,medium,2026092802,03af16fb76eb780f491801e3d448a0ccc33522ec64f66e6351391988b85161af,head_eom_noroot,0.8762059677884948,10,31.68
spherical_n8000_g4_medium_noise0,spherical,8000,medium,2026092802,03af16fb76eb780f491801e3d448a0ccc33522ec64f66e6351391988b85161af,head_leaf,0.8762059677884948,10,31.68
spherical_n8000_g4_medium_noise0,spherical,8000,medium,2026092802,03af16fb76eb780f491801e3d448a0ccc33522ec64f66e6351391988b85161af,cda_eom_noroot,0.8762059677884948,10,31.68
spherical_n8000_g4_medium_noise0,spherical,8000,medium,2026092803,77d24bbe418f591aea55a4deb28d7c87a0a178fe5c0c7597cb3f98588f21fb89,cda_eom,0.8290558926158983,16,32.24
spherical_n8000_g4_medium_noise0,spherical,8000,medium,2026092803,77d24bbe418f591aea55a4deb28d7c87a0a178fe5c0c7597cb3f98588f21fb89,head_eom,0.8290558926158983,16,32.24
spherical_n8000_g4_medium_noise0,spherical,8000,medium,2026092803,77d24bbe418f591aea55a4deb28d7c87a0a178fe5c0c7597cb3f98588f21fb89,splitonly_eom,0.0,1,32.24
spherical_n8000_g4_medium_noise0,spherical,8000,medium,2026092803,77d24bbe418f591aea55a4deb28d7c87a0a178fe5c0c7597cb3f98588f21fb89,rootonly_eom,0.8290558926158983,16,32.24
spherical_n8000_g4_medium_noise0,spherical,8000,medium,2026092803,77d24bbe418f591aea55a4deb28d7c87a0a178fe5c0c7597cb3f98588f21fb89,head_eom_noroot,0.8290558926158983,16,32.24
spherical_n8000_g4_medium_noise0,spherical,8000,medium,2026092803,77d24bbe418f591aea55a4deb28d7c87a0a178fe5c0c7597cb3f98588f21fb89,head_leaf,0.49141240931986174,20,32.24
spherical_n8000_g4_medium_noise0,spherical,8000,medium,2026092803,77d24bbe418f591aea55a4deb28d7c87a0a178fe5c0c7597cb3f98588f21fb89,cda_eom_noroot,0.8290558926158983,16,32.24
spherical_n8000_g4_medium_noise0,spherical,8000,medium,2026092804,062d793398ee42459c9a96547dd5312e0141f1144cf1406c912d5d2f193c6349,cda_eom,0.8700627176363637,10,39.69
spherical_n8000_g4_medium_noise0,spherical,8000,medium,2026092804,062d793398ee42459c9a96547dd5312e0141f1144cf1406c912d5d2f193c6349,head_eom,0.8700627176363637,10,39.69
spherical_n8000_g4_medium_noise0,spherical,8000,medium,2026092804,062d793398ee42459c9a96547dd5312e0141f1144cf1406c912d5d2f193c6349,splitonly_eom,0.0,1,39.69
spherical_n8000_g4_medium_noise0,spherical,8000,medium,2026092804,062d793398ee42459c9a96547dd5312e0141f1144cf1406c912d5d2f193c6349,rootonly_eom,0.8700627176363637,10,39.69
spherical_n8000_g4_medium_noise0,spherical,8000,medium,2026092804,062d793398ee42459c9a96547dd5312e0141f1144cf1406c912d5d2f193c6349,head_eom_noroot,0.8700627176363637,10,39.69
spherical_n8000_g4_medium_noise0,spherical,8000,medium,2026092804,062d793398ee42459c9a96547dd5312e0141f1144cf1406c912d5d2f193c6349,head_leaf,0.7817154441120515,12,39.69
spherical_n8000_g4_medium_noise0,spherical,8000,medium,2026092804,062d793398ee42459c9a96547dd5312e0141f1144cf1406c912d5d2f193c6349,cda_eom_noroot,0.8700627176363637,10,39.69
spherical_n8000_g8_medium_noise0,spherical,8000,medium,2026092800,a3698ff24686286161f38202a1f8806ad2d437afc4a1126a3d55f8beb5dd9712,cda_eom,0.9048094230232256,15,36.12
spherical_n8000_g8_medium_noise0,spherical,8000,medium,2026092800,a3698ff24686286161f38202a1f8806ad2d437afc4a1126a3d55f8beb5dd9712,head_eom,0.9048094230232256,15,36.12
spherical_n8000_g8_medium_noise0,spherical,8000,medium,2026092800,a3698ff24686286161f38202a1f8806ad2d437afc4a1126a3d55f8beb5dd9712,splitonly_eom,0.9048094230232256,15,36.12
spherical_n8000_g8_medium_noise0,spherical,8000,medium,2026092800,a3698ff24686286161f38202a1f8806ad2d437afc4a1126a3d55f8beb5dd9712,rootonly_eom,0.9048094230232256,15,36.12
spherical_n8000_g8_medium_noise0,spherical,8000,medium,2026092800,a3698ff24686286161f38202a1f8806ad2d437afc4a1126a3d55f8beb5dd9712,head_eom_noroot,0.9048094230232256,15,36.12
spherical_n8000_g8_medium_noise0,spherical,8000,medium,2026092800,a3698ff24686286161f38202a1f8806ad2d437afc4a1126a3d55f8beb5dd9712,head_leaf,0.9048094230232256,15,36.12
spherical_n8000_g8_medium_noise0,spherical,8000,medium,2026092800,a3698ff24686286161f38202a1f8806ad2d437afc4a1126a3d55f8beb5dd9712,cda_eom_noroot,0.9048094230232256,15,36.12
spherical_n8000_g8_medium_noise0,spherical,8000,medium,2026092801,1126caf2e83998d43ee3645da91f8ed44051dde2c4f1943723ca4c747239960e,cda_eom,0.832667780293777,18,43.07
spherical_n8000_g8_medium_noise0,spherical,8000,medium,2026092801,1126caf2e83998d43ee3645da91f8ed44051dde2c4f1943723ca4c747239960e,head_eom,0.832667780293777,18,43.07
spherical_n8000_g8_medium_noise0,spherical,8000,medium,2026092801,1126caf2e83998d43ee3645da91f8ed44051dde2c4f1943723ca4c747239960e,splitonly_eom,0.832667780293777,18,43.07
spherical_n8000_g8_medium_noise0,spherical,8000,medium,2026092801,1126caf2e83998d43ee3645da91f8ed44051dde2c4f1943723ca4c747239960e,rootonly_eom,0.832667780293777,18,43.07
spherical_n8000_g8_medium_noise0,spherical,8000,medium,2026092801,1126caf2e83998d43ee3645da91f8ed44051dde2c4f1943723ca4c747239960e,head_eom_noroot,0.832667780293777,18,43.07
spherical_n8000_g8_medium_noise0,spherical,8000,medium,2026092801,1126caf2e83998d43ee3645da91f8ed44051dde2c4f1943723ca4c747239960e,head_leaf,0.832667780293777,18,43.07
spherical_n8000_g8_medium_noise0,spherical,8000,medium,2026092801,1126caf2e83998d43ee3645da91f8ed44051dde2c4f1943723ca4c747239960e,cda_eom_noroot,0.832667780293777,18,43.07
spherical_n8000_g8_medium_noise0,spherical,8000,medium,2026092802,e8d9ec5d8c68cef378329baca0bb4934be17b3a77508abab8e9096ddca8f390b,cda_eom,0.897278970666039,15,35.69
spherical_n8000_g8_medium_noise0,spherical,8000,medium,2026092802,e8d9ec5d8c68cef378329baca0bb4934be17b3a77508abab8e9096ddca8f390b,head_eom,0.897278970666039,15,35.69
spherical_n8000_g8_medium_noise0,spherical,8000,medium,2026092802,e8d9ec5d8c68cef378329baca0bb4934be17b3a77508abab8e9096ddca8f390b,splitonly_eom,0.897278970666039,15,35.69
spherical_n8000_g8_medium_noise0,spherical,8000,medium,2026092802,e8d9ec5d8c68cef378329baca0bb4934be17b3a77508abab8e9096ddca8f390b,rootonly_eom,0.897278970666039,15,35.69
spherical_n8000_g8_medium_noise0,spherical,8000,medium,2026092802,e8d9ec5d8c68cef378329baca0bb4934be17b3a77508abab8e9096ddca8f390b,head_eom_noroot,0.897278970666039,15,35.69
spherical_n8000_g8_medium_noise0,spherical,8000,medium,2026092802,e8d9ec5d8c68cef378329baca0bb4934be17b3a77508abab8e9096ddca8f390b,head_leaf,0.8100168437217501,20,35.69
spherical_n8000_g8_medium_noise0,spherical,8000,medium,2026092802,e8d9ec5d8c68cef378329baca0bb4934be17b3a77508abab8e9096ddca8f390b,cda_eom_noroot,0.897278970666039,15,35.69
spherical_n8000_g8_medium_noise0,spherical,8000,medium,2026092803,9660dc4a0669e124f8720a83940aa43fbde61d264199ea48e330055952726eb9,cda_eom,0.8760282918454303,27,35.06
spherical_n8000_g8_medium_noise0,spherical,8000,medium,2026092803,9660dc4a0669e124f8720a83940aa43fbde61d264199ea48e330055952726eb9,head_eom,0.8760282918454303,27,35.06
spherical_n8000_g8_medium_noise0,spherical,8000,medium,2026092803,9660dc4a0669e124f8720a83940aa43fbde61d264199ea48e330055952726eb9,splitonly_eom,0.8760282918454303,27,35.06
spherical_n8000_g8_medium_noise0,spherical,8000,medium,2026092803,9660dc4a0669e124f8720a83940aa43fbde61d264199ea48e330055952726eb9,rootonly_eom,0.8760282918454303,27,35.06
spherical_n8000_g8_medium_noise0,spherical,8000,medium,2026092803,9660dc4a0669e124f8720a83940aa43fbde61d264199ea48e330055952726eb9,head_eom_noroot,0.8760282918454303,27,35.06
spherical_n8000_g8_medium_noise0,spherical,8000,medium,2026092803,9660dc4a0669e124f8720a83940aa43fbde61d264199ea48e330055952726eb9,head_leaf,0.8760282918454303,27,35.06
spherical_n8000_g8_medium_noise0,spherical,8000,medium,2026092803,9660dc4a0669e124f8720a83940aa43fbde61d264199ea48e330055952726eb9,cda_eom_noroot,0.8760282918454303,27,35.06
spherical_n8000_g8_medium_noise0,spherical,8000,medium,2026092804,0ce6294b34dd4f7852b959fa722d3151cb51697fbc01c1cfb00596ff4188b100,cda_eom,0.9197337648252403,15,33.31
spherical_n8000_g8_medium_noise0,spherical,8000,medium,2026092804,0ce6294b34dd4f7852b959fa722d3151cb51697fbc01c1cfb00596ff4188b100,head_eom,0.9197337648252403,15,33.31
spherical_n8000_g8_medium_noise0,spherical,8000,medium,2026092804,0ce6294b34dd4f7852b959fa722d3151cb51697fbc01c1cfb00596ff4188b100,splitonly_eom,0.9197337648252403,15,33.31
spherical_n8000_g8_medium_noise0,spherical,8000,medium,2026092804,0ce6294b34dd4f7852b959fa722d3151cb51697fbc01c1cfb00596ff4188b100,rootonly_eom,0.9197337648252403,15,33.31
spherical_n8000_g8_medium_noise0,spherical,8000,medium,2026092804,0ce6294b34dd4f7852b959fa722d3151cb51697fbc01c1cfb00596ff4188b100,head_eom_noroot,0.9197337648252403,15,33.31
spherical_n8000_g8_medium_noise0,spherical,8000,medium,2026092804,0ce6294b34dd4f7852b959fa722d3151cb51697fbc01c1cfb00596ff4188b100,head_leaf,0.9197337648252403,15,33.31
spherical_n8000_g8_medium_noise0,spherical,8000,medium,2026092804,0ce6294b34dd4f7852b959fa722d3151cb51697fbc01c1cfb00596ff4188b100,cda_eom_noroot,0.9197337648252403,15,33.31
unbalanced_n2000_g8_easy_noise0,unbalanced,2000,easy,2026092800,64906e08c6116cab83d6bd8c8ab20f614f86c736fe702c81a722585f3d87da2f,cda_eom,0.9758325066500837,7,9.41
unbalanced_n2000_g8_easy_noise0,unbalanced,2000,easy,2026092800,64906e08c6116cab83d6bd8c8ab20f614f86c736fe702c81a722585f3d87da2f,head_eom,0.9758325066500837,7,9.41
unbalanced_n2000_g8_easy_noise0,unbalanced,2000,easy,2026092800,64906e08c6116cab83d6bd8c8ab20f614f86c736fe702c81a722585f3d87da2f,splitonly_eom,0.9758325066500837,7,9.41
unbalanced_n2000_g8_easy_noise0,unbalanced,2000,easy,2026092800,64906e08c6116cab83d6bd8c8ab20f614f86c736fe702c81a722585f3d87da2f,rootonly_eom,0.9758325066500837,7,9.41
unbalanced_n2000_g8_easy_noise0,unbalanced,2000,easy,2026092800,64906e08c6116cab83d6bd8c8ab20f614f86c736fe702c81a722585f3d87da2f,head_eom_noroot,0.9758325066500837,7,9.41
unbalanced_n2000_g8_easy_noise0,unbalanced,2000,easy,2026092800,64906e08c6116cab83d6bd8c8ab20f614f86c736fe702c81a722585f3d87da2f,head_leaf,0.9758325066500837,7,9.41
unbalanced_n2000_g8_easy_noise0,unbalanced,2000,easy,2026092800,64906e08c6116cab83d6bd8c8ab20f614f86c736fe702c81a722585f3d87da2f,cda_eom_noroot,0.9758325066500837,7,9.41
unbalanced_n2000_g8_easy_noise0,unbalanced,2000,easy,2026092801,d4756cc7ac31de35cbaa11e1fc459dbc234cd9338bf759c8b6fa694d2e38c3db,cda_eom,0.9789388474661528,7,4.22
unbalanced_n2000_g8_easy_noise0,unbalanced,2000,easy,2026092801,d4756cc7ac31de35cbaa11e1fc459dbc234cd9338bf759c8b6fa694d2e38c3db,head_eom,0.9789388474661528,7,4.22
unbalanced_n2000_g8_easy_noise0,unbalanced,2000,easy,2026092801,d4756cc7ac31de35cbaa11e1fc459dbc234cd9338bf759c8b6fa694d2e38c3db,splitonly_eom,0.9789388474661528,7,4.22
unbalanced_n2000_g8_easy_noise0,unbalanced,2000,easy,2026092801,d4756cc7ac31de35cbaa11e1fc459dbc234cd9338bf759c8b6fa694d2e38c3db,rootonly_eom,0.9789388474661528,7,4.22
unbalanced_n2000_g8_easy_noise0,unbalanced,2000,easy,2026092801,d4756cc7ac31de35cbaa11e1fc459dbc234cd9338bf759c8b6fa694d2e38c3db,head_eom_noroot,0.9789388474661528,7,4.22
unbalanced_n2000_g8_easy_noise0,unbalanced,2000,easy,2026092801,d4756cc7ac31de35cbaa11e1fc459dbc234cd9338bf759c8b6fa694d2e38c3db,head_leaf,0.8973381631473007,11,4.22
unbalanced_n2000_g8_easy_noise0,unbalanced,2000,easy,2026092801,d4756cc7ac31de35cbaa11e1fc459dbc234cd9338bf759c8b6fa694d2e38c3db,cda_eom_noroot,0.9789388474661528,7,4.22
unbalanced_n2000_g8_easy_noise0,unbalanced,2000,easy,2026092802,50359cc6af0ba4963ddef6fc7c65cd8e667a7a2abf6c6928fe413bbed8aec062,cda_eom,0.9769652893504938,8,4.45
unbalanced_n2000_g8_easy_noise0,unbalanced,2000,easy,2026092802,50359cc6af0ba4963ddef6fc7c65cd8e667a7a2abf6c6928fe413bbed8aec062,head_eom,0.9769652893504938,8,4.45
unbalanced_n2000_g8_easy_noise0,unbalanced,2000,easy,2026092802,50359cc6af0ba4963ddef6fc7c65cd8e667a7a2abf6c6928fe413bbed8aec062,splitonly_eom,0.9769652893504938,8,4.45
unbalanced_n2000_g8_easy_noise0,unbalanced,2000,easy,2026092802,50359cc6af0ba4963ddef6fc7c65cd8e667a7a2abf6c6928fe413bbed8aec062,rootonly_eom,0.9769652893504938,8,4.45
unbalanced_n2000_g8_easy_noise0,unbalanced,2000,easy,2026092802,50359cc6af0ba4963ddef6fc7c65cd8e667a7a2abf6c6928fe413bbed8aec062,head_eom_noroot,0.9769652893504938,8,4.45
unbalanced_n2000_g8_easy_noise0,unbalanced,2000,easy,2026092802,50359cc6af0ba4963ddef6fc7c65cd8e667a7a2abf6c6928fe413bbed8aec062,head_leaf,0.5976522279031329,14,4.45
unbalanced_n2000_g8_easy_noise0,unbalanced,2000,easy,2026092802,50359cc6af0ba4963ddef6fc7c65cd8e667a7a2abf6c6928fe413bbed8aec062,cda_eom_noroot,0.9769652893504938,8,4.45
unbalanced_n2000_g8_easy_noise0,unbalanced,2000,easy,2026092803,4ccbe2e4d74c514bbdec90af2d6a3d016ad9fb44979b35eb9bddc17abf6e8ba6,cda_eom,0.975290464178237,6,5.0
unbalanced_n2000_g8_easy_noise0,unbalanced,2000,easy,2026092803,4ccbe2e4d74c514bbdec90af2d6a3d016ad9fb44979b35eb9bddc17abf6e8ba6,head_eom,0.975290464178237,6,5.0
unbalanced_n2000_g8_easy_noise0,unbalanced,2000,easy,2026092803,4ccbe2e4d74c514bbdec90af2d6a3d016ad9fb44979b35eb9bddc17abf6e8ba6,splitonly_eom,0.975290464178237,6,5.0
unbalanced_n2000_g8_easy_noise0,unbalanced,2000,easy,2026092803,4ccbe2e4d74c514bbdec90af2d6a3d016ad9fb44979b35eb9bddc17abf6e8ba6,rootonly_eom,0.975290464178237,6,5.0
unbalanced_n2000_g8_easy_noise0,unbalanced,2000,easy,2026092803,4ccbe2e4d74c514bbdec90af2d6a3d016ad9fb44979b35eb9bddc17abf6e8ba6,head_eom_noroot,0.975290464178237,6,5.0
unbalanced_n2000_g8_easy_noise0,unbalanced,2000,easy,2026092803,4ccbe2e4d74c514bbdec90af2d6a3d016ad9fb44979b35eb9bddc17abf6e8ba6,head_leaf,0.975290464178237,6,5.0
unbalanced_n2000_g8_easy_noise0,unbalanced,2000,easy,2026092803,4ccbe2e4d74c514bbdec90af2d6a3d016ad9fb44979b35eb9bddc17abf6e8ba6,cda_eom_noroot,0.975290464178237,6,5.0
unbalanced_n2000_g8_easy_noise0,unbalanced,2000,easy,2026092804,3eaadb132cbac2dc69fb88b6387d0da9ec17c3a3c0453dd56c951ae7c21f6cfe,cda_eom,0.9773220924994579,9,4.98
unbalanced_n2000_g8_easy_noise0,unbalanced,2000,easy,2026092804,3eaadb132cbac2dc69fb88b6387d0da9ec17c3a3c0453dd56c951ae7c21f6cfe,head_eom,0.9773220924994579,9,4.98
unbalanced_n2000_g8_easy_noise0,unbalanced,2000,easy,2026092804,3eaadb132cbac2dc69fb88b6387d0da9ec17c3a3c0453dd56c951ae7c21f6cfe,splitonly_eom,0.9773220924994579,9,4.98
unbalanced_n2000_g8_easy_noise0,unbalanced,2000,easy,2026092804,3eaadb132cbac2dc69fb88b6387d0da9ec17c3a3c0453dd56c951ae7c21f6cfe,rootonly_eom,0.9773220924994579,9,4.98
unbalanced_n2000_g8_easy_noise0,unbalanced,2000,easy,2026092804,3eaadb132cbac2dc69fb88b6387d0da9ec17c3a3c0453dd56c951ae7c21f6cfe,head_eom_noroot,0.9773220924994579,9,4.98
unbalanced_n2000_g8_easy_noise0,unbalanced,2000,easy,2026092804,3eaadb132cbac2dc69fb88b6387d0da9ec17c3a3c0453dd56c951ae7c21f6cfe,head_leaf,0.6688934474648097,12,4.98
unbalanced_n2000_g8_easy_noise0,unbalanced,2000,easy,2026092804,3eaadb132cbac2dc69fb88b6387d0da9ec17c3a3c0453dd56c951ae7c21f6cfe,cda_eom_noroot,0.9773220924994579,9,4.98
unbalanced_n2000_g8_extreme_noise0,unbalanced,2000,extreme,2026092800,38023c5755d05f1e2aa959f3d821dae5e91cb8eced3bffaccda4179f0afc4f90,cda_eom,0.0,1,6.55
unbalanced_n2000_g8_extreme_noise0,unbalanced,2000,extreme,2026092800,38023c5755d05f1e2aa959f3d821dae5e91cb8eced3bffaccda4179f0afc4f90,head_eom,0.0,1,6.55
unbalanced_n2000_g8_extreme_noise0,unbalanced,2000,extreme,2026092800,38023c5755d05f1e2aa959f3d821dae5e91cb8eced3bffaccda4179f0afc4f90,splitonly_eom,0.0,1,6.55
unbalanced_n2000_g8_extreme_noise0,unbalanced,2000,extreme,2026092800,38023c5755d05f1e2aa959f3d821dae5e91cb8eced3bffaccda4179f0afc4f90,rootonly_eom,0.0,1,6.55
unbalanced_n2000_g8_extreme_noise0,unbalanced,2000,extreme,2026092800,38023c5755d05f1e2aa959f3d821dae5e91cb8eced3bffaccda4179f0afc4f90,head_eom_noroot,0.31841227660246874,4,6.55
unbalanced_n2000_g8_extreme_noise0,unbalanced,2000,extreme,2026092800,38023c5755d05f1e2aa959f3d821dae5e91cb8eced3bffaccda4179f0afc4f90,head_leaf,0.31841227660246874,4,6.55
unbalanced_n2000_g8_extreme_noise0,unbalanced,2000,extreme,2026092800,38023c5755d05f1e2aa959f3d821dae5e91cb8eced3bffaccda4179f0afc4f90,cda_eom_noroot,0.31841227660246874,4,6.55
unbalanced_n2000_g8_extreme_noise0,unbalanced,2000,extreme,2026092801,e567d1ad6a5668cc6fccda793ec1422b0189eb822bdcad283570c3734469e8ea,cda_eom,0.0,1,6.23
unbalanced_n2000_g8_extreme_noise0,unbalanced,2000,extreme,2026092801,e567d1ad6a5668cc6fccda793ec1422b0189eb822bdcad283570c3734469e8ea,head_eom,0.0,1,6.23
unbalanced_n2000_g8_extreme_noise0,unbalanced,2000,extreme,2026092801,e567d1ad6a5668cc6fccda793ec1422b0189eb822bdcad283570c3734469e8ea,splitonly_eom,0.0,1,6.23
unbalanced_n2000_g8_extreme_noise0,unbalanced,2000,extreme,2026092801,e567d1ad6a5668cc6fccda793ec1422b0189eb822bdcad283570c3734469e8ea,rootonly_eom,0.0,1,6.23
unbalanced_n2000_g8_extreme_noise0,unbalanced,2000,extreme,2026092801,e567d1ad6a5668cc6fccda793ec1422b0189eb822bdcad283570c3734469e8ea,head_eom_noroot,0.27053117129755033,8,6.23
unbalanced_n2000_g8_extreme_noise0,unbalanced,2000,extreme,2026092801,e567d1ad6a5668cc6fccda793ec1422b0189eb822bdcad283570c3734469e8ea,head_leaf,0.27053117129755033,8,6.23
unbalanced_n2000_g8_extreme_noise0,unbalanced,2000,extreme,2026092801,e567d1ad6a5668cc6fccda793ec1422b0189eb822bdcad283570c3734469e8ea,cda_eom_noroot,0.27053117129755033,8,6.23
unbalanced_n2000_g8_extreme_noise0,unbalanced,2000,extreme,2026092802,2af25fb3d9d3c13e0f5fe17bfa647b80fdf1f3f1b6663e4bc8d595cd3c2e2f97,cda_eom,0.0,1,5.42
unbalanced_n2000_g8_extreme_noise0,unbalanced,2000,extreme,2026092802,2af25fb3d9d3c13e0f5fe17bfa647b80fdf1f3f1b6663e4bc8d595cd3c2e2f97,head_eom,0.0,1,5.42
unbalanced_n2000_g8_extreme_noise0,unbalanced,2000,extreme,2026092802,2af25fb3d9d3c13e0f5fe17bfa647b80fdf1f3f1b6663e4bc8d595cd3c2e2f97,splitonly_eom,0.0,1,5.42
unbalanced_n2000_g8_extreme_noise0,unbalanced,2000,extreme,2026092802,2af25fb3d9d3c13e0f5fe17bfa647b80fdf1f3f1b6663e4bc8d595cd3c2e2f97,rootonly_eom,0.0,1,5.42
unbalanced_n2000_g8_extreme_noise0,unbalanced,2000,extreme,2026092802,2af25fb3d9d3c13e0f5fe17bfa647b80fdf1f3f1b6663e4bc8d595cd3c2e2f97,head_eom_noroot,0.08468408100224085,6,5.42
unbalanced_n2000_g8_extreme_noise0,unbalanced,2000,extreme,2026092802,2af25fb3d9d3c13e0f5fe17bfa647b80fdf1f3f1b6663e4bc8d595cd3c2e2f97,head_leaf,0.08468408100224085,6,5.42
unbalanced_n2000_g8_extreme_noise0,unbalanced,2000,extreme,2026092802,2af25fb3d9d3c13e0f5fe17bfa647b80fdf1f3f1b6663e4bc8d595cd3c2e2f97,cda_eom_noroot,0.08468408100224085,6,5.42
unbalanced_n2000_g8_extreme_noise0,unbalanced,2000,extreme,2026092803,c92f800f52fcfac0bdaedb1db4158531323c7820b85cbf2729c9d37e1e7e0a41,cda_eom,0.0,1,7.88
unbalanced_n2000_g8_extreme_noise0,unbalanced,2000,extreme,2026092803,c92f800f52fcfac0bdaedb1db4158531323c7820b85cbf2729c9d37e1e7e0a41,head_eom,0.0,1,7.88
unbalanced_n2000_g8_extreme_noise0,unbalanced,2000,extreme,2026092803,c92f800f52fcfac0bdaedb1db4158531323c7820b85cbf2729c9d37e1e7e0a41,splitonly_eom,0.0,1,7.88
unbalanced_n2000_g8_extreme_noise0,unbalanced,2000,extreme,2026092803,c92f800f52fcfac0bdaedb1db4158531323c7820b85cbf2729c9d37e1e7e0a41,rootonly_eom,0.0,1,7.88
unbalanced_n2000_g8_extreme_noise0,unbalanced,2000,extreme,2026092803,c92f800f52fcfac0bdaedb1db4158531323c7820b85cbf2729c9d37e1e7e0a41,head_eom_noroot,0.3568664902400818,7,7.88
unbalanced_n2000_g8_extreme_noise0,unbalanced,2000,extreme,2026092803,c92f800f52fcfac0bdaedb1db4158531323c7820b85cbf2729c9d37e1e7e0a41,head_leaf,0.3568664902400818,7,7.88
unbalanced_n2000_g8_extreme_noise0,unbalanced,2000,extreme,2026092803,c92f800f52fcfac0bdaedb1db4158531323c7820b85cbf2729c9d37e1e7e0a41,cda_eom_noroot,0.3568664902400818,7,7.88
unbalanced_n2000_g8_extreme_noise0,unbalanced,2000,extreme,2026092804,21e30babb133ccb5a20972151709226e358980c5409469de2dfd8852b4f2c162,cda_eom,0.0,1,6.83
unbalanced_n2000_g8_extreme_noise0,unbalanced,2000,extreme,2026092804,21e30babb133ccb5a20972151709226e358980c5409469de2dfd8852b4f2c162,head_eom,0.0,1,6.83
unbalanced_n2000_g8_extreme_noise0,unbalanced,2000,extreme,2026092804,21e30babb133ccb5a20972151709226e358980c5409469de2dfd8852b4f2c162,splitonly_eom,0.0,1,6.83
unbalanced_n2000_g8_extreme_noise0,unbalanced,2000,extreme,2026092804,21e30babb133ccb5a20972151709226e358980c5409469de2dfd8852b4f2c162,rootonly_eom,0.0,1,6.83
unbalanced_n2000_g8_extreme_noise0,unbalanced,2000,extreme,2026092804,21e30babb133ccb5a20972151709226e358980c5409469de2dfd8852b4f2c162,head_eom_noroot,0.44256293203160746,6,6.83
unbalanced_n2000_g8_extreme_noise0,unbalanced,2000,extreme,2026092804,21e30babb133ccb5a20972151709226e358980c5409469de2dfd8852b4f2c162,head_leaf,0.10321402548385501,8,6.83
unbalanced_n2000_g8_extreme_noise0,unbalanced,2000,extreme,2026092804,21e30babb133ccb5a20972151709226e358980c5409469de2dfd8852b4f2c162,cda_eom_noroot,0.44256293203160746,6,6.83
