tour	variante	charge1	minflt	maxrss_kb	wall	json
0	base	19.03	187906	405804	4.31	{"status":"ok","n":45845,"kmax":5,"balls":1407885,"clusters":46,"catalogue_s":3.668,"tower_s":0.532,"head_s":0.061}
0	v2	18.70	179309	403884	3.62	{"status":"ok","n":45845,"kmax":5,"balls":1407885,"clusters":46,"catalogue_s":2.877,"tower_s":0.611,"head_s":0.037}
0	tout	18.49	136606	405156	3.63	{"status":"ok","n":45845,"kmax":5,"balls":1407885,"clusters":46,"catalogue_s":3.002,"tower_s":0.563,"head_s":0.045}
1	v2	18.13	185681	407472	3.55	{"status":"ok","n":45845,"kmax":5,"balls":1407885,"clusters":46,"catalogue_s":3.000,"tower_s":0.451,"head_s":0.052}
1	tout	18.13	137723	410988	4.21	{"status":"ok","n":45845,"kmax":5,"balls":1407885,"clusters":46,"catalogue_s":3.699,"tower_s":0.430,"head_s":0.043}
1	base	18.20	184672	398396	4.13	{"status":"ok","n":45845,"kmax":5,"balls":1407885,"clusters":46,"catalogue_s":3.491,"tower_s":0.526,"head_s":0.068}
2	tout	18.18	137604	406788	3.77	{"status":"ok","n":45845,"kmax":5,"balls":1407885,"clusters":46,"catalogue_s":3.129,"tower_s":0.566,"head_s":0.047}
2	base	18.17	183723	398072	3.87	{"status":"ok","n":45845,"kmax":5,"balls":1407885,"clusters":46,"catalogue_s":3.220,"tower_s":0.550,"head_s":0.060}
2	v2	18.95	189774	409392	3.99	{"status":"ok","n":45845,"kmax":5,"balls":1407885,"clusters":46,"catalogue_s":3.278,"tower_s":0.616,"head_s":0.051}
3	base	18.95	187316	402956	4.58	{"status":"ok","n":45845,"kmax":5,"balls":1407885,"clusters":46,"catalogue_s":3.942,"tower_s":0.530,"head_s":0.056}
3	v2	18.72	188907	405036	4.33	{"status":"ok","n":45845,"kmax":5,"balls":1407885,"clusters":46,"catalogue_s":3.592,"tower_s":0.658,"head_s":0.035}
3	tout	18.82	136539	408108	4.09	{"status":"ok","n":45845,"kmax":5,"balls":1407885,"clusters":46,"catalogue_s":3.414,"tower_s":0.605,"head_s":0.043}
4	v2	18.76	188702	407976	4.10	{"status":"ok","n":45845,"kmax":5,"balls":1407885,"clusters":46,"catalogue_s":3.448,"tower_s":0.567,"head_s":0.034}
4	tout	18.37	134757	407476	3.41	{"status":"ok","n":45845,"kmax":5,"balls":1407885,"clusters":46,"catalogue_s":2.850,"tower_s":0.497,"head_s":0.036}
4	base	17.78	187434	400128	3.82	{"status":"ok","n":45845,"kmax":5,"balls":1407885,"clusters":46,"catalogue_s":3.245,"tower_s":0.460,"head_s":0.064}
5	tout	17.78	135677	408428	3.32	{"status":"ok","n":45845,"kmax":5,"balls":1407885,"clusters":46,"catalogue_s":2.824,"tower_s":0.430,"head_s":0.040}
5	base	17.72	188583	402788	3.80	{"status":"ok","n":45845,"kmax":5,"balls":1407885,"clusters":46,"catalogue_s":3.206,"tower_s":0.490,"head_s":0.061}
5	v2	17.58	189794	408076	3.99	{"status":"ok","n":45845,"kmax":5,"balls":1407885,"clusters":46,"catalogue_s":3.296,"tower_s":0.611,"head_s":0.035}
6	base	17.54	187995	405572	3.97	{"status":"ok","n":45845,"kmax":5,"balls":1407885,"clusters":46,"catalogue_s":3.321,"tower_s":0.536,"head_s":0.058}
6	v2	17.54	189733	408400	3.78	{"status":"ok","n":45845,"kmax":5,"balls":1407885,"clusters":46,"catalogue_s":3.114,"tower_s":0.584,"head_s":0.034}
6	tout	17.17	137063	409312	3.54	{"status":"ok","n":45845,"kmax":5,"balls":1407885,"clusters":46,"catalogue_s":2.879,"tower_s":0.579,"head_s":0.045}
7	v2	17.00	187424	408724	4.09	{"status":"ok","n":45845,"kmax":5,"balls":1407885,"clusters":46,"catalogue_s":3.256,"tower_s":0.730,"head_s":0.057}
7	tout	17.08	135650	407024	3.22	{"status":"ok","n":45845,"kmax":5,"balls":1407885,"clusters":46,"catalogue_s":2.730,"tower_s":0.402,"head_s":0.044}
7	base	17.08	187265	402292	3.33	{"status":"ok","n":45845,"kmax":5,"balls":1407885,"clusters":46,"catalogue_s":2.820,"tower_s":0.411,"head_s":0.052}
8	tout	17.07	135306	411524	3.23	{"status":"ok","n":45845,"kmax":5,"balls":1407885,"clusters":46,"catalogue_s":2.602,"tower_s":0.565,"head_s":0.041}
8	base	16.91	189303	403600	3.57	{"status":"ok","n":45845,"kmax":5,"balls":1407885,"clusters":46,"catalogue_s":3.061,"tower_s":0.387,"head_s":0.080}
8	v2	16.91	186401	407680	3.45	{"status":"ok","n":45845,"kmax":5,"balls":1407885,"clusters":46,"catalogue_s":2.798,"tower_s":0.574,"head_s":0.033}
9	base	16.59	184737	402380	3.40	{"status":"ok","n":45845,"kmax":5,"balls":1407885,"clusters":46,"catalogue_s":2.821,"tower_s":0.470,"head_s":0.065}
9	v2	16.22	185704	408848	3.47	{"status":"ok","n":45845,"kmax":5,"balls":1407885,"clusters":46,"catalogue_s":2.880,"tower_s":0.442,"head_s":0.053}
9	tout	16.22	136715	409680	3.19	{"status":"ok","n":45845,"kmax":5,"balls":1407885,"clusters":46,"catalogue_s":2.622,"tower_s":0.506,"head_s":0.030}
10	v2	16.05	189628	412712	4.30	{"status":"ok","n":45845,"kmax":5,"balls":1407885,"clusters":46,"catalogue_s":3.521,"tower_s":0.665,"head_s":0.048}
10	tout	16.12	138706	410356	5.31	{"status":"ok","n":45845,"kmax":5,"balls":1407885,"clusters":46,"catalogue_s":4.556,"tower_s":0.665,"head_s":0.051}
10	base	16.43	188961	405464	5.93	{"status":"ok","n":45845,"kmax":5,"balls":1407885,"clusters":46,"catalogue_s":4.947,"tower_s":0.871,"head_s":0.071}
11	tout	16.80	134278	408800	5.66	{"status":"ok","n":45845,"kmax":5,"balls":1407885,"clusters":46,"catalogue_s":4.509,"tower_s":1.024,"head_s":0.079}
11	base	17.22	188517	405692	6.62	{"status":"ok","n":45845,"kmax":5,"balls":1407885,"clusters":46,"catalogue_s":5.476,"tower_s":0.900,"head_s":0.157}
11	v2	17.87	186295	411840	6.36	{"status":"ok","n":45845,"kmax":5,"balls":1407885,"clusters":46,"catalogue_s":5.186,"tower_s":1.085,"head_s":0.037}
